2026-09-12T04:33:50.4276902Z Current runner version: '2.337.0'
2026-09-12T04:33:50.4299232Z ##[group]Runner Image Provisioner
2026-09-12T04:33:50.4299910Z Hosted Compute Agent
2026-09-12T04:33:50.4300462Z Version: 20260828.587
2026-09-12T04:33:50.4301024Z Commit: abac92662cab4cc7352de4f9f9d2e2419aad9c29
2026-09-12T04:33:50.4301672Z Build Date: 2026-08-28T16:44:25Z
2026-09-12T04:33:50.4302233Z Worker ID: {66bf4f5f-f5c8-407c-b67a-3a0b16df99a8}
2026-09-12T04:33:50.4302806Z Azure Region: eastus
2026-09-12T04:33:50.4303314Z ##[endgroup]
2026-09-12T04:33:50.4304371Z ##[group]Operating System
2026-09-12T04:33:50.4304883Z Ubuntu
2026-09-12T04:33:50.4305381Z 24.04.5
2026-09-12T04:33:50.4305800Z LTS
2026-09-12T04:33:50.4306248Z ##[endgroup]
2026-09-12T04:33:50.4307028Z ##[group]Runner Image
2026-09-12T04:33:50.4307571Z Image: ubuntu-24.04
2026-09-12T04:33:50.4308048Z Version: 20260907.300.1
2026-09-12T04:33:50.4309110Z Included Software: https://github.com/actions/runner-images/blob/ubuntu24/20260907.300/images/ubuntu/Ubuntu2404-Readme.md
2026-09-12T04:33:50.4310344Z Image Release: https://github.com/actions/runner-images/releases/tag/ubuntu24%2F20260907.300
2026-09-12T04:33:50.4311160Z ##[endgroup]
2026-09-12T04:33:50.4312066Z ##[group]GITHUB_TOKEN Permissions
2026-09-12T04:33:50.4313712Z Contents: read
2026-09-12T04:33:50.4314200Z Metadata: read
2026-09-12T04:33:50.4314640Z ##[endgroup]
2026-09-12T04:33:50.4316518Z Secret source: Actions
2026-09-12T04:33:50.4317295Z Cache mode: write
2026-09-12T04:33:50.4317943Z Prepare workflow directory
2026-09-12T04:33:50.4619805Z Prepare all required actions
2026-09-12T04:33:50.4659896Z Getting action download info
2026-09-12T04:33:50.6448591Z Download action repository 'actions/checkout@v7' (SHA:3d3c42e5aac5ba805825da76410c181273ba90b1)
2026-09-12T04:33:50.7362017Z Download action repository 'actions/setup-node@v7' (SHA:820762786026740c76f36085b0efc47a31fe5020)
2026-09-12T04:33:50.9263110Z Complete job name: node22-compatibility
2026-09-12T04:33:50.9868128Z ##[group]Run actions/checkout@v7
2026-09-12T04:33:50.9868796Z with:
2026-09-12T04:33:50.9869148Z   persist-credentials: false
2026-09-12T04:33:50.9869542Z   fetch-depth: 0
2026-09-12T04:33:50.9869886Z   repository: ajhcs/ushso
2026-09-12T04:33:50.9873139Z   token: ***
2026-09-12T04:33:50.9873494Z   ssh-strict: true
2026-09-12T04:33:50.9873849Z   ssh-user: git
2026-09-12T04:33:50.9874181Z   clean: true
2026-09-12T04:33:50.9874530Z   sparse-checkout-cone-mode: true
2026-09-12T04:33:50.9874939Z   fetch-tags: false
2026-09-12T04:33:50.9875282Z   show-progress: true
2026-09-12T04:33:50.9875627Z   lfs: false
2026-09-12T04:33:50.9875945Z   submodules: false
2026-09-12T04:33:50.9876291Z   set-safe-directory: true
2026-09-12T04:33:50.9876835Z   allow-unsafe-pr-checkout: false
2026-09-12T04:33:50.9877383Z env:
2026-09-12T04:33:50.9877689Z   CI: 1
2026-09-12T04:33:50.9878022Z   USHSO_LIVE_SOURCE_REQUESTS: forbidden
2026-09-12T04:33:50.9878472Z   USHSO_ALLOW_LIVE_SOURCE_REQUESTS: 0
2026-09-12T04:33:50.9878993Z   USHSO_NETWORK_POLICY: authoritative-sources-forbidden
2026-09-12T04:33:50.9879506Z   USHSO_ALLOW_RECEIPT_WRITES: 0
2026-09-12T04:33:50.9879913Z   USHSO_RECEIPT_MODE: verify-only
2026-09-12T04:33:50.9880318Z ##[endgroup]
2026-09-12T04:33:51.0702547Z Syncing repository: ajhcs/ushso
2026-09-12T04:33:51.0704732Z ##[group]Getting Git version info
2026-09-12T04:33:51.0705550Z Working directory is '/home/runner/work/ushso/ushso'
2026-09-12T04:33:51.0706862Z [command]/usr/bin/git version
2026-09-12T04:33:51.0759342Z git version 2.55.0
2026-09-12T04:33:51.0778778Z ##[endgroup]
2026-09-12T04:33:51.0785360Z Temporarily overriding HOME='/home/runner/work/_temp/a1a420ce-4bad-4623-b098-b23b3f79fef7' before making global git config changes
2026-09-12T04:33:51.0787436Z Adding repository directory to the temporary git global config as a safe directory
2026-09-12T04:33:51.0791473Z [command]/usr/bin/git config --global --add safe.directory /home/runner/work/ushso/ushso
2026-09-12T04:33:51.0833700Z Deleting the contents of '/home/runner/work/ushso/ushso'
2026-09-12T04:33:51.0837136Z ##[group]Determining repository object format
2026-09-12T04:33:51.0838702Z ##[endgroup]
2026-09-12T04:33:51.0839597Z ##[group]Initializing the repository
2026-09-12T04:33:51.0842823Z [command]/usr/bin/git init /home/runner/work/ushso/ushso
2026-09-12T04:33:51.1024664Z hint: Using 'master' as the name for the initial branch. This default branch name
2026-09-12T04:33:51.1025555Z hint: will change to "main" in Git 3.0. To configure the initial branch name
2026-09-12T04:33:51.1026277Z hint: to use in all of your new repositories, which will suppress this warning,
2026-09-12T04:33:51.1027600Z hint: call:
2026-09-12T04:33:51.1028088Z hint:
2026-09-12T04:33:51.1028707Z hint: 	git config --global init.defaultBranch <name>
2026-09-12T04:33:51.1029458Z hint:
2026-09-12T04:33:51.1030171Z hint: Names commonly chosen instead of 'master' are 'main', 'trunk' and
2026-09-12T04:33:51.1031318Z hint: 'development'. The just-created branch can be renamed via this command:
2026-09-12T04:33:51.1032208Z hint:
2026-09-12T04:33:51.1032739Z hint: 	git branch -m <name>
2026-09-12T04:33:51.1033297Z hint:
2026-09-12T04:33:51.1034024Z hint: Disable this message with "git config set advice.defaultBranchName false"
2026-09-12T04:33:51.1035187Z Initialized empty Git repository in /home/runner/work/ushso/ushso/.git/
2026-09-12T04:33:51.1040753Z [command]/usr/bin/git remote add origin https://github.com/ajhcs/ushso
2026-09-12T04:33:51.1079342Z ##[endgroup]
2026-09-12T04:33:51.1080264Z ##[group]Disabling automatic garbage collection
2026-09-12T04:33:51.1082580Z [command]/usr/bin/git config --local gc.auto 0
2026-09-12T04:33:51.1121372Z ##[endgroup]
2026-09-12T04:33:51.1122300Z ##[group]Setting up auth
2026-09-12T04:33:51.1122988Z Removing SSH command configuration
2026-09-12T04:33:51.1127555Z [command]/usr/bin/git config --local --name-only --get-regexp core\.sshCommand
2026-09-12T04:33:51.1160829Z [command]/usr/bin/git submodule foreach --recursive sh -c "git config --local --name-only --get-regexp 'core\.sshCommand' && git config --local --unset-all 'core.sshCommand' || :"
2026-09-12T04:33:51.1451499Z Removing HTTP extra header
2026-09-12T04:33:51.1457049Z [command]/usr/bin/git config --local --name-only --get-regexp http\.https\:\/\/github\.com\/\.extraheader
2026-09-12T04:33:51.1487311Z [command]/usr/bin/git submodule foreach --recursive sh -c "git config --local --name-only --get-regexp 'http\.https\:\/\/github\.com\/\.extraheader' && git config --local --unset-all 'http.https://github.com/.extraheader' || :"
2026-09-12T04:33:51.1676308Z Removing includeIf entries pointing to credentials config files
2026-09-12T04:33:51.1681202Z [command]/usr/bin/git config --local --name-only --get-regexp ^includeIf\.gitdir:
2026-09-12T04:33:51.1710000Z [command]/usr/bin/git submodule foreach --recursive git config --local --show-origin --name-only --get-regexp remote.origin.url
2026-09-12T04:33:51.1899351Z [command]/usr/bin/git config --file /home/runner/work/_temp/git-credentials-f2329f96-0608-401e-903f-287ccb8852d3.config http.https://github.com/.extraheader AUTHORIZATION: basic ***
2026-09-12T04:33:51.1932199Z [command]/usr/bin/git config --local includeIf.gitdir:/home/runner/work/ushso/ushso/.git.path /home/runner/work/_temp/git-credentials-f2329f96-0608-401e-903f-287ccb8852d3.config
2026-09-12T04:33:51.1959382Z [command]/usr/bin/git config --local includeIf.gitdir:/home/runner/work/ushso/ushso/.git/worktrees/*.path /home/runner/work/_temp/git-credentials-f2329f96-0608-401e-903f-287ccb8852d3.config
2026-09-12T04:33:51.2189511Z [command]/usr/bin/git config --local includeIf.gitdir:/github/workspace/.git.path /github/runner_temp/git-credentials-f2329f96-0608-401e-903f-287ccb8852d3.config
2026-09-12T04:33:51.2220073Z [command]/usr/bin/git config --local includeIf.gitdir:/github/workspace/.git/worktrees/*.path /github/runner_temp/git-credentials-f2329f96-0608-401e-903f-287ccb8852d3.config
2026-09-12T04:33:51.2246823Z ##[endgroup]
2026-09-12T04:33:51.2247482Z ##[group]Fetching the repository
2026-09-12T04:33:51.2252979Z [command]/usr/bin/git -c protocol.version=2 fetch --no-tags --prune --no-recurse-submodules origin +refs/heads/*:refs/remotes/origin/* +refs/tags/*:refs/tags/* +fc2f66fd7dc905957bbf0c230f9a9e439fa3a23c:refs/remotes/pull/25/merge
2026-09-12T04:33:52.9135173Z From https://github.com/ajhcs/ushso
2026-09-12T04:33:52.9137604Z  * [new branch]      codex/catalog-recovery                   -> origin/codex/catalog-recovery
2026-09-12T04:33:52.9141035Z  * [new branch]      codex/ce-ushso-pr005-pr007-grok-2-grok-pr005-freshness-bc035ae77aee-88a2a621 -> origin/codex/ce-ushso-pr005-pr007-grok-2-grok-pr005-freshness-bc035ae77aee-88a2a621
2026-09-12T04:33:52.9146126Z  * [new branch]      codex/ce-ushso-pr005-pr007-grok-2-grok-pr007-release-bindi-bc035ae77aee-709c2d6f -> origin/codex/ce-ushso-pr005-pr007-grok-2-grok-pr007-release-bindi-bc035ae77aee-709c2d6f
2026-09-12T04:33:52.9152724Z  * [new branch]      codex/ce-ushso-pr086-wp11-grok-20-pr086-wp11-current-input-d5d7f0169e56-ebf15eab -> origin/codex/ce-ushso-pr086-wp11-grok-20-pr086-wp11-current-input-d5d7f0169e56-ebf15eab
2026-09-12T04:33:52.9156605Z  * [new branch]      codex/pr-001-release-baseline            -> origin/codex/pr-001-release-baseline
2026-09-12T04:33:52.9159152Z  * [new branch]      codex/research-cohorts-pr002-20260910    -> origin/codex/research-cohorts-pr002-20260910
2026-09-12T04:33:52.9161526Z  * [new branch]      codex/research-navigator-cas-hardening   -> origin/codex/research-navigator-cas-hardening
2026-09-12T04:33:52.9164699Z  * [new branch]      codex/research-navigator-connector-safety -> origin/codex/research-navigator-connector-safety
2026-09-12T04:33:52.9167537Z  * [new branch]      codex/research-navigator-db-attestation  -> origin/codex/research-navigator-db-attestation
2026-09-12T04:33:52.9170081Z  * [new branch]      codex/research-navigator-db-operations   -> origin/codex/research-navigator-db-operations
2026-09-12T04:33:52.9172707Z  * [new branch]      codex/research-navigator-handoff         -> origin/codex/research-navigator-handoff
2026-09-12T04:33:52.9175059Z  * [new branch]      codex/research-navigator-integration     -> origin/codex/research-navigator-integration
2026-09-12T04:33:52.9177557Z  * [new branch]      codex/research-navigator-successor       -> origin/codex/research-navigator-successor
2026-09-12T04:33:52.9180081Z  * [new branch]      codex/research-program-integration-20260910 -> origin/codex/research-program-integration-20260910
2026-09-12T04:33:52.9182495Z  * [new branch]      codex/stage0-competition-freeze          -> origin/codex/stage0-competition-freeze
2026-09-12T04:33:52.9184824Z  * [new branch]      codex/ushso-pr003-deepseek-20260910t220020z -> origin/codex/ushso-pr003-deepseek-20260910t220020z
2026-09-12T04:33:52.9188321Z  * [new branch]      codex/ushso-pr003-pr004-pr085-composition-20260911 -> origin/codex/ushso-pr003-pr004-pr085-composition-20260911
2026-09-12T04:33:52.9192495Z  * [new branch]      codex/ushso-pr004-field-states-20260910  -> origin/codex/ushso-pr004-field-states-20260910
2026-09-12T04:33:52.9196945Z  * [new branch]      codex/ushso-pr005-pr086-controller-combined-20260911 -> origin/codex/ushso-pr005-pr086-controller-combined-20260911
2026-09-12T04:33:52.9201019Z  * [new branch]      codex/ushso-pr006-facets-isolation-20260911 -> origin/codex/ushso-pr006-facets-isolation-20260911
2026-09-12T04:33:52.9204099Z  * [new branch]      codex/ushso-pr006-pr008-combined-20260911 -> origin/codex/ushso-pr006-pr008-combined-20260911
2026-09-12T04:33:52.9206956Z  * [new branch]      codex/ushso-pr008-variable-identity-20260911 -> origin/codex/ushso-pr008-variable-identity-20260911
2026-09-12T04:33:52.9209811Z  * [new branch]      codex/ushso-pr085-ci-attestation-20260910 -> origin/codex/ushso-pr085-ci-attestation-20260910
2026-09-12T04:33:52.9212946Z  * [new branch]      codex/ushso-research-automation-20260907 -> origin/codex/ushso-research-automation-20260907
2026-09-12T04:33:52.9215262Z  * [new branch]      cursor/ui-ux-review-3002                 -> origin/cursor/ui-ux-review-3002
2026-09-12T04:33:52.9217213Z  * [new branch]      main                                     -> origin/main
2026-09-12T04:33:52.9219267Z  * [new tag]         research-assets-153f7b8c89340958         -> research-assets-153f7b8c89340958
2026-09-12T04:33:52.9222498Z  * [new tag]         webmcp-challenge-submission-2026-09-03   -> webmcp-challenge-submission-2026-09-03
2026-09-12T04:33:52.9225866Z  * [new ref]         fc2f66fd7dc905957bbf0c230f9a9e439fa3a23c -> pull/25/merge
2026-09-12T04:33:52.9231482Z ##[endgroup]
2026-09-12T04:33:52.9233510Z ##[group]Determining the checkout info
2026-09-12T04:33:52.9235890Z ##[endgroup]
2026-09-12T04:33:52.9237253Z [command]/usr/bin/git sparse-checkout disable
2026-09-12T04:33:52.9239957Z [command]/usr/bin/git config --local --unset-all extensions.worktreeConfig
2026-09-12T04:33:52.9243048Z ##[group]Checking out the ref
2026-09-12T04:33:52.9244981Z [command]/usr/bin/git checkout --progress --force refs/remotes/pull/25/merge
2026-09-12T04:33:53.2249340Z Note: switching to 'refs/remotes/pull/25/merge'.
2026-09-12T04:33:53.2249773Z 
2026-09-12T04:33:53.2250100Z You are in 'detached HEAD' state. You can look around, make experimental
2026-09-12T04:33:53.2250788Z changes and commit them, and you can discard any commits you make in this
2026-09-12T04:33:53.2251270Z state without impacting any branches by switching back to a branch.
2026-09-12T04:33:53.2251507Z 
2026-09-12T04:33:53.2251689Z If you want to create a new branch to retain commits you create, you may
2026-09-12T04:33:53.2252106Z do so (now or later) by using -c with the switch command. Example:
2026-09-12T04:33:53.2252335Z 
2026-09-12T04:33:53.2252446Z   git switch -c <new-branch-name>
2026-09-12T04:33:53.2252611Z 
2026-09-12T04:33:53.2252717Z Or undo this operation with:
2026-09-12T04:33:53.2252872Z 
2026-09-12T04:33:53.2252988Z   git switch -
2026-09-12T04:33:53.2253131Z 
2026-09-12T04:33:53.2253345Z Turn off this advice by setting config variable advice.detachedHead to false
2026-09-12T04:33:53.2253601Z 
2026-09-12T04:33:53.2254141Z HEAD is now at fc2f66f Merge 954a237a8984d06f5ea0ab15f83c71ce210bf09a into 9e00d4e09514e1dd30672e19a3cbef4171955b00
2026-09-12T04:33:53.2273724Z ##[endgroup]
2026-09-12T04:33:53.2313272Z [command]/usr/bin/git log -1 --format=%H
2026-09-12T04:33:53.2338214Z fc2f66fd7dc905957bbf0c230f9a9e439fa3a23c
2026-09-12T04:33:53.2345775Z ##[group]Removing auth
2026-09-12T04:33:53.2346090Z Removing SSH command configuration
2026-09-12T04:33:53.2349765Z [command]/usr/bin/git config --local --name-only --get-regexp core\.sshCommand
2026-09-12T04:33:53.2380441Z [command]/usr/bin/git submodule foreach --recursive sh -c "git config --local --name-only --get-regexp 'core\.sshCommand' && git config --local --unset-all 'core.sshCommand' || :"
2026-09-12T04:33:53.2576102Z Removing HTTP extra header
2026-09-12T04:33:53.2579304Z [command]/usr/bin/git config --local --name-only --get-regexp http\.https\:\/\/github\.com\/\.extraheader
2026-09-12T04:33:53.2618221Z [command]/usr/bin/git submodule foreach --recursive sh -c "git config --local --name-only --get-regexp 'http\.https\:\/\/github\.com\/\.extraheader' && git config --local --unset-all 'http.https://github.com/.extraheader' || :"
2026-09-12T04:33:53.2809230Z Removing includeIf entries pointing to credentials config files
2026-09-12T04:33:53.2809735Z [command]/usr/bin/git config --local --name-only --get-regexp ^includeIf\.gitdir:
2026-09-12T04:33:53.2834048Z includeif.gitdir:/home/runner/work/ushso/ushso/.git.path
2026-09-12T04:33:53.2834695Z includeif.gitdir:/home/runner/work/ushso/ushso/.git/worktrees/*.path
2026-09-12T04:33:53.2835070Z includeif.gitdir:/github/workspace/.git.path
2026-09-12T04:33:53.2835410Z includeif.gitdir:/github/workspace/.git/worktrees/*.path
2026-09-12T04:33:53.2841132Z [command]/usr/bin/git config --local --get-all includeif.gitdir:/home/runner/work/ushso/ushso/.git.path
2026-09-12T04:33:53.2863235Z /home/runner/work/_temp/git-credentials-f2329f96-0608-401e-903f-287ccb8852d3.config
2026-09-12T04:33:53.2871706Z [command]/usr/bin/git config --local --unset includeif.gitdir:/home/runner/work/ushso/ushso/.git.path \/home\/runner\/work\/_temp\/git\-credentials\-f2329f96\-0608\-401e\-903f\-287ccb8852d3\.config
2026-09-12T04:33:53.2900378Z [command]/usr/bin/git config --local --get-all includeif.gitdir:/home/runner/work/ushso/ushso/.git/worktrees/*.path
2026-09-12T04:33:53.2956144Z /home/runner/work/_temp/git-credentials-f2329f96-0608-401e-903f-287ccb8852d3.config
2026-09-12T04:33:53.2962306Z [command]/usr/bin/git config --local --unset includeif.gitdir:/home/runner/work/ushso/ushso/.git/worktrees/*.path \/home\/runner\/work\/_temp\/git\-credentials\-f2329f96\-0608\-401e\-903f\-287ccb8852d3\.config
2026-09-12T04:33:53.2990196Z [command]/usr/bin/git config --local --get-all includeif.gitdir:/github/workspace/.git.path
2026-09-12T04:33:53.3013148Z /github/runner_temp/git-credentials-f2329f96-0608-401e-903f-287ccb8852d3.config
2026-09-12T04:33:53.3084628Z [command]/usr/bin/git config --local --unset includeif.gitdir:/github/workspace/.git.path \/github\/runner_temp\/git\-credentials\-f2329f96\-0608\-401e\-903f\-287ccb8852d3\.config
2026-09-12T04:33:53.3118595Z [command]/usr/bin/git config --local --get-all includeif.gitdir:/github/workspace/.git/worktrees/*.path
2026-09-12T04:33:53.3119506Z /github/runner_temp/git-credentials-f2329f96-0608-401e-903f-287ccb8852d3.config
2026-09-12T04:33:53.3124086Z [command]/usr/bin/git config --local --unset includeif.gitdir:/github/workspace/.git/worktrees/*.path \/github\/runner_temp\/git\-credentials\-f2329f96\-0608\-401e\-903f\-287ccb8852d3\.config
2026-09-12T04:33:53.3165387Z [command]/usr/bin/git submodule foreach --recursive git config --local --show-origin --name-only --get-regexp remote.origin.url
2026-09-12T04:33:53.3354455Z Removing credentials config '/home/runner/work/_temp/git-credentials-f2329f96-0608-401e-903f-287ccb8852d3.config'
2026-09-12T04:33:53.3362419Z ##[endgroup]
2026-09-12T04:33:53.3569187Z ##[group]Run actions/setup-node@v7
2026-09-12T04:33:53.3569472Z with:
2026-09-12T04:33:53.3569685Z   node-version: 22.15.0
2026-09-12T04:33:53.3569911Z   cache: npm
2026-09-12T04:33:53.3570121Z   check-latest: false
2026-09-12T04:33:53.3572320Z   token: ***
2026-09-12T04:33:53.3572550Z   package-manager-cache: true
2026-09-12T04:33:53.3572797Z env:
2026-09-12T04:33:53.3572991Z   CI: 1
2026-09-12T04:33:53.3573204Z   USHSO_LIVE_SOURCE_REQUESTS: forbidden
2026-09-12T04:33:53.3573484Z   USHSO_ALLOW_LIVE_SOURCE_REQUESTS: 0
2026-09-12T04:33:53.3573796Z   USHSO_NETWORK_POLICY: authoritative-sources-forbidden
2026-09-12T04:33:53.3574112Z   USHSO_ALLOW_RECEIPT_WRITES: 0
2026-09-12T04:33:53.3574366Z   USHSO_RECEIPT_MODE: verify-only
2026-09-12T04:33:53.3574608Z ##[endgroup]
2026-09-12T04:33:53.4596993Z Attempting to download 22.15.0...
2026-09-12T04:33:53.9052973Z Acquiring 22.15.0 - x64 from https://github.com/actions/node-versions/releases/download/22.15.0-14621731016/node-22.15.0-linux-x64.tar.gz
2026-09-12T04:33:54.2902146Z Extracting ...
2026-09-12T04:33:54.2999575Z [command]/usr/bin/tar xz --strip 1 --warning=no-unknown-keyword --overwrite -C /home/runner/work/_temp/1e83eaca-5eb3-41e9-9d43-73086cd1dd76 -f /home/runner/work/_temp/b2553a53-e47c-426e-a2cf-d1508f45a609
2026-09-12T04:33:55.2982624Z Adding to the cache ...
2026-09-12T04:33:57.4198899Z ##[group]Environment details
2026-09-12T04:33:57.5883322Z node: v22.15.0
2026-09-12T04:33:57.5884025Z npm: 10.9.2
2026-09-12T04:33:57.5884695Z yarn: 1.22.22
2026-09-12T04:33:57.5885472Z ##[endgroup]
2026-09-12T04:33:57.5898057Z [command]/opt/hostedtoolcache/node/22.15.0/x64/bin/npm config get cache
2026-09-12T04:33:57.6626641Z /home/runner/.npm
2026-09-12T04:33:57.7214298Z npm cache is not found
2026-09-12T04:33:57.7363208Z ##[group]Run npm install --global npm@11.19.1 --ignore-scripts --no-audit --no-fund
2026-09-12T04:33:57.7363754Z [36;1mnpm install --global npm@11.19.1 --ignore-scripts --no-audit --no-fund[0m
2026-09-12T04:33:57.7400964Z shell: /usr/bin/bash -e {0}
2026-09-12T04:33:57.7401209Z env:
2026-09-12T04:33:57.7401382Z   CI: 1
2026-09-12T04:33:57.7401548Z   USHSO_LIVE_SOURCE_REQUESTS: forbidden
2026-09-12T04:33:57.7401800Z   USHSO_ALLOW_LIVE_SOURCE_REQUESTS: 0
2026-09-12T04:33:57.7402282Z   USHSO_NETWORK_POLICY: authoritative-sources-forbidden
2026-09-12T04:33:57.7402548Z   USHSO_ALLOW_RECEIPT_WRITES: 0
2026-09-12T04:33:57.7402755Z   USHSO_RECEIPT_MODE: verify-only
2026-09-12T04:33:57.7402960Z ##[endgroup]
2026-09-12T04:34:00.9694278Z 
2026-09-12T04:34:00.9699292Z removed 84 packages, and changed 105 packages in 3s
2026-09-12T04:34:01.0112370Z ##[group]Run npm ci --ignore-scripts --no-audit --no-fund
2026-09-12T04:34:01.0112746Z [36;1mnpm ci --ignore-scripts --no-audit --no-fund[0m
2026-09-12T04:34:01.0146673Z shell: /usr/bin/bash -e {0}
2026-09-12T04:34:01.0146900Z env:
2026-09-12T04:34:01.0147085Z   CI: 1
2026-09-12T04:34:01.0147260Z   USHSO_LIVE_SOURCE_REQUESTS: forbidden
2026-09-12T04:34:01.0147533Z   USHSO_ALLOW_LIVE_SOURCE_REQUESTS: 0
2026-09-12T04:34:01.0147796Z   USHSO_NETWORK_POLICY: authoritative-sources-forbidden
2026-09-12T04:34:01.0148060Z   USHSO_ALLOW_RECEIPT_WRITES: 0
2026-09-12T04:34:01.0148264Z   USHSO_RECEIPT_MODE: verify-only
2026-09-12T04:34:01.0148487Z ##[endgroup]
2026-09-12T04:34:05.7032775Z 
2026-09-12T04:34:05.7033445Z added 188 packages in 5s
2026-09-12T04:34:05.8942669Z ##[group]Run npm ls ajv --all
2026-09-12T04:34:05.8942931Z [36;1mnpm ls ajv --all[0m
2026-09-12T04:34:05.8974642Z shell: /usr/bin/bash -e {0}
2026-09-12T04:34:05.8974861Z env:
2026-09-12T04:34:05.8975029Z   CI: 1
2026-09-12T04:34:05.8975193Z   USHSO_LIVE_SOURCE_REQUESTS: forbidden
2026-09-12T04:34:05.8975433Z   USHSO_ALLOW_LIVE_SOURCE_REQUESTS: 0
2026-09-12T04:34:05.8975697Z   USHSO_NETWORK_POLICY: authoritative-sources-forbidden
2026-09-12T04:34:05.8975962Z   USHSO_ALLOW_RECEIPT_WRITES: 0
2026-09-12T04:34:05.8976172Z   USHSO_RECEIPT_MODE: verify-only
2026-09-12T04:34:05.8976509Z ##[endgroup]
2026-09-12T04:34:06.2382233Z ushso@0.1.0 /home/runner/work/ushso/ushso
2026-09-12T04:34:06.2383313Z ├─┬ @hackyard/observatory-core-contract@1.0.0 -> ./contracts/core/v1.0.0
2026-09-12T04:34:06.2383944Z │ └── ajv@8.20.0 overridden
2026-09-12T04:34:06.2384703Z ├─┬ @hackyard/observatory-use-access-contract@1.0.0 -> ./contracts/use-access/v1.0.0
2026-09-12T04:34:06.2385514Z │ └── ajv@8.20.0 deduped
2026-09-12T04:34:06.2386085Z ├─┬ @ushso/contract-tooling@1.0.0 -> ./contracts/tooling/v1.0.0
2026-09-12T04:34:06.2386789Z │ └── ajv@8.20.0 deduped
2026-09-12T04:34:06.2387312Z ├─┬ @ushso/core-contract@2.0.0 -> ./contracts/core/v2.0.0
2026-09-12T04:34:06.2387802Z │ └── ajv@8.20.0 deduped
2026-09-12T04:34:06.2388368Z ├─┬ @ushso/coverage-contract@1.0.0 -> ./contracts/coverage/v1.0.0
2026-09-12T04:34:06.2388858Z │ └── ajv@8.20.0 deduped
2026-09-12T04:34:06.2389396Z ├─┬ @ushso/identity-contract@1.0.0 -> ./contracts/identity/v1.0.0
2026-09-12T04:34:06.2389863Z │ └── ajv@8.20.0 deduped
2026-09-12T04:34:06.2390522Z ├─┬ @ushso/ingestion-contract-v1-1@1.1.0 -> ./contracts/ingestion/v1.1.0
2026-09-12T04:34:06.2391101Z │ └── ajv@8.20.0 deduped
2026-09-12T04:34:06.2391698Z ├─┬ @ushso/ingestion-contract@1.0.0 -> ./contracts/ingestion/v1.0.0
2026-09-12T04:34:06.2392251Z │ └── ajv@8.20.0 deduped
2026-09-12T04:34:06.2392956Z ├─┬ @ushso/machine-toolkit-contract@1.0.0 -> ./contracts/machine-toolkit/v1.0.0
2026-09-12T04:34:06.2393574Z │ └── ajv@8.20.0 deduped
2026-09-12T04:34:06.2394370Z ├─┬ @ushso/machine-toolkit-response-successor-v1.1@1.1.0 -> ./contracts/machine-toolkit/v1.1.0
2026-09-12T04:34:06.2395056Z │ └── ajv@8.20.0 deduped
2026-09-12T04:34:06.2395696Z ├─┬ @ushso/machine-toolkit-variable-identity-v1.2@1.2.0 -> ./contracts/machine-toolkit/v1.2.0
2026-09-12T04:34:06.2396299Z │ └── ajv@8.20.0 deduped
2026-09-12T04:34:06.2396971Z ├─┬ @ushso/normalization@1.0.0 -> ./packages/normalization
2026-09-12T04:34:06.2397442Z │ └── ajv@8.20.0 deduped
2026-09-12T04:34:06.2397965Z ├─┬ @ushso/observatory-retrieval@1.1.0 -> ./packages/retrieval
2026-09-12T04:34:06.2398388Z │ └── ajv@8.20.0 deduped
2026-09-12T04:34:06.2398895Z ├─┬ @ushso/publication-contract@1.0.0 -> ./contracts/publication/v1.0.0
2026-09-12T04:34:06.2399528Z │ └── ajv@8.20.0 deduped
2026-09-12T04:34:06.2400058Z ├─┬ @ushso/research-plan-contract@1.0.0 -> ./contracts/research-plan/v1.0.0
2026-09-12T04:34:06.2400817Z │ └── ajv@8.20.0 deduped
2026-09-12T04:34:06.2401343Z ├─┬ @ushso/retrieval-evaluator-v2@2.0.0 -> ./evaluation/harness/v2.0.0
2026-09-12T04:34:06.2401822Z │ └── ajv@8.20.0 deduped
2026-09-12T04:34:06.2402327Z ├─┬ @ushso/verification-wp14@1.0.0 -> ./verification/wp14/v1.0.0
2026-09-12T04:34:06.2403258Z │ └── ajv@8.20.0 deduped
2026-09-12T04:34:06.2403874Z ├─┬ @ushso/verification-wp6@1.0.0 -> ./verification/wp6/v1.0.0
2026-09-12T04:34:06.2404378Z │ └── ajv@8.20.0 deduped
2026-09-12T04:34:06.2404788Z └─┬ @ushso/wp2-verification@1.0.0 -> ./verification/wp2/v1.0.0
2026-09-12T04:34:06.2405084Z   └── ajv@8.20.0 deduped
2026-09-12T04:34:06.2405203Z 
2026-09-12T04:34:06.2499070Z ##[group]Run npm run release:audit
2026-09-12T04:34:06.2499472Z [36;1mnpm run release:audit[0m
2026-09-12T04:34:06.2537736Z shell: /usr/bin/bash -e {0}
2026-09-12T04:34:06.2537953Z env:
2026-09-12T04:34:06.2538111Z   CI: 1
2026-09-12T04:34:06.2538274Z   USHSO_LIVE_SOURCE_REQUESTS: forbidden
2026-09-12T04:34:06.2538524Z   USHSO_ALLOW_LIVE_SOURCE_REQUESTS: 0
2026-09-12T04:34:06.2538794Z   USHSO_NETWORK_POLICY: authoritative-sources-forbidden
2026-09-12T04:34:06.2539056Z   USHSO_ALLOW_RECEIPT_WRITES: 0
2026-09-12T04:34:06.2539256Z   USHSO_RECEIPT_MODE: verify-only
2026-09-12T04:34:06.2539455Z ##[endgroup]
2026-09-12T04:34:06.3310908Z 
2026-09-12T04:34:06.3311500Z > ushso@0.1.0 release:audit
2026-09-12T04:34:06.3311964Z > node scripts/release-audit.mjs
2026-09-12T04:34:06.3312186Z 
2026-09-12T04:34:06.6561727Z {
2026-09-12T04:34:06.6562064Z   "status": "PASS",
2026-09-12T04:34:06.6562338Z   "file_count": 4177,
2026-09-12T04:34:06.6562885Z   "bytes": 84070776,
2026-09-12T04:34:06.6588399Z   "checks": [
2026-09-12T04:34:06.6588777Z     "ignored-artifacts",
2026-09-12T04:34:06.6589146Z     "file-size",
2026-09-12T04:34:06.6589501Z     "absolute-paths",
2026-09-12T04:34:06.6589818Z     "credential-patterns"
2026-09-12T04:34:06.6590133Z   ]
2026-09-12T04:34:06.6590387Z }
2026-09-12T04:34:06.6713609Z ##[group]Run npm test
2026-09-12T04:34:06.6713829Z [36;1mnpm test[0m
2026-09-12T04:34:06.6744928Z shell: /usr/bin/bash -e {0}
2026-09-12T04:34:06.6745134Z env:
2026-09-12T04:34:06.6745290Z   CI: 1
2026-09-12T04:34:06.6745459Z   USHSO_LIVE_SOURCE_REQUESTS: forbidden
2026-09-12T04:34:06.6745696Z   USHSO_ALLOW_LIVE_SOURCE_REQUESTS: 0
2026-09-12T04:34:06.6745974Z   USHSO_NETWORK_POLICY: authoritative-sources-forbidden
2026-09-12T04:34:06.6746264Z   USHSO_ALLOW_RECEIPT_WRITES: 0
2026-09-12T04:34:06.6746662Z   USHSO_RECEIPT_MODE: verify-only
2026-09-12T04:34:06.6746957Z ##[endgroup]
2026-09-12T04:34:06.7534436Z 
2026-09-12T04:34:06.7534931Z > ushso@0.1.0 test
2026-09-12T04:34:06.7535849Z > npm run test:retrieval && npm run test:web && npm run test:worker && npm run test:research-program && npm run test:evaluation && npm run validate:evaluation && npm run verify:research-navigator
2026-09-12T04:34:06.7536517Z 
2026-09-12T04:34:06.8303019Z 
2026-09-12T04:34:06.8303430Z > ushso@0.1.0 test:retrieval
2026-09-12T04:34:06.8303810Z > npm test --workspace @ushso/observatory-retrieval
2026-09-12T04:34:06.8304010Z 
2026-09-12T04:34:06.9713769Z 
2026-09-12T04:34:06.9714192Z > @ushso/observatory-retrieval@1.1.0 test
2026-09-12T04:34:06.9714688Z > node --test tests/*.test.mjs
2026-09-12T04:34:06.9715051Z 
2026-09-12T04:34:07.0187628Z TAP version 13
2026-09-12T04:34:07.9294155Z # Subtest: pinned Toolkit catalog is byte-intact, strict, and exposes all fifteen analyses
2026-09-12T04:34:07.9317628Z ok 1 - pinned Toolkit catalog is byte-intact, strict, and exposes all fifteen analyses
2026-09-12T04:34:07.9350542Z   ---
2026-09-12T04:34:07.9366956Z   duration_ms: 54.234226
2026-09-12T04:34:07.9368546Z   type: 'test'
2026-09-12T04:34:07.9368980Z   ...
2026-09-12T04:34:07.9369799Z # Subtest: profiles, compatibility, semantic joins, and canonical join routes validate strictly
2026-09-12T04:34:07.9370920Z ok 2 - profiles, compatibility, semantic joins, and canonical join routes validate strictly
2026-09-12T04:34:07.9371664Z   ---
2026-09-12T04:34:07.9372377Z   duration_ms: 87.027808
2026-09-12T04:34:07.9372823Z   type: 'test'
2026-09-12T04:34:07.9373499Z   ...
2026-09-12T04:34:07.9374338Z # Subtest: one utilization source yields an honest four-of-five partial HHI card with a missing join
2026-09-12T04:34:07.9420201Z ok 3 - one utilization source yields an honest four-of-five partial HHI card with a missing join
2026-09-12T04:34:07.9426706Z   ---
2026-09-12T04:34:07.9432114Z   duration_ms: 59.305296
2026-09-12T04:34:07.9432454Z   type: 'test'
2026-09-12T04:34:07.9432718Z   ...
2026-09-12T04:34:07.9433403Z # Subtest: two reviewed sources support HHI with exact compatibility and a documented canonical route
2026-09-12T04:34:07.9434416Z ok 4 - two reviewed sources support HHI with exact compatibility and a documented canonical route
2026-09-12T04:34:07.9435017Z   ---
2026-09-12T04:34:07.9435269Z   duration_ms: 41.212224
2026-09-12T04:34:07.9435549Z   type: 'test'
2026-09-12T04:34:07.9435791Z   ...
2026-09-12T04:34:07.9436697Z # Subtest: logical join orientation accepts a correctly inverted stored route and enforces direction
2026-09-12T04:34:07.9437722Z ok 5 - logical join orientation accepts a correctly inverted stored route and enforces direction
2026-09-12T04:34:07.9438303Z   ---
2026-09-12T04:34:07.9438551Z   duration_ms: 5.982149
2026-09-12T04:34:07.9438838Z   type: 'test'
2026-09-12T04:34:07.9439081Z   ...
2026-09-12T04:34:07.9439610Z # Subtest: hospital routes require an explicitly declared hospital alternative
2026-09-12T04:34:07.9440389Z ok 6 - hospital routes require an explicitly declared hospital alternative
2026-09-12T04:34:07.9440861Z   ---
2026-09-12T04:34:07.9441106Z   duration_ms: 3.707279
2026-09-12T04:34:07.9441389Z   type: 'test'
2026-09-12T04:34:07.9441631Z   ...
2026-09-12T04:34:07.9442261Z # Subtest: semantic joins must bind a declared alternative to unambiguous endpoint discriminators
2026-09-12T04:34:07.9443579Z ok 7 - semantic joins must bind a declared alternative to unambiguous endpoint discriminators
2026-09-12T04:34:07.9444160Z   ---
2026-09-12T04:34:07.9444404Z   duration_ms: 1.508635
2026-09-12T04:34:07.9444686Z   type: 'test'
2026-09-12T04:34:07.9444939Z   ...
2026-09-12T04:34:07.9445549Z # Subtest: multi-source properties remain missing without exact-set compatibility evidence
2026-09-12T04:34:07.9446539Z ok 8 - multi-source properties remain missing without exact-set compatibility evidence
2026-09-12T04:34:07.9447072Z   ---
2026-09-12T04:34:07.9447283Z   duration_ms: 1.976079
2026-09-12T04:34:07.9447534Z   type: 'test'
2026-09-12T04:34:07.9447757Z   ...
2026-09-12T04:34:07.9448176Z # Subtest: candidate routes and unapproved period alignment fail closed
2026-09-12T04:34:07.9448839Z ok 9 - candidate routes and unapproved period alignment fail closed
2026-09-12T04:34:07.9449234Z   ---
2026-09-12T04:34:07.9449444Z   duration_ms: 5.955439
2026-09-12T04:34:07.9449692Z   type: 'test'
2026-09-12T04:34:07.9449904Z   ...
2026-09-12T04:34:07.9450452Z # Subtest: a fully documented join path is not downgraded by an unused incompatible alternative
2026-09-12T04:34:07.9451316Z ok 10 - a fully documented join path is not downgraded by an unused incompatible alternative
2026-09-12T04:34:07.9451828Z   ---
2026-09-12T04:34:07.9452058Z   duration_ms: 3.484664
2026-09-12T04:34:07.9452324Z   type: 'test'
2026-09-12T04:34:07.9452549Z   ...
2026-09-12T04:34:07.9453049Z # Subtest: value-kind, unit, and domain mismatches cannot count as covered inputs
2026-09-12T04:34:07.9453804Z ok 11 - value-kind, unit, and domain mismatches cannot count as covered inputs
2026-09-12T04:34:07.9454261Z   ---
2026-09-12T04:34:07.9454487Z   duration_ms: 8.207865
2026-09-12T04:34:07.9454743Z   type: 'test'
2026-09-12T04:34:07.9454966Z   ...
2026-09-12T04:34:07.9455497Z # Subtest: raw or fabricated requirements cannot override the opaque verified handle
2026-09-12T04:34:07.9456714Z ok 12 - raw or fabricated requirements cannot override the opaque verified handle
2026-09-12T04:34:07.9457238Z   ---
2026-09-12T04:34:07.9457460Z   duration_ms: 1.693163
2026-09-12T04:34:07.9457951Z   type: 'test'
2026-09-12T04:34:07.9458161Z   ...
2026-09-12T04:34:07.9458624Z # Subtest: malformed or unresolved evidence is rejected before support can be claimed
2026-09-12T04:34:07.9459386Z ok 13 - malformed or unresolved evidence is rejected before support can be claimed
2026-09-12T04:34:07.9459861Z   ---
2026-09-12T04:34:07.9460091Z   duration_ms: 11.217261
2026-09-12T04:34:07.9460366Z   type: 'test'
2026-09-12T04:34:07.9460606Z   ...
2026-09-12T04:34:07.9461074Z # Subtest: duplicate compatibility and join semantic keys are rejected
2026-09-12T04:34:07.9461759Z ok 14 - duplicate compatibility and join semantic keys are rejected
2026-09-12T04:34:07.9462193Z   ---
2026-09-12T04:34:07.9462424Z   duration_ms: 3.776063
2026-09-12T04:34:07.9462715Z   type: 'test'
2026-09-12T04:34:07.9462952Z   ...
2026-09-12T04:34:07.9463547Z # Subtest: disconnected contributing and unused extra sources cannot produce supported cards
2026-09-12T04:34:07.9464456Z ok 15 - disconnected contributing and unused extra sources cannot produce supported cards
2026-09-12T04:34:07.9465002Z   ---
2026-09-12T04:34:07.9465235Z   duration_ms: 3.69466
2026-09-12T04:34:07.9465502Z   type: 'test'
2026-09-12T04:34:07.9465745Z   ...
2026-09-12T04:34:07.9466251Z # Subtest: evidence changes alter both the evidence digest and Use Card identity
2026-09-12T04:34:07.9467247Z ok 16 - evidence changes alter both the evidence digest and Use Card identity
2026-09-12T04:34:07.9467722Z   ---
2026-09-12T04:34:07.9467953Z   duration_ms: 7.194061
2026-09-12T04:34:07.9468224Z   type: 'test'
2026-09-12T04:34:07.9468465Z   ...
2026-09-12T04:34:07.9469034Z # Subtest: compiler and recommendations are deterministic and match the immutable fixture
2026-09-12T04:34:07.9469881Z ok 17 - compiler and recommendations are deterministic and match the immutable fixture
2026-09-12T04:34:07.9470404Z   ---
2026-09-12T04:34:07.9470637Z   duration_ms: 75.625266
2026-09-12T04:34:07.9470916Z   type: 'test'
2026-09-12T04:34:07.9471154Z   ...
2026-09-12T04:34:07.9471909Z # Subtest: partial recommendation pruning preserves better property and join readiness
2026-09-12T04:34:07.9472728Z ok 18 - partial recommendation pruning preserves better property and join readiness
2026-09-12T04:34:07.9473209Z   ---
2026-09-12T04:34:07.9473416Z   duration_ms: 11.342826
2026-09-12T04:34:07.9473664Z   type: 'test'
2026-09-12T04:34:07.9473906Z   ...
2026-09-12T04:34:07.9474499Z # Subtest: partial recommendation pruning does not prefer derived inputs over direct inputs
2026-09-12T04:34:07.9475317Z ok 19 - partial recommendation pruning does not prefer derived inputs over direct inputs
2026-09-12T04:34:07.9475800Z   ---
2026-09-12T04:34:07.9476007Z   duration_ms: 5.539101
2026-09-12T04:34:07.9476256Z   type: 'test'
2026-09-12T04:34:07.9481904Z   ...
2026-09-12T04:34:07.9482357Z # Subtest: Use Cards cannot contain calculation outputs
2026-09-12T04:34:07.9482967Z ok 20 - Use Cards cannot contain calculation outputs
2026-09-12T04:34:07.9483381Z   ---
2026-09-12T04:34:07.9483669Z   duration_ms: 68.813357
2026-09-12T04:34:07.9484004Z   type: 'test'
2026-09-12T04:34:07.9484264Z   ...
2026-09-12T04:34:07.9484976Z # Subtest: requirement-bound validation rejects disconnected and physically reused supporting edges
2026-09-12T04:34:07.9486045Z ok 21 - requirement-bound validation rejects disconnected and physically reused supporting edges
2026-09-12T04:34:07.9486843Z   ---
2026-09-12T04:34:07.9487085Z   duration_ms: 4.148815
2026-09-12T04:34:07.9487379Z   type: 'test'
2026-09-12T04:34:07.9487642Z   ...
2026-09-12T04:34:07.9488160Z # Subtest: compiler enforces per-card, enumeration, and corpus source bounds
2026-09-12T04:34:07.9488937Z ok 22 - compiler enforces per-card, enumeration, and corpus source bounds
2026-09-12T04:34:07.9489430Z   ---
2026-09-12T04:34:07.9489660Z   duration_ms: 1.154832
2026-09-12T04:34:07.9489931Z   type: 'test'
2026-09-12T04:34:07.9490168Z   ...
2026-09-12T04:34:07.9615696Z # Subtest: strict compatibility successor validates the frozen record corpus without claiming historical recovery
2026-09-12T04:34:07.9637185Z ok 23 - strict compatibility successor validates the frozen record corpus without claiming historical recovery
2026-09-12T04:34:07.9638046Z   ---
2026-09-12T04:34:07.9638407Z   duration_ms: 266.431351
2026-09-12T04:34:07.9638796Z   type: 'test'
2026-09-12T04:34:07.9639145Z   ...
2026-09-12T04:34:07.9639710Z # Subtest: compatibility successor rejects an unknown nested property
2026-09-12T04:34:07.9640459Z ok 24 - compatibility successor rejects an unknown nested property
2026-09-12T04:34:07.9640979Z   ---
2026-09-12T04:34:07.9641322Z   duration_ms: 141.668807
2026-09-12T04:34:07.9641694Z   type: 'test'
2026-09-12T04:34:07.9642056Z   ...
2026-09-12T04:34:07.9642687Z # Subtest: compatibility receipt does not claim historical recovery or digest equivalence
2026-09-12T04:34:07.9643579Z ok 25 - compatibility receipt does not claim historical recovery or digest equivalence
2026-09-12T04:34:07.9644169Z   ---
2026-09-12T04:34:07.9644504Z   duration_ms: 2.511987
2026-09-12T04:34:07.9644901Z   type: 'test'
2026-09-12T04:34:07.9645247Z   ...
2026-09-12T04:34:07.9645786Z # Subtest: compact lexical index preserves complete output: projected
2026-09-12T04:34:07.9646636Z ok 26 - compact lexical index preserves complete output: projected
2026-09-12T04:34:07.9647186Z   ---
2026-09-12T04:34:07.9647530Z   duration_ms: 296.181504
2026-09-12T04:34:07.9647916Z   type: 'test'
2026-09-12T04:34:07.9648257Z   ...
2026-09-12T04:34:07.9648791Z # Subtest: compact lexical index preserves complete output: on_demand
2026-09-12T04:34:07.9649732Z ok 27 - compact lexical index preserves complete output: on_demand
2026-09-12T04:34:07.9650248Z   ---
2026-09-12T04:34:07.9650584Z   duration_ms: 178.621574
2026-09-12T04:34:07.9650953Z   type: 'test'
2026-09-12T04:34:07.9651285Z   ...
2026-09-12T04:34:10.9419544Z # Subtest: production publication contract isolates four incompatible records from all 3,434 inputs
2026-09-12T04:34:10.9428184Z ok 28 - production publication contract isolates four incompatible records from all 3,434 inputs
2026-09-12T04:34:10.9428972Z   ---
2026-09-12T04:34:10.9429398Z   duration_ms: 0.806326
2026-09-12T04:34:10.9429866Z   type: 'test'
2026-09-12T04:34:10.9430251Z   ...
2026-09-12T04:34:10.9431062Z # Subtest: production access and exclusion constraints only narrow the complete hospital result set
2026-09-12T04:34:10.9432226Z ok 29 - production access and exclusion constraints only narrow the complete hospital result set
2026-09-12T04:34:10.9432951Z   ---
2026-09-12T04:34:10.9433328Z   duration_ms: 1515.741114
2026-09-12T04:34:10.9433767Z   type: 'test'
2026-09-12T04:34:10.9434013Z   ...
2026-09-12T04:34:10.9434667Z # Subtest: production public-use and ambiguous public-hospital queries are honest across every result
2026-09-12T04:34:10.9435299Z ok 30 - production public-use and ambiguous public-hospital queries are honest across every result
2026-09-12T04:34:10.9435694Z   ---
2026-09-12T04:34:10.9435865Z   duration_ms: 139.223891
2026-09-12T04:34:10.9436053Z   type: 'test'
2026-09-12T04:34:10.9436226Z   ...
2026-09-12T04:34:10.9436822Z # Subtest: production free-data queries only support records with documented no-fee evidence
2026-09-12T04:34:10.9437365Z ok 31 - production free-data queries only support records with documented no-fee evidence
2026-09-12T04:34:10.9437706Z   ---
2026-09-12T04:34:10.9437874Z   duration_ms: 99.417711
2026-09-12T04:34:10.9438066Z   type: 'test'
2026-09-12T04:34:10.9438224Z   ...
2026-09-12T04:34:10.9438636Z # Subtest: production essential-concept and named-source negatives cannot become documented matches
2026-09-12T04:34:10.9439222Z ok 32 - production essential-concept and named-source negatives cannot become documented matches
2026-09-12T04:34:10.9439565Z   ---
2026-09-12T04:34:10.9439727Z   duration_ms: 295.818882
2026-09-12T04:34:10.9439967Z   type: 'test'
2026-09-12T04:34:10.9440209Z   ...
2026-09-12T04:34:10.9704329Z # Subtest: one malformed record is isolated while valid results remain usable
2026-09-12T04:34:10.9705609Z ok 33 - one malformed record is isolated while valid results remain usable
2026-09-12T04:34:10.9706595Z   ---
2026-09-12T04:34:10.9706856Z   duration_ms: 17.043601
2026-09-12T04:34:10.9707153Z   type: 'test'
2026-09-12T04:34:10.9707398Z   ...
2026-09-12T04:34:10.9708049Z # Subtest: malformed nested collections are typed and isolated without interrupting a valid peer
2026-09-12T04:34:10.9708664Z     # Subtest: provenance
2026-09-12T04:34:10.9708977Z     ok 1 - provenance
2026-09-12T04:34:10.9709260Z       ---
2026-09-12T04:34:10.9709514Z       duration_ms: 5.977893
2026-09-12T04:34:10.9709819Z       type: 'test'
2026-09-12T04:34:10.9710077Z       ...
2026-09-12T04:34:10.9710321Z     # Subtest: evidence
2026-09-12T04:34:10.9710613Z     ok 2 - evidence
2026-09-12T04:34:10.9710871Z       ---
2026-09-12T04:34:10.9711118Z       duration_ms: 1.81123
2026-09-12T04:34:10.9711413Z       type: 'test'
2026-09-12T04:34:10.9711659Z       ...
2026-09-12T04:34:10.9711966Z     # Subtest: retrieval.instructions
2026-09-12T04:34:10.9712381Z     ok 3 - retrieval.instructions
2026-09-12T04:34:10.9712709Z       ---
2026-09-12T04:34:10.9712961Z       duration_ms: 1.748586
2026-09-12T04:34:10.9713265Z       type: 'test'
2026-09-12T04:34:10.9713514Z       ...
2026-09-12T04:34:10.9713740Z     1..3
2026-09-12T04:34:10.9714377Z ok 34 - malformed nested collections are typed and isolated without interrupting a valid peer
2026-09-12T04:34:10.9714955Z   ---
2026-09-12T04:34:10.9715204Z   duration_ms: 12.344241
2026-09-12T04:34:10.9715491Z   type: 'test'
2026-09-12T04:34:10.9715730Z   ...
2026-09-12T04:34:10.9716288Z # Subtest: asset restrictions override references to separate public-use products
2026-09-12T04:34:10.9717259Z ok 35 - asset restrictions override references to separate public-use products
2026-09-12T04:34:10.9717768Z   ---
2026-09-12T04:34:10.9718008Z   duration_ms: 0.630491
2026-09-12T04:34:10.9718336Z   type: 'test'
2026-09-12T04:34:10.9718576Z   ...
2026-09-12T04:34:10.9719485Z # Subtest: structured asset restrictions override contradictory public-direct and public prose assertions
2026-09-12T04:34:10.9720597Z ok 36 - structured asset restrictions override contradictory public-direct and public prose assertions
2026-09-12T04:34:10.9721211Z   ---
2026-09-12T04:34:10.9721450Z   duration_ms: 0.585774
2026-09-12T04:34:10.9721729Z   type: 'test'
2026-09-12T04:34:10.9721972Z   ...
2026-09-12T04:34:10.9722673Z # Subtest: malformed authoritative and retrieval URLs are isolated through the complete response contract
2026-09-12T04:34:10.9723741Z ok 37 - malformed authoritative and retrieval URLs are isolated through the complete response contract
2026-09-12T04:34:10.9724339Z   ---
2026-09-12T04:34:10.9724581Z   duration_ms: 3.676914
2026-09-12T04:34:10.9724855Z   type: 'test'
2026-09-12T04:34:10.9725095Z   ...
2026-09-12T04:34:10.9725766Z # Subtest: HTTP source evidence remains searchable but never creates an inferred HTTPS navigation route
2026-09-12T04:34:10.9726963Z ok 38 - HTTP source evidence remains searchable but never creates an inferred HTTPS navigation route
2026-09-12T04:34:10.9727573Z   ---
2026-09-12T04:34:10.9727822Z   duration_ms: 2.429062
2026-09-12T04:34:10.9728104Z   type: 'test'
2026-09-12T04:34:10.9728364Z   ...
2026-09-12T04:34:10.9729094Z # Subtest: state compatibility separates documented matches from national unknowns and excludes incompatibility
2026-09-12T04:34:10.9730245Z ok 39 - state compatibility separates documented matches from national unknowns and excludes incompatibility
2026-09-12T04:34:10.9730889Z   ---
2026-09-12T04:34:10.9731131Z   duration_ms: 4.998726
2026-09-12T04:34:10.9731406Z   type: 'test'
2026-09-12T04:34:10.9731645Z   ...
2026-09-12T04:34:10.9732279Z # Subtest: cursor pagination traverses a generation without duplicates and facets cover every match
2026-09-12T04:34:10.9733255Z ok 40 - cursor pagination traverses a generation without duplicates and facets cover every match
2026-09-12T04:34:10.9733814Z   ---
2026-09-12T04:34:10.9734060Z   duration_ms: 226.049468
2026-09-12T04:34:10.9734345Z   type: 'test'
2026-09-12T04:34:10.9734602Z   ...
2026-09-12T04:34:10.9735301Z # Subtest: cursor is pinned to generation, filters, sort, and page size
2026-09-12T04:34:10.9735986Z ok 41 - cursor is pinned to generation, filters, sort, and page size
2026-09-12T04:34:10.9736559Z   ---
2026-09-12T04:34:10.9736807Z   duration_ms: 5.153179
2026-09-12T04:34:10.9737081Z   type: 'test'
2026-09-12T04:34:10.9737330Z   ...
2026-09-12T04:34:10.9737942Z # Subtest: named sources are direct records or explicit coverage gaps, never replaced by mentions
2026-09-12T04:34:10.9738880Z ok 42 - named sources are direct records or explicit coverage gaps, never replaced by mentions
2026-09-12T04:34:10.9739435Z   ---
2026-09-12T04:34:10.9739676Z   duration_ms: 4.223287
2026-09-12T04:34:10.9739955Z   type: 'test'
2026-09-12T04:34:10.9740211Z   ...
2026-09-12T04:34:10.9740830Z # Subtest: public payload, exclusions, time uncertainty, and separate chronology remain explicit
2026-09-12T04:34:10.9741786Z ok 43 - public payload, exclusions, time uncertainty, and separate chronology remain explicit
2026-09-12T04:34:10.9742347Z   ---
2026-09-12T04:34:10.9742589Z   duration_ms: 8.733717
2026-09-12T04:34:10.9742865Z   type: 'test'
2026-09-12T04:34:10.9743114Z   ...
2026-09-12T04:34:10.9743774Z # Subtest: free-data intent requires documented no-fee evidence independently of public payload access
2026-09-12T04:34:10.9744785Z ok 44 - free-data intent requires documented no-fee evidence independently of public payload access
2026-09-12T04:34:10.9745364Z   ---
2026-09-12T04:34:10.9745606Z   duration_ms: 2.292106
2026-09-12T04:34:10.9745882Z   type: 'test'
2026-09-12T04:34:10.9746129Z   ...
2026-09-12T04:34:10.9746780Z # Subtest: reviewed classification negatives suppress known context collisions
2026-09-12T04:34:10.9747568Z ok 45 - reviewed classification negatives suppress known context collisions
2026-09-12T04:34:10.9748053Z   ---
2026-09-12T04:34:10.9748289Z   duration_ms: 4.139891
2026-09-12T04:34:10.9748558Z   type: 'test'
2026-09-12T04:34:10.9748815Z   ...
2026-09-12T04:34:10.9749613Z # Subtest: release and observation sorts use separate evidenced fields and unknowns sort last
2026-09-12T04:34:10.9750552Z ok 46 - release and observation sorts use separate evidenced fields and unknowns sort last
2026-09-12T04:34:10.9751250Z   ---
2026-09-12T04:34:10.9751496Z   duration_ms: 3.903395
2026-09-12T04:34:10.9751771Z   type: 'test'
2026-09-12T04:34:10.9752014Z   ...
2026-09-12T04:34:10.9752575Z # Subtest: freshness clock and corrupted-text notice do not rewrite preserved evidence
2026-09-12T04:34:10.9753432Z ok 47 - freshness clock and corrupted-text notice do not rewrite preserved evidence
2026-09-12T04:34:10.9753928Z   ---
2026-09-12T04:34:10.9754168Z   duration_ms: 2.688784
2026-09-12T04:34:10.9754444Z   type: 'test'
2026-09-12T04:34:10.9754689Z   ...
2026-09-12T04:34:10.9755330Z # Subtest: metadata dimensions never copy observation grain into population or reporting organization
2026-09-12T04:34:10.9772301Z ok 48 - metadata dimensions never copy observation grain into population or reporting organization
2026-09-12T04:34:10.9772924Z   ---
2026-09-12T04:34:10.9773185Z   duration_ms: 1.581855
2026-09-12T04:34:10.9773480Z   type: 'test'
2026-09-12T04:34:10.9773727Z   ...
2026-09-12T04:34:10.9774381Z # Subtest: fixed reviewer-labeled relevance cases preserve essential concepts and named sources
2026-09-12T04:34:10.9775325Z ok 49 - fixed reviewer-labeled relevance cases preserve essential concepts and named sources
2026-09-12T04:34:10.9775889Z   ---
2026-09-12T04:34:10.9776142Z   duration_ms: 77.46803
2026-09-12T04:34:10.9776621Z   type: 'test'
2026-09-12T04:34:10.9776868Z   ...
2026-09-12T04:34:10.9777553Z # Subtest: additive intent, search projection, and discovery response validate against published schemas
2026-09-12T04:34:10.9778613Z ok 50 - additive intent, search projection, and discovery response validate against published schemas
2026-09-12T04:34:10.9779216Z   ---
2026-09-12T04:34:10.9779466Z   duration_ms: 226.632367
2026-09-12T04:34:10.9779757Z   type: 'test'
2026-09-12T04:34:10.9780018Z   ...
2026-09-12T04:34:10.9780747Z # Subtest: question interpretation resolves Pennsylvania without false Indiana match
2026-09-12T04:34:10.9781365Z ok 51 - question interpretation resolves Pennsylvania without false Indiana match
2026-09-12T04:34:10.9781816Z   ---
2026-09-12T04:34:10.9782032Z   duration_ms: 13.94196
2026-09-12T04:34:10.9782230Z   type: 'test'
2026-09-12T04:34:10.9782450Z   ...
2026-09-12T04:34:10.9782884Z # Subtest: intent compilation is deterministic, offline, and reports unresolved dimensions
2026-09-12T04:34:10.9783507Z ok 52 - intent compilation is deterministic, offline, and reports unresolved dimensions
2026-09-12T04:34:10.9783931Z   ---
2026-09-12T04:34:10.9784179Z   duration_ms: 9.216114
2026-09-12T04:34:10.9784417Z   type: 'test'
2026-09-12T04:34:10.9784599Z   ...
2026-09-12T04:34:10.9784976Z # Subtest: search documents are non-authoritative, traceable projections
2026-09-12T04:34:10.9785465Z ok 53 - search documents are non-authoritative, traceable projections
2026-09-12T04:34:10.9785823Z   ---
2026-09-12T04:34:10.9786039Z   duration_ms: 0.893327
2026-09-12T04:34:10.9786271Z   type: 'test'
2026-09-12T04:34:10.9786608Z   ...
2026-09-12T04:34:10.9787025Z # Subtest: uppercase postal abbreviation is resolved but common lowercase words are not
2026-09-12T04:34:10.9787662Z ok 54 - uppercase postal abbreviation is resolved but common lowercase words are not
2026-09-12T04:34:10.9788037Z   ---
2026-09-12T04:34:10.9788246Z   duration_ms: 3.19694
2026-09-12T04:34:10.9788486Z   type: 'test'
2026-09-12T04:34:10.9788642Z   ...
2026-09-12T04:34:10.9789097Z # Subtest: public-only rural closure query excludes licensed AHA while retaining context sources
2026-09-12T04:34:10.9789845Z ok 55 - public-only rural closure query excludes licensed AHA while retaining context sources
2026-09-12T04:34:10.9790183Z   ---
2026-09-12T04:34:10.9790399Z   duration_ms: 7.636243
2026-09-12T04:34:10.9790574Z   type: 'test'
2026-09-12T04:34:10.9790785Z   ...
2026-09-12T04:34:10.9791337Z # Subtest: default discovery retains relevant restricted sources with visible restrictions
2026-09-12T04:34:10.9792027Z ok 56 - default discovery retains relevant restricted sources with visible restrictions
2026-09-12T04:34:10.9792382Z   ---
2026-09-12T04:34:10.9792530Z   duration_ms: 7.04426
2026-09-12T04:34:10.9792762Z   type: 'test'
2026-09-12T04:34:10.9792913Z   ...
2026-09-12T04:34:10.9793408Z # Subtest: explicit join routes include normalized keys, fallbacks, and incompatibility objects
2026-09-12T04:34:10.9794042Z ok 57 - explicit join routes include normalized keys, fallbacks, and incompatibility objects
2026-09-12T04:34:10.9794607Z   ---
2026-09-12T04:34:10.9794849Z   duration_ms: 12.055295
2026-09-12T04:34:10.9795132Z   type: 'test'
2026-09-12T04:34:10.9795380Z   ...
2026-09-12T04:34:10.9795904Z # Subtest: retrieval is deterministic and zero results are not absence evidence
2026-09-12T04:34:10.9796879Z ok 58 - retrieval is deterministic and zero results are not absence evidence
2026-09-12T04:34:10.9797361Z   ---
2026-09-12T04:34:10.9797619Z   duration_ms: 4.250529
2026-09-12T04:34:10.9797907Z   type: 'test'
2026-09-12T04:34:10.9798148Z   ...
2026-09-12T04:34:10.9798566Z # Subtest: inferred geography alone is not lexical relevance
2026-09-12T04:34:10.9799157Z ok 59 - inferred geography alone is not lexical relevance
2026-09-12T04:34:10.9799473Z   ---
2026-09-12T04:34:10.9799733Z   duration_ms: 2.590125
2026-09-12T04:34:10.9799910Z   type: 'test'
2026-09-12T04:34:10.9800059Z   ...
2026-09-12T04:34:10.9800372Z # Subtest: query and join-route guards fail closed
2026-09-12T04:34:10.9800791Z ok 60 - query and join-route guards fail closed
2026-09-12T04:34:10.9801054Z   ---
2026-09-12T04:34:10.9801283Z   duration_ms: 0.779896
2026-09-12T04:34:10.9801502Z   type: 'test'
2026-09-12T04:34:10.9801732Z   ...
2026-09-12T04:34:10.9802137Z # Subtest: v2 is deterministic, versioned, and explicitly development/validation scoped
2026-09-12T04:34:10.9802969Z ok 61 - v2 is deterministic, versioned, and explicitly development/validation scoped
2026-09-12T04:34:10.9803482Z   ---
2026-09-12T04:34:10.9803935Z   duration_ms: 364.507195
2026-09-12T04:34:10.9804223Z   type: 'test'
2026-09-12T04:34:10.9804463Z   ...
2026-09-12T04:34:10.9805029Z # Subtest: public retrieval excludes restricted projections and collapses exact source duplicates
2026-09-12T04:34:10.9805603Z ok 62 - public retrieval excludes restricted projections and collapses exact source duplicates
2026-09-12T04:34:10.9806143Z   ---
2026-09-12T04:34:10.9806493Z   duration_ms: 165.747308
2026-09-12T04:34:10.9806753Z   type: 'test'
2026-09-12T04:34:10.9806907Z   ...
2026-09-12T04:34:10.9807286Z # Subtest: facility framing favors a bounded facility/status source
2026-09-12T04:34:10.9807720Z ok 63 - facility framing favors a bounded facility/status source
2026-09-12T04:34:10.9808020Z   ---
2026-09-12T04:34:10.9808212Z   duration_ms: 219.011864
2026-09-12T04:34:10.9808496Z   type: 'test'
2026-09-12T04:34:10.9808703Z   ...
2026-09-12T04:34:10.9808996Z # Subtest: v2 applies explicit grain and query-role safety constraints
2026-09-12T04:34:10.9809525Z ok 64 - v2 applies explicit grain and query-role safety constraints
2026-09-12T04:34:10.9809977Z   ---
2026-09-12T04:34:10.9810225Z   duration_ms: 490.344343
2026-09-12T04:34:10.9810537Z   type: 'test'
2026-09-12T04:34:10.9810788Z   ...
2026-09-12T04:34:10.9811277Z # Subtest: v2 keeps local-source and facility-role requests from emitting near-miss records
2026-09-12T04:34:10.9812139Z ok 65 - v2 keeps local-source and facility-role requests from emitting near-miss records
2026-09-12T04:34:10.9812460Z   ---
2026-09-12T04:34:10.9812694Z   duration_ms: 579.531552
2026-09-12T04:34:10.9812984Z   type: 'test'
2026-09-12T04:34:10.9813217Z   ...
2026-09-12T04:34:10.9813562Z # Subtest: v2 applies role-specific source families before ranking
2026-09-12T04:34:10.9814229Z ok 66 - v2 applies role-specific source families before ranking
2026-09-12T04:34:10.9814564Z   ---
2026-09-12T04:34:10.9814787Z   duration_ms: 606.737974
2026-09-12T04:34:10.9815069Z   type: 'test'
2026-09-12T04:34:10.9815626Z   ...
2026-09-12T04:34:10.9816273Z # Subtest: receipt roundtrip preserves generation, order, filters and later-page cursor
2026-09-12T04:34:10.9816953Z ok 67 - receipt roundtrip preserves generation, order, filters and later-page cursor
2026-09-12T04:34:10.9817264Z   ---
2026-09-12T04:34:10.9817430Z   duration_ms: 92.324053
2026-09-12T04:34:10.9817610Z   type: 'test'
2026-09-12T04:34:10.9817767Z   ...
2026-09-12T04:34:10.9818064Z # Subtest: malformed receipts cannot silently become new unpinned searches
2026-09-12T04:34:10.9818514Z ok 68 - malformed receipts cannot silently become new unpinned searches
2026-09-12T04:34:10.9818795Z   ---
2026-09-12T04:34:10.9818957Z   duration_ms: 1.844921
2026-09-12T04:34:10.9819134Z   type: 'test'
2026-09-12T04:34:10.9819360Z   ...
2026-09-12T04:34:10.9819923Z # Subtest: loader verifies the pinned bundle and exposes only cloned selections and metadata
2026-09-12T04:34:10.9820600Z ok 69 - loader verifies the pinned bundle and exposes only cloned selections and metadata
2026-09-12T04:34:10.9820923Z   ---
2026-09-12T04:34:10.9821086Z   duration_ms: 139.218453
2026-09-12T04:34:10.9821269Z   type: 'test'
2026-09-12T04:34:10.9821421Z   ...
2026-09-12T04:34:10.9821754Z # Subtest: all accessors reject a frozen object fabricated with the public handle shape
2026-09-12T04:34:10.9822243Z ok 70 - all accessors reject a frozen object fabricated with the public handle shape
2026-09-12T04:34:10.9822541Z   ---
2026-09-12T04:34:10.9822697Z   duration_ms: 0.530389
2026-09-12T04:34:10.9822870Z   type: 'test'
2026-09-12T04:34:10.9823022Z   ...
2026-09-12T04:34:10.9823342Z # Subtest: loader rejects catalog byte-length and SHA-256 mismatches before parsing
2026-09-12T04:34:10.9823662Z     # Subtest: byte length
2026-09-12T04:34:10.9823852Z     ok 1 - byte length
2026-09-12T04:34:10.9824029Z       ---
2026-09-12T04:34:10.9824189Z       duration_ms: 61.455884
2026-09-12T04:34:10.9824378Z       type: 'test'
2026-09-12T04:34:10.9824544Z       ...
2026-09-12T04:34:10.9824737Z     # Subtest: digest at the same byte length
2026-09-12T04:34:10.9825277Z     ok 2 - digest at the same byte length
2026-09-12T04:34:10.9825494Z       ---
2026-09-12T04:34:10.9825647Z       duration_ms: 40.68615
2026-09-12T04:34:10.9825827Z       type: 'test'
2026-09-12T04:34:10.9825982Z       ...
2026-09-12T04:34:10.9826120Z     1..2
2026-09-12T04:34:10.9826608Z ok 71 - loader rejects catalog byte-length and SHA-256 mismatches before parsing
2026-09-12T04:34:10.9826952Z   ---
2026-09-12T04:34:10.9827134Z   duration_ms: 102.739285
2026-09-12T04:34:10.9827338Z   type: 'test'
2026-09-12T04:34:10.9827502Z   ...
2026-09-12T04:34:10.9827802Z # Subtest: loader verifies the exact pinned catalog-schema bytes
2026-09-12T04:34:10.9828201Z ok 72 - loader verifies the exact pinned catalog-schema bytes
2026-09-12T04:34:10.9828477Z   ---
2026-09-12T04:34:10.9828654Z   duration_ms: 57.93747
2026-09-12T04:34:10.9828848Z   type: 'test'
2026-09-12T04:34:10.9829021Z   ...
2026-09-12T04:34:10.9829297Z # Subtest: pin and catalog authorities remain fail-closed
2026-09-12T04:34:10.9829575Z     # Subtest: pin authority
2026-09-12T04:34:10.9829785Z     ok 1 - pin authority
2026-09-12T04:34:10.9829983Z       ---
2026-09-12T04:34:10.9830135Z       duration_ms: 39.059268
2026-09-12T04:34:10.9830340Z       type: 'test'
2026-09-12T04:34:10.9830514Z       ...
2026-09-12T04:34:10.9830705Z     # Subtest: catalog authority
2026-09-12T04:34:10.9830903Z     ok 2 - catalog authority
2026-09-12T04:34:10.9831105Z       ---
2026-09-12T04:34:10.9831265Z       duration_ms: 77.326532
2026-09-12T04:34:10.9831477Z       type: 'test'
2026-09-12T04:34:10.9831637Z       ...
2026-09-12T04:34:10.9831813Z     1..2
2026-09-12T04:34:10.9832083Z ok 73 - pin and catalog authorities remain fail-closed
2026-09-12T04:34:10.9832360Z   ---
2026-09-12T04:34:10.9832526Z   duration_ms: 117.373719
2026-09-12T04:34:10.9832742Z   type: 'test'
2026-09-12T04:34:10.9832912Z   ...
2026-09-12T04:34:10.9833265Z # Subtest: loader rejects duplicate analysis and nested requirement identifiers
2026-09-12T04:34:10.9833759Z     # Subtest: analysis
2026-09-12T04:34:10.9833967Z     ok 1 - analysis
2026-09-12T04:34:10.9834157Z       ---
2026-09-12T04:34:10.9834335Z       duration_ms: 59.909563
2026-09-12T04:34:10.9834549Z       type: 'test'
2026-09-12T04:34:10.9834732Z       ...
2026-09-12T04:34:10.9834902Z     # Subtest: input
2026-09-12T04:34:10.9835089Z     ok 2 - input
2026-09-12T04:34:10.9835274Z       ---
2026-09-12T04:34:10.9835572Z       duration_ms: 57.960204
2026-09-12T04:34:10.9835867Z       type: 'test'
2026-09-12T04:34:10.9836245Z       ...
2026-09-12T04:34:10.9836644Z     # Subtest: property
2026-09-12T04:34:10.9836954Z     ok 3 - property
2026-09-12T04:34:10.9837283Z       ---
2026-09-12T04:34:10.9837561Z       duration_ms: 58.112734
2026-09-12T04:34:10.9837829Z       type: 'test'
2026-09-12T04:34:10.9838277Z       ...
2026-09-12T04:34:10.9891201Z     # Subtest: join
2026-09-12T04:34:10.9891548Z     ok 4 - join
2026-09-12T04:34:10.9891842Z       ---
2026-09-12T04:34:10.9892068Z       duration_ms: 56.685818
2026-09-12T04:34:10.9892357Z       type: 'test'
2026-09-12T04:34:10.9892591Z       ...
2026-09-12T04:34:10.9892809Z     1..4
2026-09-12T04:34:10.9893261Z ok 74 - loader rejects duplicate analysis and nested requirement identifiers
2026-09-12T04:34:10.9893702Z   ---
2026-09-12T04:34:10.9893928Z   duration_ms: 233.619482
2026-09-12T04:34:10.9894185Z   type: 'test'
2026-09-12T04:34:10.9894418Z   ...
2026-09-12T04:34:10.9894953Z # Subtest: loader rejects invalid join, upstream-analysis, and methodology references
2026-09-12T04:34:10.9895527Z     # Subtest: join input
2026-09-12T04:34:10.9895811Z     ok 1 - join input
2026-09-12T04:34:10.9896079Z       ---
2026-09-12T04:34:10.9896327Z       duration_ms: 58.749774
2026-09-12T04:34:10.9896831Z       type: 'test'
2026-09-12T04:34:10.9897094Z       ...
2026-09-12T04:34:10.9897402Z     # Subtest: incomplete join input set
2026-09-12T04:34:10.9897796Z     ok 2 - incomplete join input set
2026-09-12T04:34:10.9898113Z       ---
2026-09-12T04:34:10.9898371Z       duration_ms: 75.385865
2026-09-12T04:34:10.9898891Z       type: 'test'
2026-09-12T04:34:10.9899144Z       ...
2026-09-12T04:34:10.9899325Z     # Subtest: unknown join entity
2026-09-12T04:34:10.9899560Z     ok 3 - unknown join entity
2026-09-12T04:34:10.9899768Z       ---
2026-09-12T04:34:10.9899929Z       duration_ms: 51.391511
2026-09-12T04:34:10.9900120Z       type: 'test'
2026-09-12T04:34:10.9900292Z       ...
2026-09-12T04:34:10.9900487Z     # Subtest: unknown join key
2026-09-12T04:34:10.9900693Z     ok 4 - unknown join key
2026-09-12T04:34:10.9900883Z       ---
2026-09-12T04:34:10.9901049Z       duration_ms: 61.313864
2026-09-12T04:34:10.9901239Z       type: 'test'
2026-09-12T04:34:10.9901400Z       ...
2026-09-12T04:34:10.9901588Z     # Subtest: unsafe measure join key
2026-09-12T04:34:10.9901832Z     ok 5 - unsafe measure join key
2026-09-12T04:34:10.9902029Z       ---
2026-09-12T04:34:10.9902218Z       duration_ms: 56.281683
2026-09-12T04:34:10.9902408Z       type: 'test'
2026-09-12T04:34:10.9902572Z       ...
2026-09-12T04:34:10.9902807Z     # Subtest: overlapping key and endpoint discriminator
2026-09-12T04:34:10.9903116Z     ok 6 - overlapping key and endpoint discriminator
2026-09-12T04:34:10.9903409Z       ---
2026-09-12T04:34:10.9903567Z       duration_ms: 64.900858
2026-09-12T04:34:10.9903757Z       type: 'test'
2026-09-12T04:34:10.9904012Z       ...
2026-09-12T04:34:10.9904228Z     # Subtest: period endpoint discriminator
2026-09-12T04:34:10.9904486Z     ok 7 - period endpoint discriminator
2026-09-12T04:34:10.9904699Z       ---
2026-09-12T04:34:10.9904882Z       duration_ms: 60.280387
2026-09-12T04:34:10.9905071Z       type: 'test'
2026-09-12T04:34:10.9905315Z       ...
2026-09-12T04:34:10.9905626Z     # Subtest: inverse semantic alternative duplicate
2026-09-12T04:34:10.9906058Z     ok 8 - inverse semantic alternative duplicate
2026-09-12T04:34:10.9906534Z       ---
2026-09-12T04:34:10.9906767Z       duration_ms: 55.443335
2026-09-12T04:34:10.9907037Z       type: 'test'
2026-09-12T04:34:10.9907467Z       ...
2026-09-12T04:34:10.9907760Z     # Subtest: upstream analysis
2026-09-12T04:34:10.9908075Z     ok 9 - upstream analysis
2026-09-12T04:34:10.9908355Z       ---
2026-09-12T04:34:10.9908603Z       duration_ms: 41.788012
2026-09-12T04:34:10.9908899Z       type: 'test'
2026-09-12T04:34:10.9909151Z       ...
2026-09-12T04:34:10.9909462Z     # Subtest: methodology identifier
2026-09-12T04:34:10.9909824Z     ok 10 - methodology identifier
2026-09-12T04:34:10.9910137Z       ---
2026-09-12T04:34:10.9910367Z       duration_ms: 39.26623
2026-09-12T04:34:10.9910646Z       type: 'test'
2026-09-12T04:34:10.9910874Z       ...
2026-09-12T04:34:10.9911181Z     # Subtest: shared implementation methodology
2026-09-12T04:34:10.9911632Z     ok 11 - shared implementation methodology
2026-09-12T04:34:10.9911983Z       ---
2026-09-12T04:34:10.9912228Z       duration_ms: 33.9503
2026-09-12T04:34:10.9912515Z       type: 'test'
2026-09-12T04:34:10.9912745Z       ...
2026-09-12T04:34:10.9912971Z     1..11
2026-09-12T04:34:10.9913517Z ok 75 - loader rejects invalid join, upstream-analysis, and methodology references
2026-09-12T04:34:10.9914033Z   ---
2026-09-12T04:34:10.9914284Z   duration_ms: 600.772685
2026-09-12T04:34:10.9914551Z   type: 'test'
2026-09-12T04:34:10.9914785Z   ...
2026-09-12T04:34:10.9915218Z # Subtest: loader rejects invalid conditional-domain references
2026-09-12T04:34:10.9915703Z     # Subtest: unknown selector
2026-09-12T04:34:10.9916025Z     ok 1 - unknown selector
2026-09-12T04:34:10.9916308Z       ---
2026-09-12T04:34:10.9916776Z       duration_ms: 40.347836
2026-09-12T04:34:10.9917055Z       type: 'test'
2026-09-12T04:34:10.9917307Z       ...
2026-09-12T04:34:10.9917600Z     # Subtest: selector value outside domain
2026-09-12T04:34:10.9917983Z     ok 2 - selector value outside domain
2026-09-12T04:34:10.9918343Z       ---
2026-09-12T04:34:10.9918574Z       duration_ms: 60.407017
2026-09-12T04:34:10.9918854Z       type: 'test'
2026-09-12T04:34:10.9919080Z       ...
2026-09-12T04:34:10.9919327Z     # Subtest: reversed range
2026-09-12T04:34:10.9919840Z     ok 3 - reversed range
2026-09-12T04:34:10.9920125Z       ---
2026-09-12T04:34:10.9920370Z       duration_ms: 45.534776
2026-09-12T04:34:10.9920675Z       type: 'test'
2026-09-12T04:34:10.9920926Z       ...
2026-09-12T04:34:10.9921146Z     1..3
2026-09-12T04:34:10.9921571Z ok 76 - loader rejects invalid conditional-domain references
2026-09-12T04:34:10.9921989Z   ---
2026-09-12T04:34:10.9922242Z   duration_ms: 147.077797
2026-09-12T04:34:10.9922536Z   type: 'test'
2026-09-12T04:34:10.9922776Z   ...
2026-09-12T04:34:10.9923244Z # Subtest: selector rejects malformed and unknown analysis identifiers
2026-09-12T04:34:10.9923924Z ok 77 - selector rejects malformed and unknown analysis identifiers
2026-09-12T04:34:10.9924361Z   ---
2026-09-12T04:34:10.9924612Z   duration_ms: 38.838295
2026-09-12T04:34:10.9924903Z   type: 'test'
2026-09-12T04:34:10.9925144Z   ...
2026-09-12T04:34:10.9925687Z # Subtest: WebMCP registers one read-only tool and executes the canonical retrieval engine
2026-09-12T04:34:10.9926709Z ok 78 - WebMCP registers one read-only tool and executes the canonical retrieval engine
2026-09-12T04:34:10.9927187Z   ---
2026-09-12T04:34:10.9927408Z   duration_ms: 27.264345
2026-09-12T04:34:10.9927677Z   type: 'test'
2026-09-12T04:34:10.9927898Z   ...
2026-09-12T04:34:10.9928270Z # Subtest: WebMCP refuses registration without the browser surface
2026-09-12T04:34:10.9928886Z ok 79 - WebMCP refuses registration without the browser surface
2026-09-12T04:34:10.9929341Z   ---
2026-09-12T04:34:10.9929610Z   duration_ms: 0.392582
2026-09-12T04:34:10.9929834Z   type: 'test'
2026-09-12T04:34:10.9930051Z   ...
2026-09-12T04:34:10.9930498Z # Subtest: browser execution modules contain no Node-only imports
2026-09-12T04:34:10.9931235Z ok 80 - browser execution modules contain no Node-only imports
2026-09-12T04:34:10.9931664Z   ---
2026-09-12T04:34:10.9931877Z   duration_ms: 0.513354
2026-09-12T04:34:10.9932127Z   type: 'test'
2026-09-12T04:34:10.9932353Z   ...
2026-09-12T04:34:10.9932728Z 1..80
2026-09-12T04:34:10.9932930Z # tests 105
2026-09-12T04:34:10.9933157Z # suites 0
2026-09-12T04:34:10.9933367Z # pass 105
2026-09-12T04:34:10.9933577Z # fail 0
2026-09-12T04:34:10.9933802Z # cancelled 0
2026-09-12T04:34:10.9934023Z # skipped 0
2026-09-12T04:34:10.9934227Z # todo 0
2026-09-12T04:34:10.9934478Z # duration_ms 3975.107835
2026-09-12T04:34:11.0676817Z 
2026-09-12T04:34:11.0677258Z > ushso@0.1.0 test:web
2026-09-12T04:34:11.0677593Z > npm test --workspace @ushso/observatory-web
2026-09-12T04:34:11.0677782Z 
2026-09-12T04:34:11.2036622Z 
2026-09-12T04:34:11.2037115Z > @ushso/observatory-web@0.1.0 test
2026-09-12T04:34:11.2037548Z > vitest run
2026-09-12T04:34:11.2037705Z 
2026-09-12T04:34:11.4447800Z 
2026-09-12T04:34:11.4450962Z [1m[30m[46m RUN [49m[39m[22m [36mv4.1.11 [39m[90m/home/runner/work/ushso/ushso/apps/web[39m
2026-09-12T04:34:11.4451474Z 
2026-09-12T04:34:11.9432983Z  [32m✓[39m src/data/facets.test.ts [2m([22m[2m9 tests[22m[2m)[22m[32m 56[2mms[22m[39m
2026-09-12T04:34:11.9607995Z  [32m✓[39m src/lib/catalogAdapter.test.ts [2m([22m[2m13 tests[22m[2m)[22m[32m 66[2mms[22m[39m
2026-09-12T04:34:12.0492278Z  [32m✓[39m src/providers/discoveryProvider.test.ts [2m([22m[2m20 tests[22m[2m)[22m[32m 156[2mms[22m[39m
2026-09-12T04:34:12.4343049Z  [32m✓[39m src/components/ResultCard.test.ts [2m([22m[2m6 tests[22m[2m)[22m[32m 72[2mms[22m[39m
2026-09-12T04:34:12.4752652Z  [32m✓[39m src/lib/researcherGuidance.test.tsx [2m([22m[2m10 tests[22m[2m)[22m[32m 45[2mms[22m[39m
2026-09-12T04:34:12.5466041Z  [32m✓[39m src/pages/SearchResultsPage.test.tsx [2m([22m[2m4 tests[22m[2m)[22m[32m 120[2mms[22m[39m
2026-09-12T04:34:12.7530731Z  [32m✓[39m src/data/liveVerificationOverlay.test.ts [2m([22m[2m5 tests[22m[2m)[22m[32m 17[2mms[22m[39m
2026-09-12T04:34:12.9017349Z  [32m✓[39m src/pages/DatasetDetailsPage.test.tsx [2m([22m[2m5 tests[22m[2m)[22m[32m 16[2mms[22m[39m
2026-09-12T04:34:12.9785060Z  [32m✓[39m src/components/DictionaryReviewPanel.test.tsx [2m([22m[2m6 tests[22m[2m)[22m[32m 44[2mms[22m[39m
2026-09-12T04:34:13.1713830Z  [32m✓[39m src/lib/uiSearch.test.ts [2m([22m[2m7 tests[22m[2m)[22m[32m 8[2mms[22m[39m
2026-09-12T04:34:13.2674431Z  [32m✓[39m src/data/coveragePositioning.test.ts [2m([22m[2m2 tests[22m[2m)[22m[32m 43[2mms[22m[39m
2026-09-12T04:34:13.2755842Z  [32m✓[39m src/pages/PlanPage.test.tsx [2m([22m[2m4 tests[22m[2m)[22m[32m 144[2mms[22m[39m
2026-09-12T04:34:13.3761432Z  [32m✓[39m src/providers/machineToolkitClient.test.ts [2m([22m[2m4 tests[22m[2m)[22m[32m 33[2mms[22m[39m
2026-09-12T04:34:13.4532584Z  [32m✓[39m src/lib/externalUrls.test.ts [2m([22m[2m36 tests[22m[2m)[22m[32m 10[2mms[22m[39m
2026-09-12T04:34:13.5889230Z  [32m✓[39m src/providers/registerObservatoryToolkit.test.ts [2m([22m[2m5 tests[22m[2m)[22m[32m 8[2mms[22m[39m
2026-09-12T04:34:13.6584085Z  [32m✓[39m src/components/ScientificConflictsPanel.test.tsx [2m([22m[2m8 tests[22m[2m)[22m[32m 7[2mms[22m[39m
2026-09-12T04:34:13.7022356Z  [32m✓[39m src/components/FacetSidebar.test.tsx [2m([22m[2m2 tests[22m[2m)[22m[32m 20[2mms[22m[39m
2026-09-12T04:34:13.8118097Z  [32m✓[39m src/lib/resultCounts.test.ts [2m([22m[2m4 tests[22m[2m)[22m[32m 5[2mms[22m[39m
2026-09-12T04:34:14.0044132Z  [32m✓[39m src/pages/SourcesPage.test.tsx [2m([22m[2m2 tests[22m[2m)[22m[32m 41[2mms[22m[39m
2026-09-12T04:34:14.0364328Z  [32m✓[39m src/lib/searchAssessment.test.ts [2m([22m[2m5 tests[22m[2m)[22m[32m 22[2mms[22m[39m
2026-09-12T04:34:14.1185451Z  [32m✓[39m src/data/agentsDiscoveryExample.test.ts [2m([22m[2m2 tests[22m[2m)[22m[32m 25[2mms[22m[39m
2026-09-12T04:34:14.1878732Z  [32m✓[39m src/lib/searchReceipt.test.ts [2m([22m[2m2 tests[22m[2m)[22m[32m 31[2mms[22m[39m
2026-09-12T04:34:14.2198469Z  [32m✓[39m src/lib/planExport.test.ts [2m([22m[2m2 tests[22m[2m)[22m[32m 24[2mms[22m[39m
2026-09-12T04:34:14.3003755Z  [32m✓[39m src/providers/registerWebMcp.test.ts [2m([22m[2m2 tests[22m[2m)[22m[32m 6[2mms[22m[39m
2026-09-12T04:34:14.3528339Z  [32m✓[39m src/pages/modeSeparation.test.ts [2m([22m[2m2 tests[22m[2m)[22m[32m 8[2mms[22m[39m
2026-09-12T04:34:14.4779332Z  [32m✓[39m src/lib/returnContext.test.ts [2m([22m[2m2 tests[22m[2m)[22m[32m 6[2mms[22m[39m
2026-09-12T04:34:14.5012473Z  [32m✓[39m src/providers/planApiAdapter.test.ts [2m([22m[2m1 test[22m[2m)[22m[32m 6[2mms[22m[39m
2026-09-12T04:34:14.5600710Z  [32m✓[39m src/data/liveCatalogPositioning.test.ts [2m([22m[2m2 tests[22m[2m)[22m[32m 35[2mms[22m[39m
2026-09-12T04:34:14.6319561Z  [32m✓[39m src/lib/documentTitle.test.ts [2m([22m[2m2 tests[22m[2m)[22m[32m 3[2mms[22m[39m
2026-09-12T04:34:14.6427564Z  [32m✓[39m src/pages/AgentsPage.test.ts [2m([22m[2m1 test[22m[2m)[22m[32m 3[2mms[22m[39m
2026-09-12T04:34:14.6915470Z  [32m✓[39m src/lib/searchParams.test.ts [2m([22m[2m3 tests[22m[2m)[22m[32m 3[2mms[22m[39m
2026-09-12T04:34:14.6948114Z 
2026-09-12T04:34:14.6953342Z [2m Test Files [22m [1m[32m31 passed[39m[22m[90m (31)[39m
2026-09-12T04:34:14.6954130Z [2m      Tests [22m [1m[32m178 passed[39m[22m[90m (178)[39m
2026-09-12T04:34:14.6954675Z [2m   Start at [22m 04:34:11
2026-09-12T04:34:14.6955890Z [2m   Duration [22m 3.24s[2m (transform 1.31s, setup 0ms, import 4.33s, tests 1.09s, environment 3ms)[22m
2026-09-12T04:34:14.6957838Z 
2026-09-12T04:34:14.8279311Z 
2026-09-12T04:34:14.8279914Z > ushso@0.1.0 test:worker
2026-09-12T04:34:14.8280397Z > node --test tests/*.test.mjs
2026-09-12T04:34:14.8280629Z 
2026-09-12T04:34:14.8767702Z TAP version 13
2026-09-12T04:34:14.9742448Z # Subtest: access cache preserves ordinary, public, free, and restricted response semantics
2026-09-12T04:34:14.9757632Z ok 1 - access cache preserves ordinary, public, free, and restricted response semantics
2026-09-12T04:34:14.9758558Z   ---
2026-09-12T04:34:14.9759033Z   duration_ms: 23.243052
2026-09-12T04:34:14.9759967Z   type: 'test'
2026-09-12T04:34:14.9760352Z   ...
2026-09-12T04:34:14.9761087Z # Subtest: access metadata stays isolated from response, engine, and input mutation
2026-09-12T04:34:14.9762131Z ok 2 - access metadata stays isolated from response, engine, and input mutation
2026-09-12T04:34:14.9762753Z   ---
2026-09-12T04:34:14.9763187Z   duration_ms: 18.753778
2026-09-12T04:34:14.9763601Z   type: 'test'
2026-09-12T04:34:14.9763953Z   ...
2026-09-12T04:34:14.9764665Z # Subtest: access metadata remains byte-stable across cursor continuation and browse output
2026-09-12T04:34:14.9765580Z ok 3 - access metadata remains byte-stable across cursor continuation and browse output
2026-09-12T04:34:14.9766192Z   ---
2026-09-12T04:34:14.9766788Z   duration_ms: 17.225267
2026-09-12T04:34:14.9767189Z   type: 'test'
2026-09-12T04:34:14.9767535Z   ...
2026-09-12T04:34:15.0206736Z # (node:2808) ExperimentalWarning: stripTypeScriptTypes is an experimental feature and might change at any time
2026-09-12T04:34:15.0247140Z # (Use `node --trace-warnings ...` to show where the warning was created)
2026-09-12T04:34:15.4867954Z # Subtest: advertised schemas compile without network and validate all actual typed errors plus success
2026-09-12T04:34:15.4897261Z ok 4 - advertised schemas compile without network and validate all actual typed errors plus success
2026-09-12T04:34:15.4897908Z   ---
2026-09-12T04:34:15.4898165Z   duration_ms: 485.749788
2026-09-12T04:34:15.4898514Z   type: 'test'
2026-09-12T04:34:15.4898757Z   ...
2026-09-12T04:34:15.4937431Z # Subtest: missing advertised schema disguised by successful SPA HTML fails
2026-09-12T04:34:15.4962253Z ok 5 - missing advertised schema disguised by successful SPA HTML fails
2026-09-12T04:34:15.4962780Z   ---
2026-09-12T04:34:15.4963039Z   duration_ms: 8.54771
2026-09-12T04:34:15.4963324Z   type: 'test'
2026-09-12T04:34:15.4963581Z   ...
2026-09-12T04:34:15.4970721Z # Subtest: incorrect schema identity fails despite JSON and HTTP200
2026-09-12T04:34:15.4997529Z ok 6 - incorrect schema identity fails despite JSON and HTTP200
2026-09-12T04:34:15.4998014Z   ---
2026-09-12T04:34:15.4998269Z   duration_ms: 3.848293
2026-09-12T04:34:15.4998558Z   type: 'test'
2026-09-12T04:34:15.4998805Z   ...
2026-09-12T04:34:15.5163600Z # Subtest: small body drains to completion
2026-09-12T04:34:15.5177159Z ok 7 - small body drains to completion
2026-09-12T04:34:15.5187147Z   ---
2026-09-12T04:34:15.5187614Z   duration_ms: 30.978718
2026-09-12T04:34:15.5188090Z   type: 'test'
2026-09-12T04:34:15.5188556Z   ...
2026-09-12T04:34:15.5189201Z # Subtest: over-limit body cancels after bounded bytes
2026-09-12T04:34:15.5189895Z ok 8 - over-limit body cancels after bounded bytes
2026-09-12T04:34:15.5190438Z   ---
2026-09-12T04:34:15.5190840Z   duration_ms: 0.826357
2026-09-12T04:34:15.5191270Z   type: 'test'
2026-09-12T04:34:15.5191664Z   ...
2026-09-12T04:34:15.5192201Z # Subtest: erroring body preserves early response path
2026-09-12T04:34:15.5192914Z ok 9 - erroring body preserves early response path
2026-09-12T04:34:15.5193441Z   ---
2026-09-12T04:34:15.5193827Z   duration_ms: 0.924164
2026-09-12T04:34:15.5194227Z   type: 'test'
2026-09-12T04:34:15.5194580Z   ...
2026-09-12T04:34:15.5195055Z # Subtest: stalled body has bounded cleanup
2026-09-12T04:34:15.5195665Z ok 10 - stalled body has bounded cleanup
2026-09-12T04:34:15.5196147Z   ---
2026-09-12T04:34:15.5196696Z   duration_ms: 24.094417
2026-09-12T04:34:15.5197143Z   type: 'test'
2026-09-12T04:34:15.5197510Z   ...
2026-09-12T04:34:15.5198234Z # Subtest: never-settling cancellation has bounded cleanup
2026-09-12T04:34:15.5199140Z ok 11 - never-settling cancellation has bounded cleanup
2026-09-12T04:34:15.5199886Z   ---
2026-09-12T04:34:15.5200418Z   duration_ms: 41.896514
2026-09-12T04:34:15.5200863Z   type: 'test'
2026-09-12T04:34:15.5201429Z   ...
2026-09-12T04:34:15.5202100Z # Subtest: cancellation failure is swallowed
2026-09-12T04:34:15.5205601Z ok 12 - cancellation failure is swallowed
2026-09-12T04:34:15.5206304Z   ---
2026-09-12T04:34:15.5207528Z   duration_ms: 1.008911
2026-09-12T04:34:15.5207985Z   type: 'test'
2026-09-12T04:34:15.5208573Z   ...
2026-09-12T04:34:15.5209271Z # Subtest: bounded text accepts exact byte limit
2026-09-12T04:34:15.5210101Z ok 13 - bounded text accepts exact byte limit
2026-09-12T04:34:15.5210810Z   ---
2026-09-12T04:34:15.5211232Z   duration_ms: 1.9427
2026-09-12T04:34:15.5211863Z   type: 'test'
2026-09-12T04:34:15.5212437Z   ...
2026-09-12T04:34:15.5213165Z # Subtest: bounded text maps over-limit body
2026-09-12T04:34:15.5213972Z ok 14 - bounded text maps over-limit body
2026-09-12T04:34:15.5214472Z   ---
2026-09-12T04:34:15.5215043Z   duration_ms: 1.009462
2026-09-12T04:34:15.5215663Z   type: 'test'
2026-09-12T04:34:15.5216095Z   ...
2026-09-12T04:34:15.5217671Z # Subtest: bounded text maps stream failure
2026-09-12T04:34:15.5218539Z ok 15 - bounded text maps stream failure
2026-09-12T04:34:15.5219253Z   ---
2026-09-12T04:34:15.5219835Z   duration_ms: 1.203976
2026-09-12T04:34:15.5220328Z   type: 'test'
2026-09-12T04:34:15.5220932Z   ...
2026-09-12T04:34:15.5221611Z # Subtest: bounded text maps stalled read
2026-09-12T04:34:15.5222402Z ok 16 - bounded text maps stalled read
2026-09-12T04:34:15.5223075Z   ---
2026-09-12T04:34:15.5223507Z   duration_ms: 24.796806
2026-09-12T04:34:15.5224140Z   type: 'test'
2026-09-12T04:34:15.5224690Z   ...
2026-09-12T04:34:15.7995470Z # Subtest: current CI v1.4 verifier keeps historical proof separate from pending current draft
2026-09-12T04:34:15.7996827Z ok 17 - current CI v1.4 verifier keeps historical proof separate from pending current draft
2026-09-12T04:34:15.7997338Z   ---
2026-09-12T04:34:15.7997745Z   duration_ms: 122.407402
2026-09-12T04:34:15.7998037Z   type: 'test'
2026-09-12T04:34:15.7998287Z   ...
2026-09-12T04:34:15.7998823Z # Subtest: historical v1.3 proof fails closed for missing and altered immutable bytes
2026-09-12T04:34:15.7999623Z ok 18 - historical v1.3 proof fails closed for missing and altered immutable bytes
2026-09-12T04:34:15.8000412Z   ---
2026-09-12T04:34:15.8000690Z   duration_ms: 25.878337
2026-09-12T04:34:15.8000996Z   type: 'test'
2026-09-12T04:34:15.8001236Z   ...
2026-09-12T04:34:15.8001669Z # Subtest: historical proof accepts only the reviewed PR-003 input transition
2026-09-12T04:34:15.8002148Z ok 19 - historical proof accepts only the reviewed PR-003 input transition
2026-09-12T04:34:15.8002447Z   ---
2026-09-12T04:34:15.8002609Z   duration_ms: 32.62401
2026-09-12T04:34:15.8002787Z   type: 'test'
2026-09-12T04:34:15.8002949Z   ...
2026-09-12T04:34:15.8003267Z # Subtest: reviewed PR-003 input transition is atomic across both root files
2026-09-12T04:34:15.8003700Z ok 20 - reviewed PR-003 input transition is atomic across both root files
2026-09-12T04:34:15.8003996Z   ---
2026-09-12T04:34:15.8004157Z   duration_ms: 32.427875
2026-09-12T04:34:15.8004342Z   type: 'test'
2026-09-12T04:34:15.8004496Z   ...
2026-09-12T04:34:15.8004804Z # Subtest: current technical failure cannot be represented as a pending draft
2026-09-12T04:34:15.8005260Z ok 21 - current technical failure cannot be represented as a pending draft
2026-09-12T04:34:15.8005562Z   ---
2026-09-12T04:34:15.8005722Z   duration_ms: 0.409548
2026-09-12T04:34:15.8005980Z   type: 'test'
2026-09-12T04:34:15.8006207Z   ...
2026-09-12T04:34:15.8006716Z # Subtest: only exact CI v1.4 validate descriptor selects the current route
2026-09-12T04:34:15.8007387Z ok 22 - only exact CI v1.4 validate descriptor selects the current route
2026-09-12T04:34:15.8007798Z   ---
2026-09-12T04:34:15.8007955Z   duration_ms: 0.161573
2026-09-12T04:34:15.8008130Z   type: 'test'
2026-09-12T04:34:15.8008283Z   ...
2026-09-12T04:34:15.8008548Z # [verify] verification/testing/ci/v1.4.0 :: test
2026-09-12T04:34:15.8008894Z # > @ushso/ci-verification-successor-v1-4@1.4.0 test
2026-09-12T04:34:15.8009179Z # > node --test tests/*.test.mjs
2026-09-12T04:34:15.8009388Z # TAP version 13
2026-09-12T04:34:15.8009752Z # \# Subtest: v1.4 inventory retains structural discovery and locked workspace invariants
2026-09-12T04:34:15.8010442Z # ok 1 - v1.4 inventory retains structural discovery and locked workspace invariants
2026-09-12T04:34:15.8010765Z #   ---
2026-09-12T04:34:15.8010938Z #   duration_ms: 97.30801
2026-09-12T04:34:15.8011119Z #   type: 'test'
2026-09-12T04:34:15.8011286Z #   ...
2026-09-12T04:34:15.8011609Z # \# Subtest: root chain accepts the exact PR-003 extension and rejects structural drift
2026-09-12T04:34:15.8012084Z # ok 2 - root chain accepts the exact PR-003 extension and rejects structural drift
2026-09-12T04:34:15.8012381Z #   ---
2026-09-12T04:34:15.8012541Z #   duration_ms: 0.945756
2026-09-12T04:34:15.8012718Z #   type: 'test'
2026-09-12T04:34:15.8012878Z #   ...
2026-09-12T04:34:15.8013177Z # \# Subtest: version and hash drift are refused without editing stored evidence
2026-09-12T04:34:15.8013607Z # ok 3 - version and hash drift are refused without editing stored evidence
2026-09-12T04:34:15.8013884Z #   ---
2026-09-12T04:34:15.8014040Z #   duration_ms: 2.524788
2026-09-12T04:34:15.8014220Z #   type: 'test'
2026-09-12T04:34:15.8014385Z #   ...
2026-09-12T04:34:15.8014906Z # \# Subtest: missing workspace inventory fails lock consistency
2026-09-12T04:34:15.8015565Z # ok 4 - missing workspace inventory fails lock consistency
2026-09-12T04:34:15.8015985Z #   ---
2026-09-12T04:34:15.8016237Z #   duration_ms: 3.077931
2026-09-12T04:34:15.8017461Z #   type: 'test'
2026-09-12T04:34:15.8017705Z #   ...
2026-09-12T04:34:15.8018217Z # \# Subtest: predecessor remains byte-identical and v1.4 evidence stays unapproved
2026-09-12T04:34:15.8019005Z # ok 5 - predecessor remains byte-identical and v1.4 evidence stays unapproved
2026-09-12T04:34:15.8019481Z #   ---
2026-09-12T04:34:15.8019740Z #   duration_ms: 78.453816
2026-09-12T04:34:15.8020037Z #   type: 'test'
2026-09-12T04:34:15.8020267Z #   ...
2026-09-12T04:34:15.8020469Z # 1..5
2026-09-12T04:34:15.8020671Z # \# tests 5
2026-09-12T04:34:15.8020886Z # \# suites 0
2026-09-12T04:34:15.8021107Z # \# pass 5
2026-09-12T04:34:15.8021346Z # \# fail 0
2026-09-12T04:34:15.8021736Z # \# cancelled 0
2026-09-12T04:34:15.8021964Z # \# skipped 0
2026-09-12T04:34:15.8022202Z # \# todo 0
2026-09-12T04:34:15.8022446Z # \# duration_ms 245.427243
2026-09-12T04:34:15.9347066Z # [verify] verification/testing/ci/v1.4.0 :: validate
2026-09-12T04:34:16.1374060Z # {
2026-09-12T04:34:16.1390923Z #   "schema_version": "ushso.ci-v14-attestation.v1.0.0",
2026-09-12T04:34:16.1417295Z #   "status": "PASS",
2026-09-12T04:34:16.1437585Z #   "package_id": "@ushso/ci-verification-successor-v1-4@1.4.0",
2026-09-12T04:34:16.1455194Z #   "historical": {
2026-09-12T04:34:16.1469839Z #     "package_id": "@ushso/ci-verification-successor-v1-3@1.3.0",
2026-09-12T04:34:16.1489328Z #     "subject_sha256": "11b8c7269bf293e67690d713a9e9748b977fb3197f039cb9966e5647d05d2ccb",
2026-09-12T04:34:16.1500122Z #     "approval_status": "approved_original_subject_only",
2026-09-12T04:34:16.1501306Z #     "receipt_status": "approved_scoped_attestation",
2026-09-12T04:34:16.1502381Z #     "reviewer": {
2026-09-12T04:34:16.1503349Z #       "id": "github:176340565",
2026-09-12T04:34:16.1504620Z #       "role": "repository_owner"
2026-09-12T04:34:16.1505622Z #     },
2026-09-12T04:34:16.1506922Z #     "recorded_at": "2026-09-09T13:02:53Z",
2026-09-12T04:34:16.1508159Z #     "evidence_sha256": "a66da67cfee5c1dc4515aef9464afc222938ce27d3bc169da4393c211e8faa5e",
2026-09-12T04:34:16.1509662Z #     "source_commit": "30fa0c59ecd4d3d1dd1f56cd8422c6c470e45cb0",
2026-09-12T04:34:16.1510582Z #     "files": {
2026-09-12T04:34:16.1511565Z #       "approval": {
2026-09-12T04:34:16.1512663Z #         "path": "verification/testing/ci/v1.3.0/approvals/approval.json",
2026-09-12T04:34:16.1513758Z #         "bytes": 686,
2026-09-12T04:34:16.1514546Z #         "sha256": "315d0aa83399238b8e127ca3affae9e4d409fb7834e6c3d3aba6434b41b07ae0"
2026-09-12T04:34:16.1515578Z #       },
2026-09-12T04:34:16.1516305Z #       "evidence": {
2026-09-12T04:34:16.1517562Z #         "path": "verification/testing/ci/v1.3.0/approvals/evidence.txt",
2026-09-12T04:34:16.1518549Z #         "bytes": 770,
2026-09-12T04:34:16.1520135Z #         "sha256": "a66da67cfee5c1dc4515aef9464afc222938ce27d3bc169da4393c211e8faa5e"
2026-09-12T04:34:16.1521145Z #       },
2026-09-12T04:34:16.1521595Z #       "receipt": {
2026-09-12T04:34:16.1522285Z #         "path": "verification/testing/ci/v1.3.0/receipts/approved.json",
2026-09-12T04:34:16.1522956Z #         "bytes": 32976,
2026-09-12T04:34:16.1523702Z #         "sha256": "8013e0b4700d781a365540e046cd6ac15c8eb1999aca956b30c73591ad648d4b"
2026-09-12T04:34:16.1524400Z #       }
2026-09-12T04:34:16.1524804Z #     },
2026-09-12T04:34:16.1525237Z #     "predecessor": {
2026-09-12T04:34:16.1525954Z #       "path": "verification/testing/ci/v1.0.0/receipts/ci-integration.json",
2026-09-12T04:34:16.1527159Z #       "bytes": 24148,
2026-09-12T04:34:16.1528212Z #       "sha256": "6e27725cf531e1ced3d546503176af8ae4157366e97594c49ca5c9d2c18215cd"
2026-09-12T04:34:16.1529179Z #     },
2026-09-12T04:34:16.1529868Z #     "previous_successor": {
2026-09-12T04:34:16.1530858Z #       "path": "verification/testing/ci/v1.2.0/receipts/approved.json",
2026-09-12T04:34:16.1531735Z #       "bytes": 32440,
2026-09-12T04:34:16.1532702Z #       "sha256": "d5f7b2d29cb6790a4b390f62a988746d8a9de6b36642c9d793179178f7d938e2"
2026-09-12T04:34:16.1533620Z #     },
2026-09-12T04:34:16.1534253Z #     "input_bindings": {
2026-09-12T04:34:16.1534742Z #       "status": "PASS",
2026-09-12T04:34:16.1535606Z #       "source_commit": "30fa0c59ecd4d3d1dd1f56cd8422c6c470e45cb0",
2026-09-12T04:34:16.1536331Z #       "allowed_current_drift": [
2026-09-12T04:34:16.1537129Z #         "package-lock.json",
2026-09-12T04:34:16.1537720Z #         "scripts/run-contract-suites.mjs"
2026-09-12T04:34:16.1538209Z #       ],
2026-09-12T04:34:16.1538664Z #       "reviewed_current_inputs": [
2026-09-12T04:34:16.1539507Z #         {
2026-09-12T04:34:16.1540311Z #           "path": "package.json",
2026-09-12T04:34:16.1541042Z #           "role": "root-package",
2026-09-12T04:34:16.1542176Z #           "source_commit": "bf46d92b0e4fc91457bd3eb78aa1742ae84038f2",
2026-09-12T04:34:16.1543031Z #           "historical_bytes": 3555,
2026-09-12T04:34:16.1543841Z #           "historical_sha256": "25874c7d9464210794bd7a1467b117ef5fc71808fdf5e34726ea65181744561c",
2026-09-12T04:34:16.1544795Z #           "current_bytes": 3666,
2026-09-12T04:34:16.1545614Z #           "current_sha256": "b6c3469c7b10ecb90114199c18c3ebb293d801b8c8a3521cb25ded2fdba8d05e"
2026-09-12T04:34:16.1546528Z #         },
2026-09-12T04:34:16.1546927Z #         {
2026-09-12T04:34:16.1547505Z #           "path": "tests/contract-package-inventory.test.mjs",
2026-09-12T04:34:16.1548424Z #           "role": "root-inventory-test",
2026-09-12T04:34:16.1549171Z #           "source_commit": "bf46d92b0e4fc91457bd3eb78aa1742ae84038f2",
2026-09-12T04:34:16.1549817Z #           "historical_bytes": 7809,
2026-09-12T04:34:16.1550549Z #           "historical_sha256": "2bdf766d6c69875160330d8bdf44fbd8d21bbfec43a9b7671c9d233e3ddc4bfa",
2026-09-12T04:34:16.1551302Z #           "current_bytes": 7842,
2026-09-12T04:34:16.1552125Z #           "current_sha256": "5ab3deb8457c1a66fc313011bb0d96039c90f5ae35e1e08a9d34c9ab24d6c24b"
2026-09-12T04:34:16.1552910Z #         }
2026-09-12T04:34:16.1553130Z #       ],
2026-09-12T04:34:16.1553451Z #       "reviewed_current_transition": true,
2026-09-12T04:34:16.1553965Z #       "reviewed_current_transition_state": "reviewed_current",
2026-09-12T04:34:16.1554389Z #       "checked": [
2026-09-12T04:34:16.1554647Z #         {
2026-09-12T04:34:16.1555020Z #           "path": "verification/successor-support.mjs",
2026-09-12T04:34:16.1555475Z #           "source": "implementation",
2026-09-12T04:34:16.1555864Z #           "historical_bytes": 7191,
2026-09-12T04:34:16.1556680Z #           "historical_sha256": "233d1008a823bbde17b1e0e415e34e630be133f2cd7d83040407e7e56ac5356c",
2026-09-12T04:34:16.1557305Z #           "current_bytes": 7191,
2026-09-12T04:34:16.1558001Z #           "current_sha256": "233d1008a823bbde17b1e0e415e34e630be133f2cd7d83040407e7e56ac5356c",
2026-09-12T04:34:16.1558864Z #           "current_drift_allowed": false
2026-09-12T04:34:16.1559188Z #         },
2026-09-12T04:34:16.1559414Z #         {
2026-09-12T04:34:16.1559858Z #           "path": "verification/testing/ci/v1.3.0/README.md",
2026-09-12T04:34:16.1560323Z #           "source": "implementation",
2026-09-12T04:34:16.1560727Z #           "historical_bytes": 316,
2026-09-12T04:34:16.1561534Z #           "historical_sha256": "84b4473fc8a614821aab3390c3d0c25f68d801adf3b000a3be44e29d056b48f8",
2026-09-12T04:34:16.1562155Z #           "current_bytes": 316,
2026-09-12T04:34:16.1562798Z #           "current_sha256": "84b4473fc8a614821aab3390c3d0c25f68d801adf3b000a3be44e29d056b48f8",
2026-09-12T04:34:16.1563567Z #           "current_drift_allowed": false
2026-09-12T04:34:16.1563888Z #         },
2026-09-12T04:34:16.1564111Z #         {
2026-09-12T04:34:16.1564514Z #           "path": "verification/testing/ci/v1.3.0/package.json",
2026-09-12T04:34:16.1565003Z #           "source": "implementation",
2026-09-12T04:34:16.1565393Z #           "historical_bytes": 412,
2026-09-12T04:34:16.1566329Z #           "historical_sha256": "d4acc030be30d9837c2c6fece64c6379af02ec083947303d30363cd34be2424b",
2026-09-12T04:34:16.1567050Z #           "current_bytes": 412,
2026-09-12T04:34:16.1567803Z #           "current_sha256": "d4acc030be30d9837c2c6fece64c6379af02ec083947303d30363cd34be2424b",
2026-09-12T04:34:16.1568428Z #           "current_drift_allowed": false
2026-09-12T04:34:16.1568750Z #         },
2026-09-12T04:34:16.1568974Z #         {
2026-09-12T04:34:16.1569465Z #           "path": "verification/testing/ci/v1.3.0/tests/ci-integration.test.mjs",
2026-09-12T04:34:16.1570005Z #           "source": "implementation",
2026-09-12T04:34:16.1570392Z #           "historical_bytes": 1807,
2026-09-12T04:34:16.1571313Z #           "historical_sha256": "f90efebc4f2166283de1d2b5a8adb13bd2cc7fcd93a000d0b20e179fcaa6df6b",
2026-09-12T04:34:16.1571935Z #           "current_bytes": 1807,
2026-09-12T04:34:16.1572878Z #           "current_sha256": "f90efebc4f2166283de1d2b5a8adb13bd2cc7fcd93a000d0b20e179fcaa6df6b",
2026-09-12T04:34:16.1573505Z #           "current_drift_allowed": false
2026-09-12T04:34:16.1573817Z #         },
2026-09-12T04:34:16.1574031Z #         {
2026-09-12T04:34:16.1574486Z #           "path": "verification/testing/ci/v1.3.0/tools/ci-inventory.mjs",
2026-09-12T04:34:16.1574994Z #           "source": "implementation",
2026-09-12T04:34:16.1575597Z #           "historical_bytes": 13576,
2026-09-12T04:34:16.1576289Z #           "historical_sha256": "543a728eb7d4874816ea470aaaccbbc1346145d4cfc93301e936788144a5f73a",
2026-09-12T04:34:16.1577008Z #           "current_bytes": 13576,
2026-09-12T04:34:16.1577832Z #           "current_sha256": "543a728eb7d4874816ea470aaaccbbc1346145d4cfc93301e936788144a5f73a",
2026-09-12T04:34:16.1578464Z #           "current_drift_allowed": false
2026-09-12T04:34:16.1578782Z #         },
2026-09-12T04:34:16.1579000Z #         {
2026-09-12T04:34:16.1579479Z #           "path": "verification/testing/ci/v1.3.0/tools/validate-package.mjs",
2026-09-12T04:34:16.1580236Z #           "source": "implementation",
2026-09-12T04:34:16.1580622Z #           "historical_bytes": 3086,
2026-09-12T04:34:16.1581401Z #           "historical_sha256": "be0db8c467717488d2312360535650cdecf3700b1e671d42f9a1b88e6a03f581",
2026-09-12T04:34:16.1582015Z #           "current_bytes": 3086,
2026-09-12T04:34:16.1582648Z #           "current_sha256": "be0db8c467717488d2312360535650cdecf3700b1e671d42f9a1b88e6a03f581",
2026-09-12T04:34:16.1583295Z #           "current_drift_allowed": false
2026-09-12T04:34:16.1583537Z #         },
2026-09-12T04:34:16.1583758Z #         {
2026-09-12T04:34:16.1584052Z #           "path": "package.json",
2026-09-12T04:34:16.1584427Z #           "role": "root-package",
2026-09-12T04:34:16.1584789Z #           "source_commit": "bf46d92b0e4fc91457bd3eb78aa1742ae84038f2",
2026-09-12T04:34:16.1585241Z #           "bytes": 3666,
2026-09-12T04:34:16.1585635Z #           "sha256": "b6c3469c7b10ecb90114199c18c3ebb293d801b8c8a3521cb25ded2fdba8d05e",
2026-09-12T04:34:16.1586564Z #           "historical_bytes": 3555,
2026-09-12T04:34:16.1587256Z #           "historical_sha256": "25874c7d9464210794bd7a1467b117ef5fc71808fdf5e34726ea65181744561c",
2026-09-12T04:34:16.1587833Z #           "semantic": {
2026-09-12T04:34:16.1588185Z #             "chain": "pr003-root-chain",
2026-09-12T04:34:16.1588546Z #             "sequence": [
2026-09-12T04:34:16.1588908Z #               "npm run test:retrieval",
2026-09-12T04:34:16.1589313Z #               "npm run test:web",
2026-09-12T04:34:16.1589690Z #               "npm run test:worker",
2026-09-12T04:34:16.1590123Z #               "npm run test:research-program",
2026-09-12T04:34:16.1590550Z #               "npm run test:evaluation",
2026-09-12T04:34:16.1590975Z #               "npm run validate:evaluation",
2026-09-12T04:34:16.1591425Z #               "npm run verify:research-navigator"
2026-09-12T04:34:16.1591792Z #             ],
2026-09-12T04:34:16.1592362Z #             "registered_research_program": "node --test tests/research-program/*.test.mjs"
2026-09-12T04:34:16.1592892Z #           },
2026-09-12T04:34:16.1593191Z #           "source": "inventory",
2026-09-12T04:34:16.1593587Z #           "current_drift_allowed": true,
2026-09-12T04:34:16.1594016Z #           "reviewed_current_transition": true
2026-09-12T04:34:16.1594367Z #         },
2026-09-12T04:34:16.1594601Z #         {
2026-09-12T04:34:16.1594882Z #           "path": "package-lock.json",
2026-09-12T04:34:16.1595227Z #           "source": "inventory",
2026-09-12T04:34:16.1595558Z #           "historical_bytes": 134190,
2026-09-12T04:34:16.1596174Z #           "historical_sha256": "af2070ae111bc67c397b07e33b44c1fbd15bba31b63210990068943998e1bc28",
2026-09-12T04:34:16.1597525Z #           "current_bytes": 134907,
2026-09-12T04:34:16.1598132Z #           "current_sha256": "f90550e267d390cb7fc328319f0d2cf849b76a9e52b5e83f6eefc4a045d58ec8",
2026-09-12T04:34:16.1598880Z #           "current_drift_allowed": true
2026-09-12T04:34:16.1599189Z #         },
2026-09-12T04:34:16.1599407Z #         {
2026-09-12T04:34:16.1599644Z #           "path": ".nvmrc",
2026-09-12T04:34:16.1599983Z #           "source": "inventory",
2026-09-12T04:34:16.1600340Z #           "historical_bytes": 8,
2026-09-12T04:34:16.1600996Z #           "historical_sha256": "e1677620f62097e30fac6695180333d8eb9ead4fe5b1d1d6e01b76e049780059",
2026-09-12T04:34:16.1601596Z #           "current_bytes": 8,
2026-09-12T04:34:16.1602255Z #           "current_sha256": "e1677620f62097e30fac6695180333d8eb9ead4fe5b1d1d6e01b76e049780059",
2026-09-12T04:34:16.1602879Z #           "current_drift_allowed": false
2026-09-12T04:34:16.1603212Z #         },
2026-09-12T04:34:16.1603440Z #         {
2026-09-12T04:34:16.1603764Z #           "path": ".github/workflows/ci.yml",
2026-09-12T04:34:16.1606196Z #           "source": "inventory",
2026-09-12T04:34:16.1606778Z #           "historical_bytes": 1514,
2026-09-12T04:34:16.1607501Z #           "historical_sha256": "7f8a7cadc6d6b4b974cf3014a3df68fd3a18671304244cb31a08f87200e330fc",
2026-09-12T04:34:16.1608146Z #           "current_bytes": 1514,
2026-09-12T04:34:16.1608814Z #           "current_sha256": "7f8a7cadc6d6b4b974cf3014a3df68fd3a18671304244cb31a08f87200e330fc",
2026-09-12T04:34:16.1609448Z #           "current_drift_allowed": false
2026-09-12T04:34:16.1609764Z #         },
2026-09-12T04:34:16.1609990Z #         {
2026-09-12T04:34:16.1610355Z #           "path": "scripts/run-contract-suites.mjs",
2026-09-12T04:34:16.1610790Z #           "source": "inventory",
2026-09-12T04:34:16.1611166Z #           "historical_bytes": 23034,
2026-09-12T04:34:16.1611867Z #           "historical_sha256": "acfa8900758bbba0f72e0c1bb0374b6f1b55e6b40d4a8b254218b60e5c41b596",
2026-09-12T04:34:16.1612482Z #           "current_bytes": 29025,
2026-09-12T04:34:16.1613129Z #           "current_sha256": "3a13c51986e1cd90b530465d4e8fc30cc3763a86189d06930c4dbf6f65c5e261",
2026-09-12T04:34:16.1613755Z #           "current_drift_allowed": true
2026-09-12T04:34:16.1614254Z #         },
2026-09-12T04:34:16.1614476Z #         {
2026-09-12T04:34:16.1614889Z #           "path": "tests/contract-package-inventory.test.mjs",
2026-09-12T04:34:16.1615375Z #           "role": "root-inventory-test",
2026-09-12T04:34:16.1615907Z #           "source_commit": "bf46d92b0e4fc91457bd3eb78aa1742ae84038f2",
2026-09-12T04:34:16.1616492Z #           "bytes": 7842,
2026-09-12T04:34:16.1617091Z #           "sha256": "5ab3deb8457c1a66fc313011bb0d96039c90f5ae35e1e08a9d34c9ab24d6c24b",
2026-09-12T04:34:16.1617670Z #           "historical_bytes": 7809,
2026-09-12T04:34:16.1618377Z #           "historical_sha256": "2bdf766d6c69875160330d8bdf44fbd8d21bbfec43a9b7671c9d233e3ddc4bfa",
2026-09-12T04:34:16.1618964Z #           "semantic": {
2026-09-12T04:34:16.1620567Z #             "sequence_assertion": "assert.equal(rootPackage.scripts.test, 'npm run test:retrieval && npm run test:web && npm run test:worker && npm run test:research-program && npm run test:evaluation && npm run validate:evaluation && npm run verify:research-navigator')",
2026-09-12T04:34:16.1622065Z #             "aggregate_assertion": "navigator aggregate count assertion",
2026-09-12T04:34:16.1622590Z #             "legacy_assertions": true
2026-09-12T04:34:16.1622915Z #           },
2026-09-12T04:34:16.1623217Z #           "source": "inventory",
2026-09-12T04:34:16.1623707Z #           "current_drift_allowed": true,
2026-09-12T04:34:16.1624301Z #           "reviewed_current_transition": true
2026-09-12T04:34:16.1624649Z #         },
2026-09-12T04:34:16.1624899Z #         {
2026-09-12T04:34:16.1625362Z #           "path": "verification/testing/ci/v1.3.0/README.md",
2026-09-12T04:34:16.1625959Z #           "source": "inventory",
2026-09-12T04:34:16.1626333Z #           "historical_bytes": 316,
2026-09-12T04:34:16.1627227Z #           "historical_sha256": "84b4473fc8a614821aab3390c3d0c25f68d801adf3b000a3be44e29d056b48f8",
2026-09-12T04:34:16.1627879Z #           "current_bytes": 316,
2026-09-12T04:34:16.1628849Z #           "current_sha256": "84b4473fc8a614821aab3390c3d0c25f68d801adf3b000a3be44e29d056b48f8",
2026-09-12T04:34:16.1629495Z #           "current_drift_allowed": false
2026-09-12T04:34:16.1629831Z #         },
2026-09-12T04:34:16.1630059Z #         {
2026-09-12T04:34:16.1630464Z #           "path": "verification/testing/ci/v1.3.0/package.json",
2026-09-12T04:34:16.1630932Z #           "source": "inventory",
2026-09-12T04:34:16.1631294Z #           "historical_bytes": 412,
2026-09-12T04:34:16.1631979Z #           "historical_sha256": "d4acc030be30d9837c2c6fece64c6379af02ec083947303d30363cd34be2424b",
2026-09-12T04:34:16.1632476Z #           "current_bytes": 412,
2026-09-12T04:34:16.1632862Z #           "current_sha256": "d4acc030be30d9837c2c6fece64c6379af02ec083947303d30363cd34be2424b",
2026-09-12T04:34:16.1633249Z #           "current_drift_allowed": false
2026-09-12T04:34:16.1633452Z #         },
2026-09-12T04:34:16.1633604Z #         {
2026-09-12T04:34:16.1633920Z #           "path": "verification/testing/ci/v1.3.0/tests/ci-integration.test.mjs",
2026-09-12T04:34:16.1634254Z #           "source": "inventory",
2026-09-12T04:34:16.1634514Z #           "historical_bytes": 1807,
2026-09-12T04:34:16.1634931Z #           "historical_sha256": "f90efebc4f2166283de1d2b5a8adb13bd2cc7fcd93a000d0b20e179fcaa6df6b",
2026-09-12T04:34:16.1635311Z #           "current_bytes": 1807,
2026-09-12T04:34:16.1635698Z #           "current_sha256": "f90efebc4f2166283de1d2b5a8adb13bd2cc7fcd93a000d0b20e179fcaa6df6b",
2026-09-12T04:34:16.1636073Z #           "current_drift_allowed": false
2026-09-12T04:34:16.1636323Z #         },
2026-09-12T04:34:16.1636673Z #         {
2026-09-12T04:34:16.1637006Z #           "path": "verification/testing/ci/v1.3.0/tools/ci-inventory.mjs",
2026-09-12T04:34:16.1637455Z #           "source": "inventory",
2026-09-12T04:34:16.1637685Z #           "historical_bytes": 13576,
2026-09-12T04:34:16.1638091Z #           "historical_sha256": "543a728eb7d4874816ea470aaaccbbc1346145d4cfc93301e936788144a5f73a",
2026-09-12T04:34:16.1638745Z #           "current_bytes": 13576,
2026-09-12T04:34:16.1639160Z #           "current_sha256": "543a728eb7d4874816ea470aaaccbbc1346145d4cfc93301e936788144a5f73a",
2026-09-12T04:34:16.1639530Z #           "current_drift_allowed": false
2026-09-12T04:34:16.1639732Z #         },
2026-09-12T04:34:16.1639884Z #         {
2026-09-12T04:34:16.1640179Z #           "path": "verification/testing/ci/v1.3.0/tools/validate-package.mjs",
2026-09-12T04:34:16.1640500Z #           "source": "inventory",
2026-09-12T04:34:16.1640735Z #           "historical_bytes": 3086,
2026-09-12T04:34:16.1641139Z #           "historical_sha256": "be0db8c467717488d2312360535650cdecf3700b1e671d42f9a1b88e6a03f581",
2026-09-12T04:34:16.1641500Z #           "current_bytes": 3086,
2026-09-12T04:34:16.1641880Z #           "current_sha256": "be0db8c467717488d2312360535650cdecf3700b1e671d42f9a1b88e6a03f581",
2026-09-12T04:34:16.1642250Z #           "current_drift_allowed": false
2026-09-12T04:34:16.1654668Z #         }
2026-09-12T04:34:16.1654978Z #       ]
2026-09-12T04:34:16.1655184Z #     }
2026-09-12T04:34:16.1655405Z #   },
2026-09-12T04:34:16.1655623Z #   "current": {
2026-09-12T04:34:16.1656141Z #     "subject_sha256": "735eae6a3558b2284001f4cf4780408655cca8f19ff0f514ee552c48bdbf02a3",
2026-09-12T04:34:16.1656844Z #     "technical_status": "PASS",
2026-09-12T04:34:16.1657240Z #     "status": "pending_authorized_review",
2026-09-12T04:34:16.1657544Z #     "approval": null,
2026-09-12T04:34:16.1657932Z #     "approval_status": "absent_for_current_subject",
2026-09-12T04:34:16.1658320Z #     "release_gate_pass": false,
2026-09-12T04:34:16.1658658Z #     "release_ready": false,
2026-09-12T04:34:16.1658997Z #     "production_eligibility": false,
2026-09-12T04:34:16.1659372Z #     "implementation_file_count": 8,
2026-09-12T04:34:16.1659773Z #     "current_verifier_in_implementation_inventory": true
2026-09-12T04:34:16.1660189Z #   },
2026-09-12T04:34:16.1660393Z #   "boundaries": {
2026-09-12T04:34:16.1660755Z #     "historical_approval_reused": false,
2026-09-12T04:34:16.1661041Z #     "historical_receipt_overwritten": false,
2026-09-12T04:34:16.1661397Z #     "current_approval_issued": false,
2026-09-12T04:34:16.1661658Z #     "current_release_qualified": false,
2026-09-12T04:34:16.1661913Z #     "production_authorized": false,
2026-09-12T04:34:16.1662161Z #     "structural_inventory_only": true
2026-09-12T04:34:16.1662369Z #   }
2026-09-12T04:34:16.1662519Z # }
2026-09-12T04:34:16.2733006Z # Subtest: actual CI v1.4 runner executes test first and routes only validate through current verifier
2026-09-12T04:34:16.2743946Z ok 23 - actual CI v1.4 runner executes test first and routes only validate through current verifier
2026-09-12T04:34:16.2746000Z   ---
2026-09-12T04:34:16.2746537Z   duration_ms: 1023.101292
2026-09-12T04:34:16.2746939Z   type: 'test'
2026-09-12T04:34:16.2747328Z   ...
2026-09-12T04:34:16.2748027Z # [verify] /home/runner/work/_temp/ushso-pr085-v14-runner-HteQUx :: test
2026-09-12T04:34:16.6271659Z # > @ushso/pr085-v14-future-ci-fixture@1.5.0 test
2026-09-12T04:34:16.6272281Z # > node --test tests/pass.test.mjs
2026-09-12T04:34:16.6272633Z # TAP version 13
2026-09-12T04:34:16.6272943Z # \# Subtest: fixture test
2026-09-12T04:34:16.6273257Z # ok 1 - fixture test
2026-09-12T04:34:16.6273534Z #   ---
2026-09-12T04:34:16.6273803Z #   duration_ms: 0.967659
2026-09-12T04:34:16.6274225Z #   type: 'test'
2026-09-12T04:34:16.6274497Z #   ...
2026-09-12T04:34:16.6274743Z # 1..1
2026-09-12T04:34:16.6274984Z # \# tests 1
2026-09-12T04:34:16.6275370Z # \# suites 0
2026-09-12T04:34:16.6275613Z # \# pass 1
2026-09-12T04:34:16.6275840Z # \# fail 0
2026-09-12T04:34:16.6276083Z # \# cancelled 0
2026-09-12T04:34:16.6276334Z # \# skipped 0
2026-09-12T04:34:16.6276692Z # \# todo 0
2026-09-12T04:34:16.6276959Z # \# duration_ms 65.578118
2026-09-12T04:34:16.7000700Z # [verify] /home/runner/work/_temp/ushso-pr085-v14-runner-HteQUx :: validate
2026-09-12T04:34:16.8748210Z # > @ushso/pr085-v14-future-ci-fixture@1.5.0 validate
2026-09-12T04:34:16.8748611Z # > node -e "process.exit(17)"
2026-09-12T04:34:16.9872885Z # [verify] verification/testing/ci/v1.4.0 :: validate
2026-09-12T04:34:17.1830296Z # file:///home/runner/work/_temp/ushso-pr085-v14-error-0gvv5Q/error.mjs:1
2026-09-12T04:34:17.1834826Z # throw new Error('fixture verifier error')
2026-09-12T04:34:17.1835397Z #       ^
2026-09-12T04:34:17.1835888Z # Error: fixture verifier error
2026-09-12T04:34:17.1836965Z #     at file:///home/runner/work/_temp/ushso-pr085-v14-error-0gvv5Q/error.mjs:1:7
2026-09-12T04:34:17.1837977Z #     at ModuleJob.run (node:internal/modules/esm/module_job:274:25)
2026-09-12T04:34:17.1856546Z #     at async onImport.tracePromise.__proto__ (node:internal/modules/esm/loader:644:26)
2026-09-12T04:34:17.1857685Z #     at async asyncRunEntryPointWithESMLoader (node:internal/modules/run_main:116:5)
2026-09-12T04:34:17.1865415Z # Node.js v22.15.0
2026-09-12T04:34:17.3078689Z # [verify] verification/testing/ci/v1.4.0 :: validate
2026-09-12T04:34:17.6309153Z # [verify] /home/runner/work/_temp/ushso-pr085-v14-runner-9eQ6oy :: test
2026-09-12T04:34:17.9964536Z # > @ushso/pr085-v14-zero-fixture@1.0.0 test
2026-09-12T04:34:17.9965205Z # > node --test
2026-09-12T04:34:17.9965668Z # TAP version 13
2026-09-12T04:34:17.9966081Z # 1..0
2026-09-12T04:34:17.9966643Z # \# tests 0
2026-09-12T04:34:17.9967117Z # \# suites 0
2026-09-12T04:34:18.0002362Z # \# pass 0
2026-09-12T04:34:18.0002875Z # \# fail 0
2026-09-12T04:34:18.0003295Z # \# cancelled 0
2026-09-12T04:34:18.0003733Z # \# skipped 0
2026-09-12T04:34:18.0004147Z # \# todo 0
2026-09-12T04:34:18.0005350Z # \# duration_ms 9.261016
2026-09-12T04:34:18.1939835Z # Subtest: real runner subprocesses retain nonzero, error, timeout, and zero-test failures
2026-09-12T04:34:18.1978022Z ok 24 - real runner subprocesses retain nonzero, error, timeout, and zero-test failures
2026-09-12T04:34:18.2033870Z   ---
2026-09-12T04:34:18.2034522Z   duration_ms: 1921.020033
2026-09-12T04:34:18.2034990Z   type: 'test'
2026-09-12T04:34:18.2035374Z   ...
2026-09-12T04:34:18.2037649Z # {"status":"BLOCKED_APPROVAL_PENDING","package_id":"@ushso/ci-verification-successor-v1-4@1.4.0","subject_sha256":"17cd726e2b3aa61539302373683568a7300e58980f43a2255bd95896ea90bd5f","technical_status":"PASS","release_gate_pass":false}
2026-09-12T04:34:18.2039645Z # Subtest: direct successor v1.4 validation remains strict and cannot issue a receipt
2026-09-12T04:34:18.2040722Z ok 25 - direct successor v1.4 validation remains strict and cannot issue a receipt
2026-09-12T04:34:18.2041437Z   ---
2026-09-12T04:34:18.2041865Z   duration_ms: 2.530636
2026-09-12T04:34:18.2042346Z   type: 'test'
2026-09-12T04:34:18.2042785Z   ...
2026-09-12T04:34:18.2043513Z # Subtest: child execution helper and parser retain explicit failure semantics
2026-09-12T04:34:18.2044470Z ok 26 - child execution helper and parser retain explicit failure semantics
2026-09-12T04:34:18.2045096Z   ---
2026-09-12T04:34:18.2045482Z   duration_ms: 0.629429
2026-09-12T04:34:18.2045923Z   type: 'test'
2026-09-12T04:34:18.2046303Z   ...
2026-09-12T04:34:18.2192375Z # Subtest: pending draft cannot promote and record remains unchanged
2026-09-12T04:34:18.2217662Z ok 27 - pending draft cannot promote and record remains unchanged
2026-09-12T04:34:18.2227097Z   ---
2026-09-12T04:34:18.2236698Z   duration_ms: 2.002761
2026-09-12T04:34:18.2237404Z   type: 'test'
2026-09-12T04:34:18.2237850Z   ...
2026-09-12T04:34:18.2238570Z # Subtest: explicit authorization is required even for matching approval object
2026-09-12T04:34:18.2239603Z ok 28 - explicit authorization is required even for matching approval object
2026-09-12T04:34:18.2240292Z   ---
2026-09-12T04:34:18.2240721Z   duration_ms: 0.290057
2026-09-12T04:34:18.2241216Z   type: 'test'
2026-09-12T04:34:18.2241628Z   ...
2026-09-12T04:34:18.2242386Z # Subtest: verified fixture authorizes only its exact claim, not attached unrelated claim
2026-09-12T04:34:18.2243431Z ok 29 - verified fixture authorizes only its exact claim, not attached unrelated claim
2026-09-12T04:34:18.2244121Z   ---
2026-09-12T04:34:18.2244563Z   duration_ms: 0.383899
2026-09-12T04:34:18.2245371Z   type: 'test'
2026-09-12T04:34:18.2245787Z   ...
2026-09-12T04:34:18.2246285Z # Subtest: stale proposed text rejected
2026-09-12T04:34:18.2247044Z ok 30 - stale proposed text rejected
2026-09-12T04:34:18.2249068Z   ---
2026-09-12T04:34:18.2287839Z   duration_ms: 0.218329
2026-09-12T04:34:18.2288306Z   type: 'test'
2026-09-12T04:34:18.2288617Z   ...
2026-09-12T04:34:18.2289044Z # Subtest: wrong generation rejected even with rehashed proposal
2026-09-12T04:34:18.2289763Z ok 31 - wrong generation rejected even with rehashed proposal
2026-09-12T04:34:18.2290365Z   ---
2026-09-12T04:34:18.2290771Z   duration_ms: 0.31186
2026-09-12T04:34:18.2291208Z   type: 'test'
2026-09-12T04:34:18.2291609Z   ...
2026-09-12T04:34:18.2292218Z # Subtest: changed source and changed baseline rejected
2026-09-12T04:34:18.2292924Z ok 32 - changed source and changed baseline rejected
2026-09-12T04:34:18.2293464Z   ---
2026-09-12T04:34:18.2293900Z   duration_ms: 0.249747
2026-09-12T04:34:18.2294347Z   type: 'test'
2026-09-12T04:34:18.2294745Z   ...
2026-09-12T04:34:18.2295334Z # Subtest: card-level approval does not approve a named claim
2026-09-12T04:34:18.2296104Z ok 33 - card-level approval does not approve a named claim
2026-09-12T04:34:18.2296917Z   ---
2026-09-12T04:34:18.2297330Z   duration_ms: 0.297879
2026-09-12T04:34:18.2297768Z   type: 'test'
2026-09-12T04:34:18.2298160Z   ...
2026-09-12T04:34:18.2298744Z # Subtest: stale approval and arbitrary field assignment rejected
2026-09-12T04:34:18.2299548Z ok 34 - stale approval and arbitrary field assignment rejected
2026-09-12T04:34:18.2300140Z   ---
2026-09-12T04:34:18.2300723Z   duration_ms: 0.23868
2026-09-12T04:34:18.2301159Z   type: 'test'
2026-09-12T04:34:18.2301556Z   ...
2026-09-12T04:34:18.2302030Z # Subtest: duplicate decision rejected
2026-09-12T04:34:18.2302632Z ok 35 - duplicate decision rejected
2026-09-12T04:34:18.2303127Z   ---
2026-09-12T04:34:18.2303522Z   duration_ms: 0.747037
2026-09-12T04:34:18.2304283Z   type: 'test'
2026-09-12T04:34:18.2304701Z   ...
2026-09-12T04:34:18.2305384Z # Subtest: truthy values and unawaited authorization promises cannot approve
2026-09-12T04:34:18.2306302Z ok 36 - truthy values and unawaited authorization promises cannot approve
2026-09-12T04:34:18.2307087Z   ---
2026-09-12T04:34:18.2307484Z   duration_ms: 0.640236
2026-09-12T04:34:18.2307927Z   type: 'test'
2026-09-12T04:34:18.2308336Z   ...
2026-09-12T04:34:18.2309153Z # Subtest: public HHA painted cells recover literal spaced variable names and bounded continuation
2026-09-12T04:34:18.2310291Z ok 37 - public HHA painted cells recover literal spaced variable names and bounded continuation
2026-09-12T04:34:18.2311013Z   ---
2026-09-12T04:34:18.2311423Z   duration_ms: 28.914271
2026-09-12T04:34:18.2311858Z   type: 'test'
2026-09-12T04:34:18.2312255Z   ...
2026-09-12T04:34:18.2313028Z # Subtest: public hospital cost grammar retains worksheet cells separately from labels
2026-09-12T04:34:18.2314204Z ok 38 - public hospital cost grammar retains worksheet cells separately from labels
2026-09-12T04:34:18.2314918Z   ---
2026-09-12T04:34:18.2315320Z   duration_ms: 13.867393
2026-09-12T04:34:18.2315760Z   type: 'test'
2026-09-12T04:34:18.2316156Z   ...
2026-09-12T04:34:18.2316987Z # Subtest: changed continuation column boundaries do not inherit ownership
2026-09-12T04:34:18.2318105Z ok 39 - changed continuation column boundaries do not inherit ownership
2026-09-12T04:34:18.2318719Z   ---
2026-09-12T04:34:18.2319123Z   duration_ms: 4.900451
2026-09-12T04:34:18.2319574Z   type: 'test'
2026-09-12T04:34:18.2319985Z   ...
2026-09-12T04:34:18.2320631Z # Subtest: unpainted or missing row borders cannot establish a table
2026-09-12T04:34:18.2321471Z ok 40 - unpainted or missing row borders cannot establish a table
2026-09-12T04:34:18.2322093Z   ---
2026-09-12T04:34:18.2322514Z   duration_ms: 3.197973
2026-09-12T04:34:18.2322980Z   type: 'test'
2026-09-12T04:34:18.2323407Z   ...
2026-09-12T04:34:18.2324160Z # Subtest: multiline or unpositioned text is isolated beside a healthy publisher page
2026-09-12T04:34:18.2325543Z ok 41 - multiline or unpositioned text is isolated beside a healthy publisher page
2026-09-12T04:34:18.2326252Z   ---
2026-09-12T04:34:18.2326862Z   duration_ms: 18.012925
2026-09-12T04:34:18.2327324Z   type: 'test'
2026-09-12T04:34:18.2327729Z   ...
2026-09-12T04:34:18.2328458Z # Subtest: duplicate literal field identities remain isolated rather than overwritten
2026-09-12T04:34:18.2329501Z ok 42 - duplicate literal field identities remain isolated rather than overwritten
2026-09-12T04:34:18.2330210Z   ---
2026-09-12T04:34:18.2330650Z   duration_ms: 18.193693
2026-09-12T04:34:18.2331120Z   type: 'test'
2026-09-12T04:34:18.2331538Z   ...
2026-09-12T04:34:18.2332181Z # Subtest: malformed page collection is a typed unavailable outcome
2026-09-12T04:34:18.2332980Z ok 43 - malformed page collection is a typed unavailable outcome
2026-09-12T04:34:18.2333600Z   ---
2026-09-12T04:34:18.2334002Z   duration_ms: 0.335957
2026-09-12T04:34:18.2334449Z   type: 'test'
2026-09-12T04:34:18.2334861Z   ...
2026-09-12T04:34:18.2335566Z # Subtest: a new heading outside the continuation grid prevents header inheritance
2026-09-12T04:34:18.2336723Z ok 44 - a new heading outside the continuation grid prevents header inheritance
2026-09-12T04:34:18.2337427Z   ---
2026-09-12T04:34:18.2337837Z   duration_ms: 5.708299
2026-09-12T04:34:18.2338286Z   type: 'test'
2026-09-12T04:34:18.2338690Z   ...
2026-09-12T04:34:18.2339361Z # Subtest: a gap in one interior vertical border isolates only its affected row
2026-09-12T04:34:18.2340282Z ok 45 - a gap in one interior vertical border isolates only its affected row
2026-09-12T04:34:18.2340907Z   ---
2026-09-12T04:34:18.2341313Z   duration_ms: 21.342056
2026-09-12T04:34:18.2341757Z   type: 'test'
2026-09-12T04:34:18.2342181Z   ...
2026-09-12T04:34:18.2342854Z # Subtest: text exactly on a row border is retained as a typed isolation outcome
2026-09-12T04:34:18.2343963Z ok 46 - text exactly on a row border is retained as a typed isolation outcome
2026-09-12T04:34:18.2344610Z   ---
2026-09-12T04:34:18.2345003Z   duration_ms: 9.518074
2026-09-12T04:34:18.2345443Z   type: 'test'
2026-09-12T04:34:18.2345833Z   ...
2026-09-12T04:34:18.2346598Z # Subtest: text exactly on a column divider cannot silently enter either cell
2026-09-12T04:34:18.2347459Z ok 47 - text exactly on a column divider cannot silently enter either cell
2026-09-12T04:34:18.2348093Z   ---
2026-09-12T04:34:18.2348498Z   duration_ms: 9.277392
2026-09-12T04:34:18.2348927Z   type: 'test'
2026-09-12T04:34:18.2349327Z   ...
2026-09-12T04:34:18.2350204Z # Subtest: CMS hospital dictionary preserves multiword identifiers, worksheet locators and continuation notes
2026-09-12T04:34:18.2351485Z ok 48 - CMS hospital dictionary preserves multiword identifiers, worksheet locators and continuation notes
2026-09-12T04:34:18.2352276Z   ---
2026-09-12T04:34:18.2352672Z   duration_ms: 1.796709
2026-09-12T04:34:18.2353109Z   type: 'test'
2026-09-12T04:34:18.2353516Z   ...
2026-09-12T04:34:18.2354239Z # Subtest: CMS unsupported bytes and broken headers fail closed
2026-09-12T04:34:18.2355103Z ok 49 - CMS unsupported bytes and broken headers fail closed
2026-09-12T04:34:18.2355677Z   ---
2026-09-12T04:34:18.2356081Z   duration_ms: 0.449498
2026-09-12T04:34:18.2356662Z   type: 'test'
2026-09-12T04:34:18.2357083Z   ...
2026-09-12T04:34:18.2357794Z # Subtest: actual-corpus-shaped record, catalog and resources binding required
2026-09-12T04:34:18.2358766Z ok 50 - actual-corpus-shaped record, catalog and resources binding required
2026-09-12T04:34:18.2359416Z   ---
2026-09-12T04:34:18.2359822Z   duration_ms: 1.331317
2026-09-12T04:34:18.2360267Z   type: 'test'
2026-09-12T04:34:18.2360654Z   ...
2026-09-12T04:34:18.2361252Z # Subtest: stale generation and rewritten baseline hash are rejected
2026-09-12T04:34:18.2362074Z ok 51 - stale generation and rewritten baseline hash are rejected
2026-09-12T04:34:18.2362673Z   ---
2026-09-12T04:34:18.2363094Z   duration_ms: 0.475346
2026-09-12T04:34:18.2363556Z   type: 'test'
2026-09-12T04:34:18.2364194Z   ...
2026-09-12T04:34:18.2364871Z # Subtest: distribution mutation cannot be authorized by a source record self hash
2026-09-12T04:34:18.2365923Z ok 52 - distribution mutation cannot be authorized by a source record self hash
2026-09-12T04:34:18.2366790Z   ---
2026-09-12T04:34:18.2367206Z   duration_ms: 0.477259
2026-09-12T04:34:18.2367854Z   type: 'test'
2026-09-12T04:34:18.2368263Z   ...
2026-09-12T04:34:18.2368903Z # Subtest: publisher PDF link and resource self identity mismatches fail
2026-09-12T04:34:18.2369822Z ok 53 - publisher PDF link and resource self identity mismatches fail
2026-09-12T04:34:18.2370446Z   ---
2026-09-12T04:34:18.2370836Z   duration_ms: 0.497491
2026-09-12T04:34:18.2371263Z   type: 'test'
2026-09-12T04:34:18.2371654Z   ...
2026-09-12T04:34:18.2372290Z # Subtest: clinical fragmented headers retain three literal painted rows
2026-09-12T04:34:18.2373152Z ok 54 - clinical fragmented headers retain three literal painted rows
2026-09-12T04:34:18.2373765Z   ---
2026-09-12T04:34:18.2374172Z   duration_ms: 7.889363
2026-09-12T04:34:18.2374609Z   type: 'test'
2026-09-12T04:34:18.2375007Z   ...
2026-09-12T04:34:18.2375644Z # Subtest: removing ownership border prevents header reconstruction
2026-09-12T04:34:18.2376587Z ok 55 - removing ownership border prevents header reconstruction
2026-09-12T04:34:18.2377244Z   ---
2026-09-12T04:34:18.2377638Z   duration_ms: 3.557951
2026-09-12T04:34:18.2378077Z   type: 'test'
2026-09-12T04:34:18.2378481Z   ...
2026-09-12T04:34:18.2379064Z # Subtest: cross-column merged header text stays unsupported
2026-09-12T04:34:18.2379836Z ok 56 - cross-column merged header text stays unsupported
2026-09-12T04:34:18.2380393Z   ---
2026-09-12T04:34:18.2380792Z   duration_ms: 1.4192
2026-09-12T04:34:18.2381207Z   type: 'test'
2026-09-12T04:34:18.2381606Z   ...
2026-09-12T04:34:18.2382195Z # Subtest: real REACH segmented row borders remain unresolved
2026-09-12T04:34:18.2383135Z ok 57 - real REACH segmented row borders remain unresolved
2026-09-12T04:34:18.2383777Z   ---
2026-09-12T04:34:18.2384184Z   duration_ms: 3.645398
2026-09-12T04:34:18.2384659Z   type: 'test'
2026-09-12T04:34:18.2385046Z   ...
2026-09-12T04:34:18.2385746Z # Subtest: term-only Medicare Demonstrations does not invent variable identities
2026-09-12T04:34:18.2386853Z ok 58 - term-only Medicare Demonstrations does not invent variable identities
2026-09-12T04:34:18.2387662Z   ---
2026-09-12T04:34:18.2388067Z   duration_ms: 1.608837
2026-09-12T04:34:18.2388501Z   type: 'test'
2026-09-12T04:34:18.2388889Z   ...
2026-09-12T04:34:18.2389492Z # Subtest: malformed page isolated beside healthy publisher page
2026-09-12T04:34:18.2390300Z ok 59 - malformed page isolated beside healthy publisher page
2026-09-12T04:34:18.2390880Z   ---
2026-09-12T04:34:18.2391275Z   duration_ms: 1.945274
2026-09-12T04:34:18.2391702Z   type: 'test'
2026-09-12T04:34:18.2392227Z   ...
2026-09-12T04:34:18.2392958Z # Subtest: malformed peers and no-row records isolate without removing valid context
2026-09-12T04:34:18.2393941Z ok 60 - malformed peers and no-row records isolate without removing valid context
2026-09-12T04:34:18.2394611Z   ---
2026-09-12T04:34:18.2395021Z   duration_ms: 1.408724
2026-09-12T04:34:18.2395472Z   type: 'test'
2026-09-12T04:34:18.2395876Z   ...
2026-09-12T04:34:18.2396728Z # Subtest: multiple release or document contexts never silently concatenate
2026-09-12T04:34:18.2397643Z ok 61 - multiple release or document contexts never silently concatenate
2026-09-12T04:34:18.2398275Z   ---
2026-09-12T04:34:18.2398671Z   duration_ms: 0.342868
2026-09-12T04:34:18.2399108Z   type: 'test'
2026-09-12T04:34:18.2399506Z   ...
2026-09-12T04:34:18.2400229Z # Subtest: invalid hash and wrong generation rejected before reading external inputs
2026-09-12T04:34:18.2401204Z ok 62 - invalid hash and wrong generation rejected before reading external inputs
2026-09-12T04:34:18.2401869Z   ---
2026-09-12T04:34:18.2402282Z   duration_ms: 0.830513
2026-09-12T04:34:18.2402718Z   type: 'test'
2026-09-12T04:34:18.2403149Z   ...
2026-09-12T04:34:18.2403942Z # Subtest: centered variable owns only text inside its publisher row
2026-09-12T04:34:18.2404757Z ok 63 - centered variable owns only text inside its publisher row
2026-09-12T04:34:18.2405342Z   ---
2026-09-12T04:34:18.2405729Z   duration_ms: 2.604067
2026-09-12T04:34:18.2406156Z   type: 'test'
2026-09-12T04:34:18.2406701Z   ...
2026-09-12T04:34:18.2407277Z # Subtest: multipage repeated headers do not become variables
2026-09-12T04:34:18.2408028Z ok 64 - multipage repeated headers do not become variables
2026-09-12T04:34:18.2408569Z   ---
2026-09-12T04:34:18.2408957Z   duration_ms: 0.955041
2026-09-12T04:34:18.2409366Z   type: 'test'
2026-09-12T04:34:18.2409746Z   ...
2026-09-12T04:34:18.2410371Z # Subtest: unidentified continuation row stays unresolved, not appended
2026-09-12T04:34:18.2411210Z ok 65 - unidentified continuation row stays unresolved, not appended
2026-09-12T04:34:18.2411808Z   ---
2026-09-12T04:34:18.2412192Z   duration_ms: 0.270438
2026-09-12T04:34:18.2412628Z   type: 'test'
2026-09-12T04:34:18.2413022Z   ...
2026-09-12T04:34:18.2413586Z # Subtest: duplicate identities across pages are isolated
2026-09-12T04:34:18.2414278Z ok 66 - duplicate identities across pages are isolated
2026-09-12T04:34:18.2414812Z   ---
2026-09-12T04:34:18.2415180Z   duration_ms: 0.276086
2026-09-12T04:34:18.2415626Z   type: 'test'
2026-09-12T04:34:18.2416026Z   ...
2026-09-12T04:34:18.2416747Z # Subtest: missing borders do not fall back to text proximity
2026-09-12T04:34:18.2417488Z ok 67 - missing borders do not fall back to text proximity
2026-09-12T04:34:18.2418050Z   ---
2026-09-12T04:34:18.2418441Z   duration_ms: 0.224318
2026-09-12T04:34:18.2418866Z   type: 'test'
2026-09-12T04:34:18.2419264Z   ...
2026-09-12T04:34:18.2419858Z # Subtest: malformed peer page does not interrupt a valid page
2026-09-12T04:34:18.2420622Z ok 68 - malformed peer page does not interrupt a valid page
2026-09-12T04:34:18.2421184Z   ---
2026-09-12T04:34:18.2421766Z   duration_ms: 0.190788
2026-09-12T04:34:18.2422249Z   type: 'test'
2026-09-12T04:34:18.2422651Z   ...
2026-09-12T04:34:18.2423229Z # Subtest: unsafe geometry and page limit reject explicitly
2026-09-12T04:34:18.2423984Z ok 69 - unsafe geometry and page limit reject explicitly
2026-09-12T04:34:18.2424545Z   ---
2026-09-12T04:34:18.2424973Z   duration_ms: 0.530009
2026-09-12T04:34:18.2425408Z   type: 'test'
2026-09-12T04:34:18.2425804Z   ...
2026-09-12T04:34:18.2426708Z # Subtest: multiline span is isolated instead of assigning two rows to one baseline
2026-09-12T04:34:18.2427733Z ok 70 - multiline span is isolated instead of assigning two rows to one baseline
2026-09-12T04:34:18.2428422Z   ---
2026-09-12T04:34:18.2428833Z   duration_ms: 0.200302
2026-09-12T04:34:18.2429409Z   type: 'test'
2026-09-12T04:34:18.2429887Z   ...
2026-09-12T04:34:18.2430476Z # Subtest: legacy unqualified rectangle capture is rejected
2026-09-12T04:34:18.2431243Z ok 71 - legacy unqualified rectangle capture is rejected
2026-09-12T04:34:18.2431815Z   ---
2026-09-12T04:34:18.2432260Z   duration_ms: 0.349437
2026-09-12T04:34:18.2432715Z   type: 'test'
2026-09-12T04:34:18.2433131Z   ...
2026-09-12T04:34:18.2433813Z # Subtest: actual CMS centered rank definitions retain current/prior ownership
2026-09-12T04:34:18.2434721Z ok 72 - actual CMS centered rank definitions retain current/prior ownership
2026-09-12T04:34:18.2435359Z   ---
2026-09-12T04:34:18.2435768Z   duration_ms: 0.867709
2026-09-12T04:34:18.2436214Z   type: 'test'
2026-09-12T04:34:18.2436751Z   ...
2026-09-12T04:34:18.2437372Z # Subtest: actual CMS two-page ACO dictionary has 36 unique bounded rows
2026-09-12T04:34:18.2438227Z ok 73 - actual CMS two-page ACO dictionary has 36 unique bounded rows
2026-09-12T04:34:18.2438818Z   ---
2026-09-12T04:34:18.2439220Z   duration_ms: 1.837191
2026-09-12T04:34:18.2439644Z   type: 'test'
2026-09-12T04:34:18.2440036Z   ...
2026-09-12T04:34:18.2440762Z # Subtest: actual PBJ terms preserve definitions without inventing variable names
2026-09-12T04:34:18.2441701Z ok 74 - actual PBJ terms preserve definitions without inventing variable names
2026-09-12T04:34:18.2442531Z   ---
2026-09-12T04:34:18.2442938Z   duration_ms: 4.958193
2026-09-12T04:34:18.2443365Z   type: 'test'
2026-09-12T04:34:18.2443760Z   ...
2026-09-12T04:34:18.2444271Z # Subtest: wrapped footnote term stays unresolved
2026-09-12T04:34:18.2444930Z ok 75 - wrapped footnote term stays unresolved
2026-09-12T04:34:18.2445430Z   ---
2026-09-12T04:34:18.2445836Z   duration_ms: 0.928621
2026-09-12T04:34:18.2446276Z   type: 'test'
2026-09-12T04:34:18.2446834Z   ...
2026-09-12T04:34:18.2447415Z # Subtest: unpainted legacy geometry cannot generate terms
2026-09-12T04:34:18.2448150Z ok 76 - unpainted legacy geometry cannot generate terms
2026-09-12T04:34:18.2448691Z   ---
2026-09-12T04:34:18.2449093Z   duration_ms: 0.51743
2026-09-12T04:34:18.2449522Z   type: 'test'
2026-09-12T04:34:18.2449923Z   ...
2026-09-12T04:34:18.2450688Z # Subtest: public HHA layout retains CHAR identifiers, wrapped names and bounded evidence spans
2026-09-12T04:34:18.2457537Z ok 77 - public HHA layout retains CHAR identifiers, wrapped names and bounded evidence spans
2026-09-12T04:34:18.2458368Z   ---
2026-09-12T04:34:18.2458766Z   duration_ms: 3.732469
2026-09-12T04:34:18.2459205Z   type: 'test'
2026-09-12T04:34:18.2459592Z   ...
2026-09-12T04:34:18.2460318Z # Subtest: Muse cross-page SNF definition is explicitly incomplete, never silently closed
2026-09-12T04:34:18.2461351Z ok 78 - Muse cross-page SNF definition is explicitly incomplete, never silently closed
2026-09-12T04:34:18.2462037Z   ---
2026-09-12T04:34:18.2462420Z   duration_ms: 2.020652
2026-09-12T04:34:18.2462850Z   type: 'test'
2026-09-12T04:34:18.2463237Z   ...
2026-09-12T04:34:18.2463996Z # Subtest: ACO fixed-width columns separate wrapped label from definition without invented types
2026-09-12T04:34:18.2465074Z ok 79 - ACO fixed-width columns separate wrapped label from definition without invented types
2026-09-12T04:34:18.2465745Z   ---
2026-09-12T04:34:18.2466325Z   duration_ms: 1.353762
2026-09-12T04:34:18.2466942Z   type: 'test'
2026-09-12T04:34:18.2467318Z   ...
2026-09-12T04:34:18.2468093Z # Subtest: layout parsers reject missing headers, narrow cells, duplicate names and ambiguous rows
2026-09-12T04:34:18.2469217Z ok 80 - layout parsers reject missing headers, narrow cells, duplicate names and ambiguous rows
2026-09-12T04:34:18.2469964Z   ---
2026-09-12T04:34:18.2470360Z   duration_ms: 1.186439
2026-09-12T04:34:18.2470777Z   type: 'test'
2026-09-12T04:34:18.2471170Z   ...
2026-09-12T04:34:18.2471864Z # Subtest: CMS layout adapter consumes parser rows without rewriting parser semantics
2026-09-12T04:34:18.2472859Z ok 81 - CMS layout adapter consumes parser rows without rewriting parser semantics
2026-09-12T04:34:18.2473503Z   ---
2026-09-12T04:34:18.2473872Z   duration_ms: 5.314625
2026-09-12T04:34:18.2474287Z   type: 'test'
2026-09-12T04:34:18.2474668Z   ...
2026-09-12T04:34:18.2475326Z # Subtest: CMS explicit wire spellings without mapping evidence stay unresolved
2026-09-12T04:34:18.2476222Z ok 82 - CMS explicit wire spellings without mapping evidence stay unresolved
2026-09-12T04:34:18.2476986Z   ---
2026-09-12T04:34:18.2477373Z   duration_ms: 1.652282
2026-09-12T04:34:18.2477784Z   type: 'test'
2026-09-12T04:34:18.2478173Z   ...
2026-09-12T04:34:18.2478879Z # Subtest: CMS explicit exact and reviewed-alias mappings with evidence remain supported
2026-09-12T04:34:18.2479882Z ok 83 - CMS explicit exact and reviewed-alias mappings with evidence remain supported
2026-09-12T04:34:18.2480674Z   ---
2026-09-12T04:34:18.2480995Z   duration_ms: 7.340279
2026-09-12T04:34:18.2481299Z   type: 'test'
2026-09-12T04:34:18.2481559Z   ...
2026-09-12T04:34:18.2482266Z # Subtest: CMS record isolation updates a healthy record and preserves failed peer from the same package
2026-09-12T04:34:18.2483303Z ok 84 - CMS record isolation updates a healthy record and preserves failed peer from the same package
2026-09-12T04:34:18.2483913Z   ---
2026-09-12T04:34:18.2484174Z   duration_ms: 136.756583
2026-09-12T04:34:18.2484482Z   type: 'test'
2026-09-12T04:34:18.2484945Z   ...
2026-09-12T04:34:18.2485553Z # Subtest: CMS whole-group historical policy does not silently opt into partial adoption
2026-09-12T04:34:18.2486588Z ok 85 - CMS whole-group historical policy does not silently opt into partial adoption
2026-09-12T04:34:18.2487121Z   ---
2026-09-12T04:34:18.2487379Z   duration_ms: 39.369017
2026-09-12T04:34:18.2487672Z   type: 'test'
2026-09-12T04:34:18.2487909Z   ...
2026-09-12T04:34:18.2488401Z # Subtest: CMS unchanged repeat revalidates and reproduces complete closure
2026-09-12T04:34:18.2489130Z ok 86 - CMS unchanged repeat revalidates and reproduces complete closure
2026-09-12T04:34:18.2489591Z   ---
2026-09-12T04:34:18.2489845Z   duration_ms: 33.060744
2026-09-12T04:34:18.2490120Z   type: 'test'
2026-09-12T04:34:18.2490362Z   ...
2026-09-12T04:34:18.2490929Z # Subtest: CMS same filename changed definition invalidates retained proposal and resume
2026-09-12T04:34:18.2491769Z ok 87 - CMS same filename changed definition invalidates retained proposal and resume
2026-09-12T04:34:18.2492281Z   ---
2026-09-12T04:34:18.2492528Z   duration_ms: 36.400405
2026-09-12T04:34:18.2492819Z   type: 'test'
2026-09-12T04:34:18.2493054Z   ...
2026-09-12T04:34:18.2493560Z # Subtest: CMS failed family retains healthy verified baseline without approval
2026-09-12T04:34:18.2494319Z ok 88 - CMS failed family retains healthy verified baseline without approval
2026-09-12T04:34:18.2494786Z   ---
2026-09-12T04:34:18.2495035Z   duration_ms: 28.779327
2026-09-12T04:34:18.2495316Z   type: 'test'
2026-09-12T04:34:18.2495558Z   ...
2026-09-12T04:34:18.2495982Z # Subtest: CMS receipt tampering cannot be returned as verified
2026-09-12T04:34:18.2496742Z ok 89 - CMS receipt tampering cannot be returned as verified
2026-09-12T04:34:18.2497149Z   ---
2026-09-12T04:34:18.2497435Z   duration_ms: 168.881005
2026-09-12T04:34:18.2497721Z   type: 'test'
2026-09-12T04:34:18.2497953Z   ...
2026-09-12T04:34:18.2498564Z # Subtest: CMS composition tampering invalidates completed resume
2026-09-12T04:34:18.2499186Z ok 90 - CMS composition tampering invalidates completed resume
2026-09-12T04:34:18.2499597Z   ---
2026-09-12T04:34:18.2499840Z   duration_ms: 53.894619
2026-09-12T04:34:18.2500129Z   type: 'test'
2026-09-12T04:34:18.2500362Z   ...
2026-09-12T04:34:18.2500812Z # Subtest: CMS recomputed closure rejects a rewritten receipt checksum
2026-09-12T04:34:18.2501453Z ok 91 - CMS recomputed closure rejects a rewritten receipt checksum
2026-09-12T04:34:18.2501866Z   ---
2026-09-12T04:34:18.2502103Z   duration_ms: 46.061621
2026-09-12T04:34:18.2502386Z   type: 'test'
2026-09-12T04:34:18.2502619Z   ...
2026-09-12T04:34:18.2503080Z # Subtest: CMS review-only boundary rejects a rewritten approval receipt
2026-09-12T04:34:18.2503757Z ok 92 - CMS review-only boundary rejects a rewritten approval receipt
2026-09-12T04:34:18.2504182Z   ---
2026-09-12T04:34:18.2504414Z   duration_ms: 29.984535
2026-09-12T04:34:18.2504703Z   type: 'test'
2026-09-12T04:34:18.2504941Z   ...
2026-09-12T04:34:18.2505473Z # Subtest: CMS duplicate record within a job is rejected before output creation
2026-09-12T04:34:18.2506235Z ok 93 - CMS duplicate record within a job is rejected before output creation
2026-09-12T04:34:18.2506972Z   ---
2026-09-12T04:34:18.2507222Z   duration_ms: 9.163825
2026-09-12T04:34:18.2507509Z   type: 'test'
2026-09-12T04:34:18.2507741Z   ...
2026-09-12T04:34:18.2508343Z # Subtest: CMS new pinned plan produces changed definition while preserving historical baseline
2026-09-12T04:34:18.2509260Z ok 94 - CMS new pinned plan produces changed definition while preserving historical baseline
2026-09-12T04:34:18.2509791Z   ---
2026-09-12T04:34:18.2510032Z   duration_ms: 113.921064
2026-09-12T04:34:18.2510350Z   type: 'test'
2026-09-12T04:34:18.2510589Z   ...
2026-09-12T04:34:18.2511101Z # Subtest: CMS resumes identical retained failures but rejects changed bad bytes
2026-09-12T04:34:18.2518722Z ok 95 - CMS resumes identical retained failures but rejects changed bad bytes
2026-09-12T04:34:18.2519224Z   ---
2026-09-12T04:34:18.2519677Z   duration_ms: 51.642201
2026-09-12T04:34:18.2519991Z   type: 'test'
2026-09-12T04:34:18.2520238Z   ...
2026-09-12T04:34:18.2520725Z # Subtest: CMS keeps unchanged oversized retained failures fail-closed
2026-09-12T04:34:18.2521414Z ok 96 - CMS keeps unchanged oversized retained failures fail-closed
2026-09-12T04:34:18.2521838Z   ---
2026-09-12T04:34:18.2522079Z   duration_ms: 85.759013
2026-09-12T04:34:18.2522372Z   type: 'test'
2026-09-12T04:34:18.2522614Z   ...
2026-09-12T04:34:18.2523235Z # Subtest: CMS keeps changed oversized retained failures fail-closed even when size is unchanged
2026-09-12T04:34:18.2524170Z ok 97 - CMS keeps changed oversized retained failures fail-closed even when size is unchanged
2026-09-12T04:34:18.2524701Z   ---
2026-09-12T04:34:18.2524941Z   duration_ms: 409.953185
2026-09-12T04:34:18.2525233Z   type: 'test'
2026-09-12T04:34:18.2525452Z   ...
2026-09-12T04:34:18.2525918Z # Subtest: CMS keeps unchanged missing retained failures fail-closed
2026-09-12T04:34:18.2526716Z ok 98 - CMS keeps unchanged missing retained failures fail-closed
2026-09-12T04:34:18.2527098Z   ---
2026-09-12T04:34:18.2527311Z   duration_ms: 30.51212
2026-09-12T04:34:18.2527580Z   type: 'test'
2026-09-12T04:34:18.2527807Z   ...
2026-09-12T04:34:18.2528342Z # Subtest: CMS baseline spec replacement after initial pin is rejected before completion
2026-09-12T04:34:18.2529166Z ok 99 - CMS baseline spec replacement after initial pin is rejected before completion
2026-09-12T04:34:18.2529644Z   ---
2026-09-12T04:34:18.2529871Z   duration_ms: 19.680405
2026-09-12T04:34:18.2530148Z   type: 'test'
2026-09-12T04:34:18.2551761Z   ...
2026-09-12T04:34:18.2552395Z # Subtest: every versioned contract package is private, unique, and independently verifiable
2026-09-12T04:34:18.2553319Z ok 100 - every versioned contract package is private, unique, and independently verifiable
2026-09-12T04:34:18.2553858Z   ---
2026-09-12T04:34:18.2554107Z   duration_ms: 13.877809
2026-09-12T04:34:18.2554637Z   type: 'test'
2026-09-12T04:34:18.2554907Z   ...
2026-09-12T04:34:18.2555508Z # Subtest: all required evaluation and verification packages are dynamically discoverable
2026-09-12T04:34:18.2556791Z ok 101 - all required evaluation and verification packages are dynamically discoverable
2026-09-12T04:34:18.2557481Z   ---
2026-09-12T04:34:18.2557726Z   duration_ms: 10.048384
2026-09-12T04:34:18.2558033Z   type: 'test'
2026-09-12T04:34:18.2558282Z   ...
2026-09-12T04:34:18.2558907Z # Subtest: all workspace package names are unique across contracts, evaluation, and verification
2026-09-12T04:34:18.2559882Z ok 102 - all workspace package names are unique across contracts, evaluation, and verification
2026-09-12T04:34:18.2560462Z   ---
2026-09-12T04:34:18.2560716Z   duration_ms: 57.320099
2026-09-12T04:34:18.2561014Z   type: 'test'
2026-09-12T04:34:18.2561258Z   ...
2026-09-12T04:34:18.2561804Z # Subtest: package-lock is structurally consistent with every discovered workspace
2026-09-12T04:34:18.2562620Z ok 103 - package-lock is structurally consistent with every discovered workspace
2026-09-12T04:34:18.2563129Z   ---
2026-09-12T04:34:18.2563371Z   duration_ms: 48.874988
2026-09-12T04:34:18.2563669Z   type: 'test'
2026-09-12T04:34:18.2563916Z   ...
2026-09-12T04:34:18.2564395Z # Subtest: Node 22 and Node 24 test summaries both parse to nonzero counts
2026-09-12T04:34:18.2565089Z ok 104 - Node 22 and Node 24 test summaries both parse to nonzero counts
2026-09-12T04:34:18.2565536Z   ---
2026-09-12T04:34:18.2565787Z   duration_ms: 0.436929
2026-09-12T04:34:18.2566081Z   type: 'test'
2026-09-12T04:34:18.2566328Z   ...
2026-09-12T04:34:18.2567042Z # Subtest: spawnSync EPERM is tolerated only with a successful numeric exit status
2026-09-12T04:34:18.2567844Z ok 105 - spawnSync EPERM is tolerated only with a successful numeric exit status
2026-09-12T04:34:18.2568346Z   ---
2026-09-12T04:34:18.2568593Z   duration_ms: 0.65005
2026-09-12T04:34:18.2568882Z   type: 'test'
2026-09-12T04:34:18.2569192Z   ...
2026-09-12T04:34:18.2569584Z # Subtest: sealed receipt snapshot changes fail closed
2026-09-12T04:34:18.2570330Z ok 106 - sealed receipt snapshot changes fail closed
2026-09-12T04:34:18.2570708Z   ---
2026-09-12T04:34:18.2570950Z   duration_ms: 0.288004
2026-09-12T04:34:18.2571241Z   type: 'test'
2026-09-12T04:34:18.2571489Z   ...
2026-09-12T04:34:18.2572104Z # Subtest: root npm test preserves legacy gates and invokes the navigator aggregate exactly once
2026-09-12T04:34:18.2573037Z ok 107 - root npm test preserves legacy gates and invokes the navigator aggregate exactly once
2026-09-12T04:34:18.2573592Z   ---
2026-09-12T04:34:18.2573832Z   duration_ms: 1.327582
2026-09-12T04:34:18.2574121Z   type: 'test'
2026-09-12T04:34:18.2574366Z   ...
2026-09-12T04:34:18.2574986Z # Subtest: CI is least-privilege, bounded, Node 22 compatible, and contains no external mutations
2026-09-12T04:34:18.2575918Z ok 108 - CI is least-privilege, bounded, Node 22 compatible, and contains no external mutations
2026-09-12T04:34:18.2576781Z   ---
2026-09-12T04:34:18.2577042Z   duration_ms: 2.102701
2026-09-12T04:34:18.2577325Z   type: 'test'
2026-09-12T04:34:18.2577562Z   ...
2026-09-12T04:34:18.2578196Z # Subtest: configuration preflight preserves secrets and distinguishes missing/invalid/configured
2026-09-12T04:34:18.2579202Z ok 109 - configuration preflight preserves secrets and distinguishes missing/invalid/configured
2026-09-12T04:34:18.2579796Z   ---
2026-09-12T04:34:18.2580043Z   duration_ms: 0.852185
2026-09-12T04:34:18.2580325Z   type: 'test'
2026-09-12T04:34:18.2580562Z   ...
2026-09-12T04:34:18.2581336Z # Subtest: independent Workers share traversal; mid-pagination rotation invalidates old cursors and restart succeeds
2026-09-12T04:34:18.2582537Z ok 110 - independent Workers share traversal; mid-pagination rotation invalidates old cursors and restart succeeds
2026-09-12T04:34:18.2583204Z   ---
2026-09-12T04:34:18.2583461Z   duration_ms: 89.322016
2026-09-12T04:34:18.2583755Z   type: 'test'
2026-09-12T04:34:18.2584004Z   ...
2026-09-12T04:34:18.2584859Z # Subtest: Muse: publisher metadata classification uses whole words, not candidate/mandate substrings
2026-09-12T04:34:18.2585901Z ok 111 - Muse: publisher metadata classification uses whole words, not candidate/mandate substrings
2026-09-12T04:34:18.2586805Z   ---
2026-09-12T04:34:18.2587063Z   duration_ms: 1.74429
2026-09-12T04:34:18.2587341Z   type: 'test'
2026-09-12T04:34:18.2587589Z   ...
2026-09-12T04:34:18.2588127Z # Subtest: malformed dataset identifier is a typed 400 and does not open the catalog
2026-09-12T04:34:18.2588969Z ok 112 - malformed dataset identifier is a typed 400 and does not open the catalog
2026-09-12T04:34:18.2589477Z   ---
2026-09-12T04:34:18.2589799Z   duration_ms: 20.419129
2026-09-12T04:34:18.2590097Z   type: 'test'
2026-09-12T04:34:18.2590338Z   ...
2026-09-12T04:34:18.2590773Z # Subtest: valid encoded dataset identifier remains a 200 result
2026-09-12T04:34:18.2591411Z ok 113 - valid encoded dataset identifier remains a 200 result
2026-09-12T04:34:18.2591830Z   ---
2026-09-12T04:34:18.2592100Z   duration_ms: 1.487143
2026-09-12T04:34:18.2592366Z   type: 'test'
2026-09-12T04:34:18.2592599Z   ...
2026-09-12T04:34:18.2593048Z # Subtest: well-formed unknown dataset identifier remains a typed 404
2026-09-12T04:34:18.2593717Z ok 114 - well-formed unknown dataset identifier remains a typed 404
2026-09-12T04:34:18.2594144Z   ---
2026-09-12T04:34:18.2611892Z   duration_ms: 0.714547
2026-09-12T04:34:18.2612207Z   type: 'test'
2026-09-12T04:34:18.2612455Z   ...
2026-09-12T04:34:18.2613056Z # Subtest: malformed dataset HEAD is a typed status without a response body or catalog lookup
2026-09-12T04:34:18.2613961Z ok 115 - malformed dataset HEAD is a typed status without a response body or catalog lookup
2026-09-12T04:34:18.2614512Z   ---
2026-09-12T04:34:18.2614765Z   duration_ms: 0.627927
2026-09-12T04:34:18.2615063Z   type: 'test'
2026-09-12T04:34:18.2615317Z   ...
2026-09-12T04:34:18.2615960Z # Subtest: subset retains exact oversized values and issues without unselected record descriptors
2026-09-12T04:34:18.2645236Z ok 116 - subset retains exact oversized values and issues without unselected record descriptors
2026-09-12T04:34:18.2645848Z   ---
2026-09-12T04:34:18.2646113Z   duration_ms: 111.584546
2026-09-12T04:34:18.2646593Z   type: 'test'
2026-09-12T04:34:18.2646843Z   ...
2026-09-12T04:34:18.2647428Z # Subtest: subset rejects duplicate and unknown record requests before output creation
2026-09-12T04:34:18.2648296Z ok 117 - subset rejects duplicate and unknown record requests before output creation
2026-09-12T04:34:18.2648824Z   ---
2026-09-12T04:34:18.2649072Z   duration_ms: 14.117841
2026-09-12T04:34:18.2649381Z   type: 'test'
2026-09-12T04:34:18.2649634Z   ...
2026-09-12T04:34:18.2650092Z # Subtest: subset cannot hide corruption by selecting zero records
2026-09-12T04:34:18.2650754Z ok 118 - subset cannot hide corruption by selecting zero records
2026-09-12T04:34:18.2651188Z   ---
2026-09-12T04:34:18.2651430Z   duration_ms: 7.360881
2026-09-12T04:34:18.2651737Z   type: 'test'
2026-09-12T04:34:18.2651989Z   ...
2026-09-12T04:34:18.2652522Z # Subtest: subset keeps an explicit empty graph and refuses historical overwrite
2026-09-12T04:34:18.2653294Z ok 119 - subset keeps an explicit empty graph and refuses historical overwrite
2026-09-12T04:34:18.2653785Z   ---
2026-09-12T04:34:18.2654029Z   duration_ms: 22.847136
2026-09-12T04:34:18.2654329Z   type: 'test'
2026-09-12T04:34:18.2654583Z   ...
2026-09-12T04:34:18.2655012Z # Subtest: isolated issue source values and locators verified
2026-09-12T04:34:18.2655622Z ok 120 - isolated issue source values and locators verified
2026-09-12T04:34:18.2656028Z   ---
2026-09-12T04:34:18.2656269Z   duration_ms: 13.250302
2026-09-12T04:34:18.2656713Z   type: 'test'
2026-09-12T04:34:18.2656950Z   ...
2026-09-12T04:34:18.2657338Z # Subtest: missing isolated issue reference fails closure
2026-09-12T04:34:18.2657899Z ok 121 - missing isolated issue reference fails closure
2026-09-12T04:34:18.2658288Z   ---
2026-09-12T04:34:18.2658734Z   duration_ms: 7.356224
2026-09-12T04:34:18.2659026Z   type: 'test'
2026-09-12T04:34:18.2659280Z   ...
2026-09-12T04:34:18.2659782Z # Subtest: removing issue reference cannot bypass exact source comparison
2026-09-12T04:34:18.2660501Z ok 122 - removing issue reference cannot bypass exact source comparison
2026-09-12T04:34:18.2660969Z   ---
2026-09-12T04:34:18.2661216Z   duration_ms: 8.027511
2026-09-12T04:34:18.2661503Z   type: 'test'
2026-09-12T04:34:18.2661765Z   ...
2026-09-12T04:34:18.2662193Z # Subtest: complete graph reconstructs exact oversized value
2026-09-12T04:34:18.2662801Z ok 123 - complete graph reconstructs exact oversized value
2026-09-12T04:34:18.2663208Z   ---
2026-09-12T04:34:18.2663454Z   duration_ms: 6.670886
2026-09-12T04:34:18.2663735Z   type: 'test'
2026-09-12T04:34:18.2663981Z   ...
2026-09-12T04:34:18.2664402Z # Subtest: legacy stubs without preview literals remain valid
2026-09-12T04:34:18.2664999Z ok 124 - legacy stubs without preview literals remain valid
2026-09-12T04:34:18.2665407Z   ---
2026-09-12T04:34:18.2665660Z   duration_ms: 6.884482
2026-09-12T04:34:18.2665943Z   type: 'test'
2026-09-12T04:34:18.2666195Z   ...
2026-09-12T04:34:18.2671838Z # Subtest: matching stub preview equals restored original
2026-09-12T04:34:18.2672434Z ok 125 - matching stub preview equals restored original
2026-09-12T04:34:18.2672838Z   ---
2026-09-12T04:34:18.2673100Z   duration_ms: 14.506377
2026-09-12T04:34:18.2673397Z   type: 'test'
2026-09-12T04:34:18.2673647Z   ...
2026-09-12T04:34:18.2674037Z # Subtest: forged stub preview rejected by closure
2026-09-12T04:34:18.2674560Z ok 126 - forged stub preview rejected by closure
2026-09-12T04:34:18.2674932Z   ---
2026-09-12T04:34:18.2675179Z   duration_ms: 8.947173
2026-09-12T04:34:18.2675464Z   type: 'test'
2026-09-12T04:34:18.2675718Z   ...
2026-09-12T04:34:18.2676132Z # Subtest: invalid stub preview type rejected by closure
2026-09-12T04:34:18.2676983Z ok 127 - invalid stub preview type rejected by closure
2026-09-12T04:34:18.2677373Z   ---
2026-09-12T04:34:18.2677630Z   duration_ms: 9.922589
2026-09-12T04:34:18.2678129Z   type: 'test'
2026-09-12T04:34:18.2678377Z   ...
2026-09-12T04:34:18.2678775Z # Subtest: oversize stub preview rejected by closure
2026-09-12T04:34:18.2679301Z ok 128 - oversize stub preview rejected by closure
2026-09-12T04:34:18.2679678Z   ---
2026-09-12T04:34:18.2679924Z   duration_ms: 11.490664
2026-09-12T04:34:18.2680216Z   type: 'test'
2026-09-12T04:34:18.2680464Z   ...
2026-09-12T04:34:18.2680806Z # Subtest: missing record fails graph closure
2026-09-12T04:34:18.2681273Z ok 129 - missing record fails graph closure
2026-09-12T04:34:18.2681630Z   ---
2026-09-12T04:34:18.2681874Z   duration_ms: 4.391217
2026-09-12T04:34:18.2682163Z   type: 'test'
2026-09-12T04:34:18.2699660Z   ...
2026-09-12T04:34:18.2700030Z # Subtest: altered page bytes fail hash
2026-09-12T04:34:18.2700482Z ok 130 - altered page bytes fail hash
2026-09-12T04:34:18.2700810Z   ---
2026-09-12T04:34:18.2701059Z   duration_ms: 8.430129
2026-09-12T04:34:18.2701349Z   type: 'test'
2026-09-12T04:34:18.2701606Z   ...
2026-09-12T04:34:18.2702014Z # Subtest: duplicate record identity fails explicitly
2026-09-12T04:34:18.2702546Z ok 131 - duplicate record identity fails explicitly
2026-09-12T04:34:18.2702918Z   ---
2026-09-12T04:34:18.2706672Z   duration_ms: 15.117829
2026-09-12T04:34:18.2707057Z   type: 'test'
2026-09-12T04:34:18.2707312Z   ...
2026-09-12T04:34:18.2707700Z # Subtest: tampered supplement fragment fails hash
2026-09-12T04:34:18.2708224Z ok 132 - tampered supplement fragment fails hash
2026-09-12T04:34:18.2708605Z   ---
2026-09-12T04:34:18.2708850Z   duration_ms: 6.874938
2026-09-12T04:34:18.2709129Z   type: 'test'
2026-09-12T04:34:18.2709378Z   ...
2026-09-12T04:34:18.2709824Z # Subtest: source value disagreement fails even with intact graph
2026-09-12T04:34:18.2710465Z ok 133 - source value disagreement fails even with intact graph
2026-09-12T04:34:18.2710884Z   ---
2026-09-12T04:34:18.2711125Z   duration_ms: 12.447312
2026-09-12T04:34:18.2711406Z   type: 'test'
2026-09-12T04:34:18.2711833Z   ...
2026-09-12T04:34:18.2712319Z # Subtest: composition rejects overlaps and rebuilds deterministically
2026-09-12T04:34:18.2713016Z ok 134 - composition rejects overlaps and rebuilds deterministically
2026-09-12T04:34:18.2713455Z   ---
2026-09-12T04:34:18.2713690Z   duration_ms: 27.449737
2026-09-12T04:34:18.2713975Z   type: 'test'
2026-09-12T04:34:18.2714227Z   ...
2026-09-12T04:34:18.2714533Z # Subtest: noninteger counts rejected
2026-09-12T04:34:18.2714948Z ok 135 - noninteger counts rejected
2026-09-12T04:34:18.2715273Z   ---
2026-09-12T04:34:18.2715523Z   duration_ms: 149.552374
2026-09-12T04:34:18.2715812Z   type: 'test'
2026-09-12T04:34:18.2716054Z   ...
2026-09-12T04:34:18.2726659Z # Subtest: duplicate supplement bindings rejected
2026-09-12T04:34:18.2727255Z ok 136 - duplicate supplement bindings rejected
2026-09-12T04:34:18.2727641Z   ---
2026-09-12T04:34:18.2727903Z   duration_ms: 107.667768
2026-09-12T04:34:18.2728194Z   type: 'test'
2026-09-12T04:34:18.2729150Z   ...
2026-09-12T04:34:18.2729518Z # Subtest: unsorted record order rejected
2026-09-12T04:34:18.2729965Z ok 137 - unsorted record order rejected
2026-09-12T04:34:18.2730297Z   ---
2026-09-12T04:34:18.2730550Z   duration_ms: 31.945608
2026-09-12T04:34:18.2730845Z   type: 'test'
2026-09-12T04:34:18.2731100Z   ...
2026-09-12T04:34:18.2731632Z # Subtest: publisher description within 4KiB is preserved exactly on the stub
2026-09-12T04:34:18.2732407Z ok 138 - publisher description within 4KiB is preserved exactly on the stub
2026-09-12T04:34:18.2732868Z   ---
2026-09-12T04:34:18.2733109Z   duration_ms: 3.507905
2026-09-12T04:34:18.2733380Z   type: 'test'
2026-09-12T04:34:18.2733617Z   ...
2026-09-12T04:34:18.2734083Z # Subtest: oversized UTF-8 preview property is omitted not truncated
2026-09-12T04:34:18.2734738Z ok 139 - oversized UTF-8 preview property is omitted not truncated
2026-09-12T04:34:18.2735162Z   ---
2026-09-12T04:34:18.2735385Z   duration_ms: 3.190797
2026-09-12T04:34:18.2735649Z   type: 'test'
2026-09-12T04:34:18.2735882Z   ...
2026-09-12T04:34:18.2736878Z # Subtest: full field fragment bytes and hash stay unchanged when stub carries preview
2026-09-12T04:34:18.2737732Z ok 140 - full field fragment bytes and hash stay unchanged when stub carries preview
2026-09-12T04:34:18.2738234Z   ---
2026-09-12T04:34:18.2738467Z   duration_ms: 5.315066
2026-09-12T04:34:18.2738737Z   type: 'test'
2026-09-12T04:34:18.2738971Z   ...
2026-09-12T04:34:18.2739497Z # Subtest: compose manifest creation must fail if another writer wins after mkdir
2026-09-12T04:34:18.2740303Z ok 141 - compose manifest creation must fail if another writer wins after mkdir
2026-09-12T04:34:18.2740788Z   ---
2026-09-12T04:34:18.2741030Z   duration_ms: 5.412783
2026-09-12T04:34:18.2741306Z   type: 'test'
2026-09-12T04:34:18.2741543Z   ...
2026-09-12T04:34:18.2742007Z # Subtest: review context with an empty descriptor evidence array is typed
2026-09-12T04:34:18.2742723Z ok 142 - review context with an empty descriptor evidence array is typed
2026-09-12T04:34:18.2743153Z   ---
2026-09-12T04:34:18.2743771Z   duration_ms: 8.237152
2026-09-12T04:34:18.2744057Z   type: 'test'
2026-09-12T04:34:18.2744290Z   ...
2026-09-12T04:34:18.2745031Z # Subtest: composition contract accepts omitted and true scientific_approval metadata while publication stays denied
2026-09-12T04:34:18.2749348Z ok 143 - composition contract accepts omitted and true scientific_approval metadata while publication stays denied
2026-09-12T04:34:18.2750052Z   ---
2026-09-12T04:34:18.2750303Z   duration_ms: 9.766979
2026-09-12T04:34:18.2750584Z   type: 'test'
2026-09-12T04:34:18.2750826Z   ...
2026-09-12T04:34:18.2751380Z # Subtest: composition moves superseded package isolation to hash-bound history
2026-09-12T04:34:18.2752197Z ok 144 - composition moves superseded package isolation to hash-bound history
2026-09-12T04:34:18.2752689Z   ---
2026-09-12T04:34:18.2752931Z   duration_ms: 11.048437
2026-09-12T04:34:18.2753213Z   type: 'test'
2026-09-12T04:34:18.2753447Z   ...
2026-09-12T04:34:18.2754256Z # Subtest: composition preserves history across a later composition and stays deterministic
2026-09-12T04:34:18.2755182Z ok 145 - composition preserves history across a later composition and stays deterministic
2026-09-12T04:34:18.2755725Z   ---
2026-09-12T04:34:18.2755968Z   duration_ms: 32.983468
2026-09-12T04:34:18.2756254Z   type: 'test'
2026-09-12T04:34:18.2756649Z   ...
2026-09-12T04:34:18.2757312Z # Subtest: verify-only binds exact records and source packages while allowing pinned identity output
2026-09-12T04:34:18.2758360Z ok 146 - verify-only binds exact records and source packages while allowing pinned identity output
2026-09-12T04:34:18.2758937Z   ---
2026-09-12T04:34:18.2759171Z   duration_ms: 41.169788
2026-09-12T04:34:18.2759455Z   type: 'test'
2026-09-12T04:34:18.2759692Z   ...
2026-09-12T04:34:18.2760391Z # Subtest: verify-only rejects expected source files inside output and tampered descriptor identity
2026-09-12T04:34:18.2761472Z ok 147 - verify-only rejects expected source files inside output and tampered descriptor identity
2026-09-12T04:34:18.2762105Z   ---
2026-09-12T04:34:18.2762366Z   duration_ms: 44.985553
2026-09-12T04:34:18.2762668Z   type: 'test'
2026-09-12T04:34:18.2762910Z   ...
2026-09-12T04:34:18.2763590Z # Subtest: composition rejects source symlinks resolving into output and accepts external links
2026-09-12T04:34:18.2764620Z ok 148 - composition rejects source symlinks resolving into output and accepts external links
2026-09-12T04:34:18.2765214Z   ---
2026-09-12T04:34:18.2765489Z   duration_ms: 22.999255
2026-09-12T04:34:18.2765790Z   type: 'test'
2026-09-12T04:34:18.2766056Z   ...
2026-09-12T04:34:18.2766698Z # Subtest: supplement binding encoding cannot contradict its descriptor
2026-09-12T04:34:18.2767470Z ok 149 - supplement binding encoding cannot contradict its descriptor
2026-09-12T04:34:18.2767952Z   ---
2026-09-12T04:34:18.2768216Z   duration_ms: 7.796643
2026-09-12T04:34:18.2768508Z   type: 'test'
2026-09-12T04:34:18.2768764Z   ...
2026-09-12T04:34:18.2769322Z # Subtest: composition verifies and copies parser issue sidecars
2026-09-12T04:34:18.2770192Z ok 150 - composition verifies and copies parser issue sidecars
2026-09-12T04:34:18.2770604Z   ---
2026-09-12T04:34:18.2770850Z   duration_ms: 26.429554
2026-09-12T04:34:18.2771152Z   type: 'test'
2026-09-12T04:34:18.2771385Z   ...
2026-09-12T04:34:18.2771996Z # Subtest: large concepts and enums reassemble byte-exactly across multibyte boundaries
2026-09-12T04:34:18.2773825Z ok 151 - large concepts and enums reassemble byte-exactly across multibyte boundaries
2026-09-12T04:34:18.2774360Z   ---
2026-09-12T04:34:18.2774605Z   duration_ms: 107.645805
2026-09-12T04:34:18.2774886Z   type: 'test'
2026-09-12T04:34:18.2775115Z   ...
2026-09-12T04:34:18.2775610Z # Subtest: cursors cannot cross fields or switch from supplement to normal listing
2026-09-12T04:34:18.2776542Z ok 152 - cursors cannot cross fields or switch from supplement to normal listing
2026-09-12T04:34:18.2777028Z   ---
2026-09-12T04:34:18.2777265Z   duration_ms: 36.273469
2026-09-12T04:34:18.2777556Z   type: 'test'
2026-09-12T04:34:18.2827522Z   ...
2026-09-12T04:34:18.2828119Z # Subtest: fragment substitution and unpinned fields fail closed
2026-09-12T04:34:18.2828777Z ok 153 - fragment substitution and unpinned fields fail closed
2026-09-12T04:34:18.2829203Z   ---
2026-09-12T04:34:18.2829453Z   duration_ms: 24.584436
2026-09-12T04:34:18.2829750Z   type: 'test'
2026-09-12T04:34:18.2829995Z   ...
2026-09-12T04:34:18.2830713Z # Subtest: review dictionary pages are bounded, complete in packaged order, and remain scientifically partial
2026-09-12T04:34:18.2831837Z ok 154 - review dictionary pages are bounded, complete in packaged order, and remain scientifically partial
2026-09-12T04:34:18.2832452Z   ---
2026-09-12T04:34:18.2832694Z   duration_ms: 71.463584
2026-09-12T04:34:18.2832979Z   type: 'test'
2026-09-12T04:34:18.2833230Z   ...
2026-09-12T04:34:18.2833973Z # Subtest: independent Worker shared keys continue; altered cursors, generation and dictionary bytes fail closed
2026-09-12T04:34:18.2835407Z ok 155 - independent Worker shared keys continue; altered cursors, generation and dictionary bytes fail closed
2026-09-12T04:34:18.2836078Z   ---
2026-09-12T04:34:18.2836329Z   duration_ms: 51.269209
2026-09-12T04:34:18.2836781Z   type: 'test'
2026-09-12T04:34:18.2837029Z   ...
2026-09-12T04:34:18.2837657Z # Subtest: disabled route, invalid filters and baseline substitution do not expose proposals
2026-09-12T04:34:18.2838590Z ok 156 - disabled route, invalid filters and baseline substitution do not expose proposals
2026-09-12T04:34:18.2839135Z   ---
2026-09-12T04:34:18.2839382Z   duration_ms: 28.515074
2026-09-12T04:34:18.2839671Z   type: 'test'
2026-09-12T04:34:18.2839919Z   ...
2026-09-12T04:34:18.2840615Z # Subtest: oversized fields remain losslessly available through bounded supplements beside valid peers
2026-09-12T04:34:18.2841659Z ok 157 - oversized fields remain losslessly available through bounded supplements beside valid peers
2026-09-12T04:34:18.2842267Z   ---
2026-09-12T04:34:18.2842520Z   duration_ms: 45.467364
2026-09-12T04:34:18.2842812Z   type: 'test'
2026-09-12T04:34:18.2843060Z   ...
2026-09-12T04:34:18.2843684Z # Subtest: packager isolates malformed proposal beside valid peer and refuses stale output reuse
2026-09-12T04:34:18.2844636Z ok 158 - packager isolates malformed proposal beside valid peer and refuses stale output reuse
2026-09-12T04:34:18.2845198Z   ---
2026-09-12T04:34:18.2845437Z   duration_ms: 18.07306
2026-09-12T04:34:18.2845717Z   type: 'test'
2026-09-12T04:34:18.2845959Z   ...
2026-09-12T04:34:18.2846990Z # Subtest: self-consistent altered descriptions cannot replace publisher evidence and every field reference resolves
2026-09-12T04:34:18.2848203Z ok 159 - self-consistent altered descriptions cannot replace publisher evidence and every field reference resolves
2026-09-12T04:34:18.2848878Z   ---
2026-09-12T04:34:18.2849139Z   duration_ms: 22.967172
2026-09-12T04:34:18.2849431Z   type: 'test'
2026-09-12T04:34:18.2849688Z   ...
2026-09-12T04:34:18.2850116Z # Subtest: byte parity and immutable input: Hospital costs
2026-09-12T04:34:18.2850958Z ok 160 - byte parity and immutable input: Hospital costs
2026-09-12T04:34:18.2851354Z   ---
2026-09-12T04:34:18.2851601Z   duration_ms: 38.937722
2026-09-12T04:34:18.2851877Z   type: 'test'
2026-09-12T04:34:18.2852129Z   ...
2026-09-12T04:34:18.2852561Z # Subtest: byte parity and immutable input: Cities and counties
2026-09-12T04:34:18.2853156Z ok 161 - byte parity and immutable input: Cities and counties
2026-09-12T04:34:18.2853554Z   ---
2026-09-12T04:34:18.2853785Z   duration_ms: 14.990907
2026-09-12T04:34:18.2854060Z   type: 'test'
2026-09-12T04:34:18.2854293Z   ...
2026-09-12T04:34:18.2854737Z # Subtest: byte parity and immutable input: Boxes churches dishes
2026-09-12T04:34:18.2855353Z ok 162 - byte parity and immutable input: Boxes churches dishes
2026-09-12T04:34:18.2855753Z   ---
2026-09-12T04:34:18.2855983Z   duration_ms: 12.834936
2026-09-12T04:34:18.2856255Z   type: 'test'
2026-09-12T04:34:18.2857587Z   ...
2026-09-12T04:34:18.2858377Z # Subtest: byte parity and immutable input: Café naïve HÔSPITAL
2026-09-12T04:34:18.2859084Z ok 163 - byte parity and immutable input: Café naïve HÔSPITAL
2026-09-12T04:34:18.2859494Z   ---
2026-09-12T04:34:18.2859731Z   duration_ms: 11.202404
2026-09-12T04:34:18.2860009Z   type: 'test'
2026-09-12T04:34:18.2860250Z   ...
2026-09-12T04:34:18.2860748Z # Subtest: byte parity and immutable input: hospital-costs, county/rates
2026-09-12T04:34:18.2861463Z ok 164 - byte parity and immutable input: hospital-costs, county/rates
2026-09-12T04:34:18.2861919Z   ---
2026-09-12T04:34:18.2862160Z   duration_ms: 15.186063
2026-09-12T04:34:18.2862441Z   type: 'test'
2026-09-12T04:34:18.2862682Z   ...
2026-09-12T04:34:18.2863064Z # Subtest: byte parity and immutable input: hospital
2026-09-12T04:34:18.2863590Z ok 165 - byte parity and immutable input: hospital
2026-09-12T04:34:18.2863963Z   ---
2026-09-12T04:34:18.2864206Z   duration_ms: 23.38706
2026-09-12T04:34:18.2864488Z   type: 'test'
2026-09-12T04:34:18.2864959Z   ...
2026-09-12T04:34:18.2865466Z # Subtest: byte parity and immutable input: hospitals hospitals hospital
2026-09-12T04:34:18.2866160Z ok 166 - byte parity and immutable input: hospitals hospitals hospital
2026-09-12T04:34:18.2866884Z   ---
2026-09-12T04:34:18.2867147Z   duration_ms: 11.414434
2026-09-12T04:34:18.2867431Z   type: 'test'
2026-09-12T04:34:18.2867662Z   ...
2026-09-12T04:34:18.2868098Z # Subtest: byte parity and immutable input: buses bus business
2026-09-12T04:34:18.2868702Z ok 167 - byte parity and immutable input: buses bus business
2026-09-12T04:34:18.2869117Z   ---
2026-09-12T04:34:18.2869360Z   duration_ms: 7.851971
2026-09-12T04:34:18.2869630Z   type: 'test'
2026-09-12T04:34:18.2869867Z   ...
2026-09-12T04:34:18.2870481Z # Subtest: raw-token dedup preserves singular-token order including duplicates and boundaries
2026-09-12T04:34:18.2871396Z ok 168 - raw-token dedup preserves singular-token order including duplicates and boundaries
2026-09-12T04:34:18.2871915Z   ---
2026-09-12T04:34:18.2872164Z   duration_ms: 0.662229
2026-09-12T04:34:18.2872426Z   type: 'test'
2026-09-12T04:34:18.2872653Z   ...
2026-09-12T04:34:18.2873251Z # Subtest: Muse CMS cache: exact bytes/parser pass; URL substitutions, edits and missing peers fail
2026-09-12T04:34:18.2874154Z ok 169 - Muse CMS cache: exact bytes/parser pass; URL substitutions, edits and missing peers fail
2026-09-12T04:34:18.2874698Z   ---
2026-09-12T04:34:18.2874940Z   duration_ms: 1.859755
2026-09-12T04:34:18.2875207Z   type: 'test'
2026-09-12T04:34:18.2875433Z   ...
2026-09-12T04:34:18.5711093Z # Subtest: publishes canonical committed blobs and exactly reuses the immutable set
2026-09-12T04:34:18.5712237Z ok 170 - publishes canonical committed blobs and exactly reuses the immutable set
2026-09-12T04:34:18.5712952Z   ---
2026-09-12T04:34:18.5713358Z   duration_ms: 435.082402
2026-09-12T04:34:18.5713794Z   type: 'test'
2026-09-12T04:34:18.5714193Z   ...
2026-09-12T04:34:18.5714929Z # Subtest: concurrent publication claims never overwrite or mix immutable bytes
2026-09-12T04:34:18.5717168Z ok 171 - concurrent publication claims never overwrite or mix immutable bytes
2026-09-12T04:34:18.5718061Z   ---
2026-09-12T04:34:18.5718610Z   duration_ms: 540.74731
2026-09-12T04:34:18.5719149Z   type: 'test'
2026-09-12T04:34:18.5719548Z   ...
2026-09-12T04:34:18.7237572Z # Subtest: refuses a mixed existing publication without overwriting it
2026-09-12T04:34:18.7238952Z ok 172 - refuses a mixed existing publication without overwriting it
2026-09-12T04:34:18.7267087Z   ---
2026-09-12T04:34:18.7297018Z   duration_ms: 152.529384
2026-09-12T04:34:18.7298126Z   type: 'test'
2026-09-12T04:34:18.7307089Z   ...
2026-09-12T04:34:19.1358307Z # Subtest: refuses a partial existing publication without filling it in
2026-09-12T04:34:19.1359424Z ok 173 - refuses a partial existing publication without filling it in
2026-09-12T04:34:19.1359889Z   ---
2026-09-12T04:34:19.1360138Z   duration_ms: 413.164494
2026-09-12T04:34:19.1360423Z   type: 'test'
2026-09-12T04:34:19.1360708Z   ...
2026-09-12T04:34:19.2768400Z # Subtest: rejects malformed and nonexistent commit revisions before publication
2026-09-12T04:34:19.2769483Z ok 174 - rejects malformed and nonexistent commit revisions before publication
2026-09-12T04:34:19.2770107Z   ---
2026-09-12T04:34:19.2770747Z   duration_ms: 139.944355
2026-09-12T04:34:19.2771132Z   type: 'test'
2026-09-12T04:34:19.2771457Z   ...
2026-09-12T04:34:19.4162199Z # Subtest: rejects an unsafe authority even when its committed schema permits it
2026-09-12T04:34:19.4163393Z ok 175 - rejects an unsafe authority even when its committed schema permits it
2026-09-12T04:34:19.4164058Z   ---
2026-09-12T04:34:19.4164453Z   duration_ms: 139.595453
2026-09-12T04:34:19.4164889Z   type: 'test'
2026-09-12T04:34:19.4165258Z   ...
2026-09-12T04:34:19.5337834Z # Subtest: rejects a schema-valid committed catalog with invalid semantic references
2026-09-12T04:34:19.5343702Z ok 176 - rejects a schema-valid committed catalog with invalid semantic references
2026-09-12T04:34:19.5345813Z   ---
2026-09-12T04:34:19.5346342Z   duration_ms: 117.758797
2026-09-12T04:34:19.5347249Z   type: 'test'
2026-09-12T04:34:19.5347639Z   ...
2026-09-12T04:34:19.7271505Z # Subtest: enforces both fixed hc-metrics source paths
2026-09-12T04:34:19.7285279Z ok 177 - enforces both fixed hc-metrics source paths
2026-09-12T04:34:19.7285728Z   ---
2026-09-12T04:34:19.7285967Z   duration_ms: 194.190994
2026-09-12T04:34:19.7286235Z   type: 'test'
2026-09-12T04:34:19.7286612Z   ...
2026-09-12T04:34:19.8453064Z # Subtest: reads committed blobs and ignores unsafe uncommitted worktree mutations
2026-09-12T04:34:19.8470588Z ok 178 - reads committed blobs and ignores unsafe uncommitted worktree mutations
2026-09-12T04:34:19.8472517Z   ---
2026-09-12T04:34:19.8473124Z   duration_ms: 117.914096
2026-09-12T04:34:19.8473786Z   type: 'test'
2026-09-12T04:34:19.8474297Z   ...
2026-09-12T04:34:20.1485167Z # Subtest: bypasses Git replacement objects and caller-supplied Git config environment
2026-09-12T04:34:20.1488849Z ok 179 - bypasses Git replacement objects and caller-supplied Git config environment
2026-09-12T04:34:20.1489647Z   ---
2026-09-12T04:34:20.1490019Z   duration_ms: 303.387408
2026-09-12T04:34:20.1490329Z   type: 'test'
2026-09-12T04:34:20.1490602Z   ...
2026-09-12T04:34:20.1643070Z # Subtest: MCBS malformed identity isolated beside valid label
2026-09-12T04:34:20.1667946Z ok 180 - MCBS malformed identity isolated beside valid label
2026-09-12T04:34:20.1668597Z   ---
2026-09-12T04:34:20.1668996Z   duration_ms: 1.31261
2026-09-12T04:34:20.1669409Z   type: 'test'
2026-09-12T04:34:20.1669775Z   ...
2026-09-12T04:34:20.1670387Z # Subtest: MCBS fragmented heading is still a boundary, not predecessor notes
2026-09-12T04:34:20.1671302Z ok 181 - MCBS fragmented heading is still a boundary, not predecessor notes
2026-09-12T04:34:20.1671929Z   ---
2026-09-12T04:34:20.1672322Z   duration_ms: 1.438229
2026-09-12T04:34:20.1672742Z   type: 'test'
2026-09-12T04:34:20.1673123Z   ...
2026-09-12T04:34:20.1673793Z # Subtest: QIES positional headers bind only matching category and length
2026-09-12T04:34:20.1675047Z ok 182 - QIES positional headers bind only matching category and length
2026-09-12T04:34:20.1675638Z   ---
2026-09-12T04:34:20.1676014Z   duration_ms: 0.978586
2026-09-12T04:34:20.1676587Z   type: 'test'
2026-09-12T04:34:20.1688242Z   ...
2026-09-12T04:34:20.1688940Z # Subtest: QIES multiple SAS names prevent ownership assignment
2026-09-12T04:34:20.1689859Z ok 183 - QIES multiple SAS names prevent ownership assignment
2026-09-12T04:34:20.1690477Z   ---
2026-09-12T04:34:20.1690883Z   duration_ms: 0.349467
2026-09-12T04:34:20.1691326Z   type: 'test'
2026-09-12T04:34:20.1691723Z   ...
2026-09-12T04:34:20.1692318Z # Subtest: large dictionary missing physical page is rejected
2026-09-12T04:34:20.1693089Z ok 184 - large dictionary missing physical page is rejected
2026-09-12T04:34:20.1693655Z   ---
2026-09-12T04:34:20.1694064Z   duration_ms: 0.556269
2026-09-12T04:34:20.1694505Z   type: 'test'
2026-09-12T04:34:20.1694922Z   ...
2026-09-12T04:34:20.1695781Z # Subtest: indexed build deterministically pins physical source graph and rejects output overwrite
2026-09-12T04:34:20.1697077Z ok 185 - indexed build deterministically pins physical source graph and rejects output overwrite
2026-09-12T04:34:20.1697827Z   ---
2026-09-12T04:34:20.1698233Z   duration_ms: 289.139957
2026-09-12T04:34:20.1698686Z   type: 'test'
2026-09-12T04:34:20.1699083Z   ...
2026-09-12T04:34:20.1699910Z # Subtest: build-pinned loader reuses concurrent and repeated initialization, rejects changed options
2026-09-12T04:34:20.1701117Z ok 186 - build-pinned loader reuses concurrent and repeated initialization, rejects changed options
2026-09-12T04:34:20.1701870Z   ---
2026-09-12T04:34:20.1702277Z   duration_ms: 19.012954
2026-09-12T04:34:20.1702724Z   type: 'test'
2026-09-12T04:34:20.1703123Z   ...
2026-09-12T04:34:20.1703924Z # Subtest: missing index remains a typed pinned initialization failure and cannot silently restart
2026-09-12T04:34:20.1705317Z ok 187 - missing index remains a typed pinned initialization failure and cannot silently restart
2026-09-12T04:34:20.1706072Z   ---
2026-09-12T04:34:20.1706577Z   duration_ms: 11.433653
2026-09-12T04:34:20.1707045Z   type: 'test'
2026-09-12T04:34:20.1707433Z   ...
2026-09-12T04:34:20.1708393Z # Subtest: loader checks actual source, publication generation and corpus bytes rather than self-claims
2026-09-12T04:34:20.1709623Z ok 188 - loader checks actual source, publication generation and corpus bytes rather than self-claims
2026-09-12T04:34:20.1710385Z   ---
2026-09-12T04:34:20.1710780Z   duration_ms: 14.985134
2026-09-12T04:34:20.1711217Z   type: 'test'
2026-09-12T04:34:20.1711621Z   ...
2026-09-12T04:34:20.1712351Z # Subtest: bounded verifier rejects malformed identity/hash/structure and forged tokens
2026-09-12T04:34:20.1713388Z ok 189 - bounded verifier rejects malformed identity/hash/structure and forged tokens
2026-09-12T04:34:20.1714078Z   ---
2026-09-12T04:34:20.1714470Z   duration_ms: 11.140131
2026-09-12T04:34:20.1714922Z   type: 'test'
2026-09-12T04:34:20.1715318Z   ...
2026-09-12T04:34:20.1716127Z # Subtest: loaded index preserves lexical fixtures, ordering, cursor continuation and immutable input
2026-09-12T04:34:20.1717445Z ok 190 - loaded index preserves lexical fixtures, ordering, cursor continuation and immutable input
2026-09-12T04:34:20.1718205Z   ---
2026-09-12T04:34:20.1718638Z   duration_ms: 169.78628
2026-09-12T04:34:20.1719075Z   type: 'test'
2026-09-12T04:34:20.1719470Z   ...
2026-09-12T04:34:20.1720238Z # Subtest: v1.2 live catalog is broad, complete within its named scopes, and truthfully verified
2026-09-12T04:34:20.1721301Z ok 191 - v1.2 live catalog is broad, complete within its named scopes, and truthfully verified
2026-09-12T04:34:20.1722004Z   ---
2026-09-12T04:34:20.1722398Z   duration_ms: 283.354381
2026-09-12T04:34:20.1722866Z   type: 'test'
2026-09-12T04:34:20.1723264Z   ...
2026-09-12T04:34:20.1723894Z # Subtest: v1.2 publication shards are bounded and manifest hashes match
2026-09-12T04:34:20.1724808Z ok 192 - v1.2 publication shards are bounded and manifest hashes match
2026-09-12T04:34:20.1725585Z   ---
2026-09-12T04:34:20.1725973Z   duration_ms: 22.771647
2026-09-12T04:34:20.1726572Z   type: 'test'
2026-09-12T04:34:20.1726972Z   ...
2026-09-12T04:34:20.1727672Z # Subtest: v1.2 public WebMCP contract exposes eight read-only tools and no planner
2026-09-12T04:34:20.1728638Z ok 193 - v1.2 public WebMCP contract exposes eight read-only tools and no planner
2026-09-12T04:34:20.1729282Z   ---
2026-09-12T04:34:20.1729683Z   duration_ms: 1.606843
2026-09-12T04:34:20.1730108Z   type: 'test'
2026-09-12T04:34:20.1730502Z   ...
2026-09-12T04:34:20.1731247Z # Subtest: v1.2 native WebMCP receipt proves browser discovery and invocation
2026-09-12T04:34:20.1732183Z ok 194 - v1.2 native WebMCP receipt proves browser discovery and invocation
2026-09-12T04:34:20.1732811Z   ---
2026-09-12T04:34:20.1733199Z   duration_ms: 1.184236
2026-09-12T04:34:20.1733620Z   type: 'test'
2026-09-12T04:34:20.1734080Z   ...
2026-09-12T04:34:20.1734845Z # Subtest: Muse API time boundaries retain actual calendar month ends and reject invalid dates
2026-09-12T04:34:20.1735938Z ok 195 - Muse API time boundaries retain actual calendar month ends and reject invalid dates
2026-09-12T04:34:20.1736847Z   ---
2026-09-12T04:34:20.1737241Z   duration_ms: 1.028551
2026-09-12T04:34:20.1737670Z   type: 'test'
2026-09-12T04:34:20.1738054Z   ...
2026-09-12T04:34:20.1738809Z # Subtest: ranked and grouped search traverses exact complete order with truthful pagination
2026-09-12T04:34:20.1739873Z ok 196 - ranked and grouped search traverses exact complete order with truthful pagination
2026-09-12T04:34:20.1740578Z   ---
2026-09-12T04:34:20.1740976Z   duration_ms: 133.110803
2026-09-12T04:34:20.1741408Z   type: 'test'
2026-09-12T04:34:20.1741811Z   ...
2026-09-12T04:34:20.1742595Z # Subtest: coverage traverses sorted source cells and final/empty pages remain complete/empty
2026-09-12T04:34:20.1743837Z ok 197 - coverage traverses sorted source cells and final/empty pages remain complete/empty
2026-09-12T04:34:20.1744559Z   ---
2026-09-12T04:34:20.1744947Z   duration_ms: 9.468058
2026-09-12T04:34:20.1745392Z   type: 'test'
2026-09-12T04:34:20.1745779Z   ...
2026-09-12T04:34:20.1746731Z # Subtest: cursor rejects tampering, query and capability mismatch, expiry, rotation and stale generation
2026-09-12T04:34:20.1747975Z ok 198 - cursor rejects tampering, query and capability mismatch, expiry, rotation and stale generation
2026-09-12T04:34:20.1748748Z   ---
2026-09-12T04:34:20.1749144Z   duration_ms: 11.993568
2026-09-12T04:34:20.1749578Z   type: 'test'
2026-09-12T04:34:20.1749977Z   ...
2026-09-12T04:34:20.1750795Z # Subtest: Worker signer survives separate requests; dedicated key enables independent Worker traversal
2026-09-12T04:34:20.1752002Z ok 199 - Worker signer survives separate requests; dedicated key enables independent Worker traversal
2026-09-12T04:34:20.1752761Z   ---
2026-09-12T04:34:20.1753149Z   duration_ms: 40.971614
2026-09-12T04:34:20.1753585Z   type: 'test'
2026-09-12T04:34:20.1753980Z   ...
2026-09-12T04:34:20.1754796Z # Subtest: Worker and WebMCP discovery cursors accept the resolved generation pin but reject conflicts
2026-09-12T04:34:20.1755922Z ok 200 - Worker and WebMCP discovery cursors accept the resolved generation pin but reject conflicts
2026-09-12T04:34:20.1756696Z   ---
2026-09-12T04:34:20.1757040Z   duration_ms: 30.671786
2026-09-12T04:34:20.1757426Z   type: 'test'
2026-09-12T04:34:20.1757791Z   ...
2026-09-12T04:34:20.1758563Z # Subtest: authenticated offsets and timestamps are validated and original expiry never slides
2026-09-12T04:34:20.1759669Z ok 201 - authenticated offsets and timestamps are validated and original expiry never slides
2026-09-12T04:34:20.1760381Z   ---
2026-09-12T04:34:20.1760765Z   duration_ms: 4.108326
2026-09-12T04:34:20.1761200Z   type: 'test'
2026-09-12T04:34:20.1761592Z   ...
2026-09-12T04:34:20.1762336Z # Subtest: release grouping is explicitly unknown rather than traversing ungrouped assets
2026-09-12T04:34:20.1763383Z ok 202 - release grouping is explicitly unknown rather than traversing ungrouped assets
2026-09-12T04:34:20.1764222Z   ---
2026-09-12T04:34:20.1764618Z   duration_ms: 1.218508
2026-09-12T04:34:20.1765045Z   type: 'test'
2026-09-12T04:34:20.1765438Z   ...
2026-09-12T04:34:20.1766074Z # Subtest: release grouping is typed unknown, not silently asset grouping
2026-09-12T04:34:20.1767089Z ok 203 - release grouping is typed unknown, not silently asset grouping
2026-09-12T04:34:20.1767728Z   ---
2026-09-12T04:34:20.1768116Z   duration_ms: 1.369435
2026-09-12T04:34:20.1768537Z   type: 'test'
2026-09-12T04:34:20.1768929Z   ...
2026-09-12T04:34:20.1769509Z # Subtest: total ordering does not depend on locale collation
2026-09-12T04:34:20.1770262Z ok 204 - total ordering does not depend on locale collation
2026-09-12T04:34:20.1770812Z   ---
2026-09-12T04:34:20.1771200Z   duration_ms: 8.208619
2026-09-12T04:34:20.1771618Z   type: 'test'
2026-09-12T04:34:20.1772107Z   ...
2026-09-12T04:34:20.1772914Z # Subtest: get_access_plan rejects supplied and absent unverified contexts with safe contract
2026-09-12T04:34:20.1774005Z ok 205 - get_access_plan rejects supplied and absent unverified contexts with safe contract
2026-09-12T04:34:20.1774709Z   ---
2026-09-12T04:34:20.1775092Z   duration_ms: 8.427279
2026-09-12T04:34:20.1775530Z   type: 'test'
2026-09-12T04:34:20.1775924Z   ...
2026-09-12T04:34:20.1776831Z # Subtest: get_retrieval_recipe rejects supplied and absent unverified contexts with safe contract
2026-09-12T04:34:20.1777984Z ok 206 - get_retrieval_recipe rejects supplied and absent unverified contexts with safe contract
2026-09-12T04:34:20.1778752Z   ---
2026-09-12T04:34:20.1779147Z   duration_ms: 2.55342
2026-09-12T04:34:20.1779579Z   type: 'test'
2026-09-12T04:34:20.1779969Z   ...
2026-09-12T04:34:20.1780740Z # Subtest: coverage count and digest describe same accepted membership, with exclusions explicit
2026-09-12T04:34:20.1781999Z ok 207 - coverage count and digest describe same accepted membership, with exclusions explicit
2026-09-12T04:34:20.1782736Z   ---
2026-09-12T04:34:20.1783120Z   duration_ms: 4.320946
2026-09-12T04:34:20.1783546Z   type: 'test'
2026-09-12T04:34:20.1783946Z   ...
2026-09-12T04:34:20.1784642Z # Subtest: supplied schema identifiers do not establish dictionary applicability
2026-09-12T04:34:20.1785628Z ok 208 - supplied schema identifiers do not establish dictionary applicability
2026-09-12T04:34:20.1786279Z   ---
2026-09-12T04:34:20.1786796Z   duration_ms: 1.479541
2026-09-12T04:34:20.1787233Z   type: 'test'
2026-09-12T04:34:20.1787631Z   ...
2026-09-12T04:34:20.1788492Z # Subtest: MCP awaits output writes and isolates internal dispatch errors without calling them parse failures
2026-09-12T04:34:20.1789740Z ok 209 - MCP awaits output writes and isolates internal dispatch errors without calling them parse failures
2026-09-12T04:34:20.1790515Z   ---
2026-09-12T04:34:20.1790909Z   duration_ms: 13.102339
2026-09-12T04:34:20.1791347Z   type: 'test'
2026-09-12T04:34:20.1791742Z   ...
2026-09-12T04:34:20.1792618Z # Subtest: Muse: oversized frames are isolated across chunk boundaries and valid peers still execute
2026-09-12T04:34:20.1793768Z ok 210 - Muse: oversized frames are isolated across chunk boundaries and valid peers still execute
2026-09-12T04:34:20.1794509Z   ---
2026-09-12T04:34:20.1794910Z   duration_ms: 3.218374
2026-09-12T04:34:20.1795332Z   type: 'test'
2026-09-12T04:34:20.1795674Z   ...
2026-09-12T04:34:20.1796517Z # Subtest: actual MCP child process survives an oversized request and reports nonzero protocol responses
2026-09-12T04:34:20.1797585Z ok 211 - actual MCP child process survives an oversized request and reports nonzero protocol responses
2026-09-12T04:34:20.1798247Z   ---
2026-09-12T04:34:20.1798605Z   duration_ms: 37.614241
2026-09-12T04:34:20.1799030Z   type: 'test'
2026-09-12T04:34:20.1799424Z   ...
2026-09-12T04:34:20.1799932Z # Subtest: tampered cached window rejected before reuse
2026-09-12T04:34:20.1800643Z ok 212 - tampered cached window rejected before reuse
2026-09-12T04:34:20.1801426Z   ---
2026-09-12T04:34:20.1801850Z   duration_ms: 36.987686
2026-09-12T04:34:20.1802305Z   type: 'test'
2026-09-12T04:34:20.1802701Z   ...
2026-09-12T04:34:20.1803276Z # Subtest: changed extractor cannot inherit resume checkpoint
2026-09-12T04:34:20.1804068Z ok 213 - changed extractor cannot inherit resume checkpoint
2026-09-12T04:34:20.1804631Z   ---
2026-09-12T04:34:20.1805025Z   duration_ms: 35.235824
2026-09-12T04:34:20.1805457Z   type: 'test'
2026-09-12T04:34:20.1805852Z   ...
2026-09-12T04:34:20.1806601Z # Subtest: hash-consistent malformed page collection rejected
2026-09-12T04:34:20.1807386Z ok 214 - hash-consistent malformed page collection rejected
2026-09-12T04:34:20.1807950Z   ---
2026-09-12T04:34:20.1808334Z   duration_ms: 38.551866
2026-09-12T04:34:20.1808775Z   type: 'test'
2026-09-12T04:34:20.1809159Z   ...
2026-09-12T04:34:20.1809639Z # Subtest: cached physical-page mismatch rejected
2026-09-12T04:34:20.1810263Z ok 215 - cached physical-page mismatch rejected
2026-09-12T04:34:20.1810835Z   ---
2026-09-12T04:34:20.1811232Z   duration_ms: 38.96917
2026-09-12T04:34:20.1811807Z   type: 'test'
2026-09-12T04:34:20.1812266Z   ...
2026-09-12T04:34:20.1812825Z # Subtest: cached recheck atomically replaces checkpoint
2026-09-12T04:34:20.1813538Z ok 216 - cached recheck atomically replaces checkpoint
2026-09-12T04:34:20.1814081Z   ---
2026-09-12T04:34:20.1814479Z   duration_ms: 41.903705
2026-09-12T04:34:20.1814932Z   type: 'test'
2026-09-12T04:34:20.1815336Z   ...
2026-09-12T04:34:20.1815847Z # Subtest: oversized source rejected before hashing
2026-09-12T04:34:20.1816647Z ok 217 - oversized source rejected before hashing
2026-09-12T04:34:20.1817181Z   ---
2026-09-12T04:34:20.1817579Z   duration_ms: 53.224047
2026-09-12T04:34:20.1818009Z   type: 'test'
2026-09-12T04:34:20.1818402Z   ...
2026-09-12T04:34:20.1819124Z # Subtest: public schemas cannot expose healthcare rows or computed analytical results
2026-09-12T04:34:20.1829681Z ok 218 - public schemas cannot expose healthcare rows or computed analytical results
2026-09-12T04:34:20.1830438Z   ---
2026-09-12T04:34:20.1830847Z   duration_ms: 62.123108
2026-09-12T04:34:20.1831282Z   type: 'test'
2026-09-12T04:34:20.1831680Z   ...
2026-09-12T04:34:20.1832404Z # Subtest: target plan and machine contracts pin every zero-action truth field to false
2026-09-12T04:34:20.1833401Z ok 219 - target plan and machine contracts pin every zero-action truth field to false
2026-09-12T04:34:20.1834151Z   ---
2026-09-12T04:34:20.1834563Z   duration_ms: 43.746319
2026-09-12T04:34:20.1835009Z   type: 'test'
2026-09-12T04:34:20.1835414Z   ...
2026-09-12T04:34:20.1836254Z # Subtest: public runtime contains no analytical execution primitive or explicit external fetch literal
2026-09-12T04:34:20.1837642Z ok 220 - public runtime contains no analytical execution primitive or explicit external fetch literal
2026-09-12T04:34:20.1838418Z   ---
2026-09-12T04:34:20.1838825Z   duration_ms: 18.981826
2026-09-12T04:34:20.1839230Z   type: 'test'
2026-09-12T04:34:20.1839665Z   ...
2026-09-12T04:34:20.1840395Z # Subtest: public request paths make zero authoritative requests and persist no raw query
2026-09-12T04:34:20.1841406Z ok 221 - public request paths make zero authoritative requests and persist no raw query
2026-09-12T04:34:20.1842113Z   ---
2026-09-12T04:34:20.1842545Z   duration_ms: 24.953267
2026-09-12T04:34:20.1843016Z   type: 'test'
2026-09-12T04:34:20.1843431Z   ...
2026-09-12T04:34:20.1844148Z # Subtest: public runtime has no obvious raw-question logging or persistence sink
2026-09-12T04:34:20.1845117Z ok 222 - public runtime has no obvious raw-question logging or persistence sink
2026-09-12T04:34:20.1845774Z   ---
2026-09-12T04:34:20.1846184Z   duration_ms: 36.344522
2026-09-12T04:34:20.1846804Z   type: 'test'
2026-09-12T04:34:20.1847089Z   ...
2026-09-12T04:34:20.1847515Z # Subtest: boundary test path resolves inside the repository
2026-09-12T04:34:20.1848085Z ok 223 - boundary test path resolves inside the repository
2026-09-12T04:34:20.1848474Z   ---
2026-09-12T04:34:20.1848935Z   duration_ms: 0.263047
2026-09-12T04:34:20.1849217Z   type: 'test'
2026-09-12T04:34:20.1849464Z   ...
2026-09-12T04:34:20.1850109Z # Subtest: successor success and domain errors expose explicit unknown quota, never fabricated counters
2026-09-12T04:34:20.1851098Z ok 224 - successor success and domain errors expose explicit unknown quota, never fabricated counters
2026-09-12T04:34:20.1851706Z   ---
2026-09-12T04:34:20.1851947Z   duration_ms: 10.139371
2026-09-12T04:34:20.1852234Z   type: 'test'
2026-09-12T04:34:20.1852483Z   ...
2026-09-12T04:34:20.1853135Z # Subtest: versioned validator rejects unknown quota disguised as legacy and fabricated successor numbers
2026-09-12T04:34:20.1854139Z ok 225 - versioned validator rejects unknown quota disguised as legacy and fabricated successor numbers
2026-09-12T04:34:20.1854573Z   ---
2026-09-12T04:34:20.1854734Z   duration_ms: 2.057483
2026-09-12T04:34:20.1854917Z   type: 'test'
2026-09-12T04:34:20.1855084Z   ...
2026-09-12T04:34:20.1855410Z # Subtest: all nine successor JSON schemas validate actual unknown-error envelopes
2026-09-12T04:34:20.1855886Z ok 226 - all nine successor JSON schemas validate actual unknown-error envelopes
2026-09-12T04:34:20.1856195Z   ---
2026-09-12T04:34:20.1856524Z   duration_ms: 512.612165
2026-09-12T04:34:20.1856821Z   type: 'test'
2026-09-12T04:34:20.1857078Z   ...
2026-09-12T04:34:20.1857729Z # Subtest: malformed input and safety fallback remain unknown even when response context is absent
2026-09-12T04:34:20.1858669Z ok 227 - malformed input and safety fallback remain unknown even when response context is absent
2026-09-12T04:34:20.1859235Z   ---
2026-09-12T04:34:20.1859480Z   duration_ms: 1.020629
2026-09-12T04:34:20.1859764Z   type: 'test'
2026-09-12T04:34:20.1860026Z   ...
2026-09-12T04:34:20.1860625Z # Subtest: historical verification receipt enriches exactly its 15 matched v1.0.1 records
2026-09-12T04:34:20.1861499Z ok 228 - historical verification receipt enriches exactly its 15 matched v1.0.1 records
2026-09-12T04:34:20.1862242Z   ---
2026-09-12T04:34:20.1862498Z   duration_ms: 20.266584
2026-09-12T04:34:20.1862783Z   type: 'test'
2026-09-12T04:34:20.1863051Z   ...
2026-09-12T04:34:20.1863574Z # Subtest: production runtime retrieval recovers a bounded hospital title typo
2026-09-12T04:34:20.1864352Z ok 229 - production runtime retrieval recovers a bounded hospital title typo
2026-09-12T04:34:20.1864841Z   ---
2026-09-12T04:34:20.1865092Z   duration_ms: 132.882415
2026-09-12T04:34:20.1865390Z   type: 'test'
2026-09-12T04:34:20.1865640Z   ...
2026-09-12T04:34:20.1866165Z # Subtest: bounded discovery reports returned_count separately from total_matches
2026-09-12T04:34:20.1867152Z ok 230 - bounded discovery reports returned_count separately from total_matches
2026-09-12T04:34:20.1867659Z   ---
2026-09-12T04:34:20.1867907Z   duration_ms: 122.024279
2026-09-12T04:34:20.1868204Z   type: 'test'
2026-09-12T04:34:20.1868452Z   ...
2026-09-12T04:34:20.1869009Z # Subtest: research archive producer preserves exact inventories and rejects unsafe sources
2026-09-12T04:34:20.1869927Z ok 231 - research archive producer preserves exact inventories and rejects unsafe sources
2026-09-12T04:34:20.1870485Z   ---
2026-09-12T04:34:20.1870736Z   duration_ms: 405.807708
2026-09-12T04:34:20.1871025Z   type: 'test'
2026-09-12T04:34:20.1871285Z   ...
2026-09-12T04:34:20.1871648Z # Subtest: valid retained archive needs no network
2026-09-12T04:34:20.1872151Z ok 232 - valid retained archive needs no network
2026-09-12T04:34:20.1872513Z   ---
2026-09-12T04:34:20.1872753Z   duration_ms: 10.652435
2026-09-12T04:34:20.1873035Z   type: 'test'
2026-09-12T04:34:20.1873272Z   ...
2026-09-12T04:34:20.1873737Z # Subtest: existing incorrect bytes fail without overwrite or download
2026-09-12T04:34:20.1874421Z ok 233 - existing incorrect bytes fail without overwrite or download
2026-09-12T04:34:20.1874863Z   ---
2026-09-12T04:34:20.1875101Z   duration_ms: 4.408178
2026-09-12T04:34:20.1875385Z   type: 'test'
2026-09-12T04:34:20.1875636Z   ...
2026-09-12T04:34:20.1876135Z # Subtest: valid missing archive is installed only after digest verification
2026-09-12T04:34:20.1877451Z ok 234 - valid missing archive is installed only after digest verification
2026-09-12T04:34:20.1877950Z   ---
2026-09-12T04:34:20.1878239Z   duration_ms: 34.076095
2026-09-12T04:34:20.1878538Z   type: 'test'
2026-09-12T04:34:20.1878784Z   ...
2026-09-12T04:34:20.1879180Z # Subtest: download digest failure removes temporary bytes
2026-09-12T04:34:20.1879727Z ok 235 - download digest failure removes temporary bytes
2026-09-12T04:34:20.1880083Z   ---
2026-09-12T04:34:20.1880310Z   duration_ms: 3.225434
2026-09-12T04:34:20.1880594Z   type: 'test'
2026-09-12T04:34:20.1880837Z   ...
2026-09-12T04:34:20.1881240Z # Subtest: chunked download cannot exceed pinned byte count
2026-09-12T04:34:20.1881810Z ok 236 - chunked download cannot exceed pinned byte count
2026-09-12T04:34:20.1882177Z   ---
2026-09-12T04:34:20.1882397Z   duration_ms: 3.280778
2026-09-12T04:34:20.1882659Z   type: 'test'
2026-09-12T04:34:20.1882882Z   ...
2026-09-12T04:34:20.1883282Z # Subtest: unexpected source URL is rejected before fetching
2026-09-12T04:34:20.1883848Z ok 237 - unexpected source URL is rejected before fetching
2026-09-12T04:34:20.1884238Z   ---
2026-09-12T04:34:20.1884473Z   duration_ms: 2.979183
2026-09-12T04:34:20.1884756Z   type: 'test'
2026-09-12T04:34:20.1884994Z   ...
2026-09-12T04:34:20.1885348Z # Subtest: competing cache bytes are never overwritten
2026-09-12T04:34:20.1885845Z ok 238 - competing cache bytes are never overwritten
2026-09-12T04:34:20.1886198Z   ---
2026-09-12T04:34:20.1886574Z   duration_ms: 8.413063
2026-09-12T04:34:20.1886839Z   type: 'test'
2026-09-12T04:34:20.1887070Z   ...
2026-09-12T04:34:20.1887472Z # Subtest: cache symlink is rejected without modifying target
2026-09-12T04:34:20.1888049Z ok 239 - cache symlink is rejected without modifying target
2026-09-12T04:34:20.1888445Z   ---
2026-09-12T04:34:20.1888669Z   duration_ms: 4.911001
2026-09-12T04:34:20.1888943Z   type: 'test'
2026-09-12T04:34:20.1889380Z   ...
2026-09-12T04:34:20.1889812Z # Subtest: unexpected HTTP and length do not create cache files
2026-09-12T04:34:20.1890436Z ok 240 - unexpected HTTP and length do not create cache files
2026-09-12T04:34:20.1890839Z   ---
2026-09-12T04:34:20.1891079Z   duration_ms: 6.063996
2026-09-12T04:34:20.1891358Z   type: 'test'
2026-09-12T04:34:20.1891599Z   ...
2026-09-12T04:34:20.1892072Z # Subtest: GitHub release redirects are bounded to HTTPS GitHub asset hosts
2026-09-12T04:34:20.1892779Z ok 241 - GitHub release redirects are bounded to HTTPS GitHub asset hosts
2026-09-12T04:34:20.1893232Z   ---
2026-09-12T04:34:20.1893466Z   duration_ms: 5.53972
2026-09-12T04:34:20.1893734Z   type: 'test'
2026-09-12T04:34:20.1893975Z   ...
2026-09-12T04:34:20.1894449Z # Subtest: external release redirects are rejected before a second request
2026-09-12T04:34:20.1895152Z ok 242 - external release redirects are rejected before a second request
2026-09-12T04:34:20.1895601Z   ---
2026-09-12T04:34:20.1895835Z   duration_ms: 5.553335
2026-09-12T04:34:20.1896103Z   type: 'test'
2026-09-12T04:34:20.1896347Z   ...
2026-09-12T04:34:20.1896960Z # Subtest: symlinked cache parents cannot redirect the archive write
2026-09-12T04:34:20.1897605Z ok 243 - symlinked cache parents cannot redirect the archive write
2026-09-12T04:34:20.1898015Z   ---
2026-09-12T04:34:20.1898238Z   duration_ms: 7.973535
2026-09-12T04:34:20.1898503Z   type: 'test'
2026-09-12T04:34:20.1898736Z   ...
2026-09-12T04:34:20.1899128Z # Subtest: archive bounds match the staging extractor ceiling
2026-09-12T04:34:20.1899681Z ok 244 - archive bounds match the staging extractor ceiling
2026-09-12T04:34:20.1900057Z   ---
2026-09-12T04:34:20.1900289Z   duration_ms: 1.027881
2026-09-12T04:34:20.1900561Z   type: 'test'
2026-09-12T04:34:20.1900797Z   ...
2026-09-12T04:34:20.1901280Z # Subtest: existing descendants cannot hide a symlinked cache ancestor
2026-09-12T04:34:20.1901946Z ok 245 - existing descendants cannot hide a symlinked cache ancestor
2026-09-12T04:34:20.1902384Z   ---
2026-09-12T04:34:20.1902807Z   duration_ms: 4.444368
2026-09-12T04:34:20.1903082Z   type: 'test'
2026-09-12T04:34:20.1903330Z   ...
2026-09-12T04:34:21.6963645Z # Subtest: MCP exercises all eight actual Worker routes against the full corpus
2026-09-12T04:34:21.6964659Z ok 246 - MCP exercises all eight actual Worker routes against the full corpus
2026-09-12T04:34:21.6965231Z   ---
2026-09-12T04:34:21.6965523Z   duration_ms: 1734.814922
2026-09-12T04:34:21.6965897Z   type: 'test'
2026-09-12T04:34:21.6966160Z   ...
2026-09-12T04:34:21.6966918Z # Subtest: publisher capture rejects secrets, redirects, oversized data and nonpublic hosts
2026-09-12T04:34:21.6967850Z ok 247 - publisher capture rejects secrets, redirects, oversized data and nonpublic hosts
2026-09-12T04:34:21.6968449Z   ---
2026-09-12T04:34:21.6968704Z   duration_ms: 1.563768
2026-09-12T04:34:21.6968988Z   type: 'test'
2026-09-12T04:34:21.6969230Z   ...
2026-09-12T04:34:21.6969913Z # Subtest: quotes require exact record binding and do not confer approval or establish observation grain
2026-09-12T04:34:21.6970550Z ok 248 - quotes require exact record binding and do not confer approval or establish observation grain
2026-09-12T04:34:21.6970926Z   ---
2026-09-12T04:34:21.6971094Z   duration_ms: 0.401085
2026-09-12T04:34:21.6971283Z   type: 'test'
2026-09-12T04:34:21.6971445Z   ...
2026-09-12T04:34:21.6971867Z # Subtest: dictionary extraction requires matching publisher asset identity and retains release uncertainty
2026-09-12T04:34:21.6972499Z ok 249 - dictionary extraction requires matching publisher asset identity and retains release uncertainty
2026-09-12T04:34:21.6972870Z   ---
2026-09-12T04:34:21.6973026Z   duration_ms: 0.860037
2026-09-12T04:34:21.6973202Z   type: 'test'
2026-09-12T04:34:21.6973357Z   ...
2026-09-12T04:34:21.7332103Z # Subtest: generation, proposal provenance and future capture-time substitutions fail closed
2026-09-12T04:34:21.7333623Z ok 250 - generation, proposal provenance and future capture-time substitutions fail closed
2026-09-12T04:34:21.7334363Z   ---
2026-09-12T04:34:21.7334725Z   duration_ms: 3.25612
2026-09-12T04:34:21.7335144Z   type: 'test'
2026-09-12T04:34:21.7335533Z   ...
2026-09-12T04:34:21.7336252Z # Subtest: Muse T02/T04/T06/T11: generic labels, missing links, empty domains and malformed pointers
2026-09-12T04:34:21.7337701Z ok 251 - Muse T02/T04/T06/T11: generic labels, missing links, empty domains and malformed pointers
2026-09-12T04:34:21.7339083Z   ---
2026-09-12T04:34:21.7339452Z   duration_ms: 0.821329
2026-09-12T04:34:21.7339843Z   type: 'test'
2026-09-12T04:34:21.7340205Z   ...
2026-09-12T04:34:21.7340822Z # Subtest: Muse T01: reordered nested claim values retain semantic equality
2026-09-12T04:34:21.7341683Z ok 252 - Muse T01: reordered nested claim values retain semantic equality
2026-09-12T04:34:21.7342249Z   ---
2026-09-12T04:34:21.7342612Z   duration_ms: 0.288846
2026-09-12T04:34:21.7342992Z   type: 'test'
2026-09-12T04:34:21.7343339Z   ...
2026-09-12T04:34:21.7344069Z # Subtest: publisher enumerations preserve codes and labels without inventing missing values
2026-09-12T04:34:21.7345152Z ok 253 - publisher enumerations preserve codes and labels without inventing missing values
2026-09-12T04:34:21.7345817Z   ---
2026-09-12T04:34:21.7346162Z   duration_ms: 0.259691
2026-09-12T04:34:21.7346688Z   type: 'test'
2026-09-12T04:34:21.7347729Z   ...
2026-09-12T04:34:21.7348571Z # Subtest: CDC exact identity produces quoted dictionary evidence but never approves units or payload schema
2026-09-12T04:34:21.7349718Z ok 254 - CDC exact identity produces quoted dictionary evidence but never approves units or payload schema
2026-09-12T04:34:21.7350409Z   ---
2026-09-12T04:34:21.7350854Z   duration_ms: 0.593314
2026-09-12T04:34:21.7351265Z   type: 'test'
2026-09-12T04:34:21.7351627Z   ...
2026-09-12T04:34:21.7352401Z # Subtest: identity mismatch and malformed collections isolate one record without interrupting valid peers
2026-09-12T04:34:21.7353550Z ok 255 - identity mismatch and malformed collections isolate one record without interrupting valid peers
2026-09-12T04:34:21.7354527Z   ---
2026-09-12T04:34:21.7354898Z   duration_ms: 0.25836
2026-09-12T04:34:21.7355295Z   type: 'test'
2026-09-12T04:34:21.7355654Z   ...
2026-09-12T04:34:21.7356500Z # Subtest: reporting frequency and generic row labels are not observation-grain evidence
2026-09-12T04:34:21.7357508Z ok 256 - reporting frequency and generic row labels are not observation-grain evidence
2026-09-12T04:34:21.7358151Z   ---
2026-09-12T04:34:21.7358493Z   duration_ms: 0.267413
2026-09-12T04:34:21.7358872Z   type: 'test'
2026-09-12T04:34:21.7359237Z   ...
2026-09-12T04:34:21.7360030Z # Subtest: restricted assets retain contradictions without promoting related public products
2026-09-12T04:34:21.7361111Z ok 257 - restricted assets retain contradictions without promoting related public products
2026-09-12T04:34:21.7361791Z   ---
2026-09-12T04:34:21.7362146Z   duration_ms: 0.336899
2026-09-12T04:34:21.7362529Z   type: 'test'
2026-09-12T04:34:21.7362895Z   ...
2026-09-12T04:34:21.7363609Z # Subtest: Census dictionaries require an exact identifier and publisher-linked endpoint
2026-09-12T04:34:21.7364612Z ok 258 - Census dictionaries require an exact identifier and publisher-linked endpoint
2026-09-12T04:34:21.7365277Z   ---
2026-09-12T04:34:21.7365653Z   duration_ms: 0.694678
2026-09-12T04:34:21.7366061Z   type: 'test'
2026-09-12T04:34:21.7366684Z   ...
2026-09-12T04:34:21.7368241Z # Subtest: Census query levels do not assert populated coverage and vintage is not an observation date
2026-09-12T04:34:21.7369310Z ok 259 - Census query levels do not assert populated coverage and vintage is not an observation date
2026-09-12T04:34:21.7370003Z   ---
2026-09-12T04:34:21.7370387Z   duration_ms: 0.574967
2026-09-12T04:34:21.7370791Z   type: 'test'
2026-09-12T04:34:21.7371161Z   ...
2026-09-12T04:34:21.7371846Z # Subtest: tampered captures, record substitutions and unapproved approvals are rejected
2026-09-12T04:34:21.7373238Z ok 260 - tampered captures, record substitutions and unapproved approvals are rejected
2026-09-12T04:34:21.7373867Z   ---
2026-09-12T04:34:21.7374228Z   duration_ms: 0.512643
2026-09-12T04:34:21.7374524Z   type: 'test'
2026-09-12T04:34:21.7374760Z   ...
2026-09-12T04:34:21.7375292Z # Subtest: literal evidence cannot be relabelled as a different scientific assertion
2026-09-12T04:34:21.7375831Z ok 261 - literal evidence cannot be relabelled as a different scientific assertion
2026-09-12T04:34:21.7376154Z   ---
2026-09-12T04:34:21.7376322Z   duration_ms: 0.55035
2026-09-12T04:34:21.7376751Z   type: 'test'
2026-09-12T04:34:21.7376976Z   ...
2026-09-12T04:34:21.7377571Z # Subtest: Census parent identity and linked endpoint are required during verification
2026-09-12T04:34:21.7378397Z ok 262 - Census parent identity and linked endpoint are required during verification
2026-09-12T04:34:21.7378893Z   ---
2026-09-12T04:34:21.7379143Z   duration_ms: 0.931825
2026-09-12T04:34:21.7379428Z   type: 'test'
2026-09-12T04:34:21.7379674Z   ...
2026-09-12T04:34:21.7380362Z # Subtest: versioned CDC extraction preserves wire names separately from labels and replays evidence
2026-09-12T04:34:21.7381287Z ok 263 - versioned CDC extraction preserves wire names separately from labels and replays evidence
2026-09-12T04:34:21.7381800Z   ---
2026-09-12T04:34:21.7382002Z   duration_ms: 3.478886
2026-09-12T04:34:21.7382272Z   type: 'test'
2026-09-12T04:34:21.7382487Z   ...
2026-09-12T04:34:21.7383124Z # Subtest: versioned Census extraction separates concept from definition and preserves escaped literal values
2026-09-12T04:34:21.7384194Z ok 264 - versioned Census extraction separates concept from definition and preserves escaped literal values
2026-09-12T04:34:21.7384785Z   ---
2026-09-12T04:34:21.7385007Z   duration_ms: 1.740114
2026-09-12T04:34:21.7385264Z   type: 'test'
2026-09-12T04:34:21.7385483Z   ...
2026-09-12T04:34:21.7386024Z # Subtest: dictionary-only rows retain a documented name without inventing a wire mapping
2026-09-12T04:34:21.7386983Z ok 265 - dictionary-only rows retain a documented name without inventing a wire mapping
2026-09-12T04:34:21.7387776Z   ---
2026-09-12T04:34:21.7388001Z   duration_ms: 0.304369
2026-09-12T04:34:21.7388273Z   type: 'test'
2026-09-12T04:34:21.7388520Z   ...
2026-09-12T04:34:21.7389241Z # Subtest: versioned extraction defaults missing release context to an unresolved, non-promotable identity
2026-09-12T04:34:21.7390306Z ok 266 - versioned extraction defaults missing release context to an unresolved, non-promotable identity
2026-09-12T04:34:21.7390917Z   ---
2026-09-12T04:34:21.7391162Z   duration_ms: 0.172651
2026-09-12T04:34:21.7391445Z   type: 'test'
2026-09-12T04:34:21.7391686Z   ...
2026-09-12T04:34:21.7392251Z # Subtest: versioned verification requires a successful capture and retained raw bytes
2026-09-12T04:34:21.7393110Z ok 267 - versioned verification requires a successful capture and retained raw bytes
2026-09-12T04:34:21.7393628Z   ---
2026-09-12T04:34:21.7393869Z   duration_ms: 0.255636
2026-09-12T04:34:21.7394142Z   type: 'test'
2026-09-12T04:34:21.7394387Z   ...
2026-09-12T04:34:21.7395015Z # Subtest: resolved versioned replay uses an independently supplied context and capture evidence
2026-09-12T04:34:21.7396125Z ok 268 - resolved versioned replay uses an independently supplied context and capture evidence
2026-09-12T04:34:21.7396816Z   ---
2026-09-12T04:34:21.7397059Z   duration_ms: 8.027186
2026-09-12T04:34:21.7397337Z   type: 'test'
2026-09-12T04:34:21.7397575Z   ...
2026-09-12T04:34:21.7398022Z # Subtest: explicit absolute interpreter required without fallback
2026-09-12T04:34:21.7398686Z ok 269 - explicit absolute interpreter required without fallback
2026-09-12T04:34:21.7399131Z   ---
2026-09-12T04:34:21.7399371Z   duration_ms: 0.936482
2026-09-12T04:34:21.7399666Z   type: 'test'
2026-09-12T04:34:21.7399906Z   ...
2026-09-12T04:34:21.7400375Z # Subtest: every PDF entry rejects missing dependency without fallback
2026-09-12T04:34:21.7401050Z ok 270 - every PDF entry rejects missing dependency without fallback
2026-09-12T04:34:21.7401699Z   ---
2026-09-12T04:34:21.7401962Z   duration_ms: 67.409982
2026-09-12T04:34:21.7402258Z   type: 'test'
2026-09-12T04:34:21.7402496Z   ...
2026-09-12T04:34:21.7403069Z # Subtest: all supported schema bytes and transitive dependencies stage deterministically
2026-09-12T04:34:21.7403946Z ok 271 - all supported schema bytes and transitive dependencies stage deterministically
2026-09-12T04:34:21.7404486Z   ---
2026-09-12T04:34:21.7404728Z   duration_ms: 107.137594
2026-09-12T04:34:21.7405030Z   type: 'test'
2026-09-12T04:34:21.7405269Z   ...
2026-09-12T04:34:21.7405696Z # Subtest: absent schema dependency fails explicitly before staging
2026-09-12T04:34:21.7406338Z ok 272 - absent schema dependency fails explicitly before staging
2026-09-12T04:34:21.7407023Z   ---
2026-09-12T04:34:21.7407262Z   duration_ms: 43.755477
2026-09-12T04:34:21.7407592Z   type: 'test'
2026-09-12T04:34:21.7407838Z   ...
2026-09-12T04:34:21.7408464Z # Subtest: schema resolution refuses uncontrolled networks and noncontract paths
2026-09-12T04:34:21.7409235Z ok 273 - schema resolution refuses uncontrolled networks and noncontract paths
2026-09-12T04:34:21.7409736Z   ---
2026-09-12T04:34:21.7409975Z   duration_ms: 0.365421
2026-09-12T04:34:21.7410255Z   type: 'test'
2026-09-12T04:34:21.7410505Z   ...
2026-09-12T04:34:21.7411157Z # Subtest: portable seven-record fixture packages authoritative corpus count and all90 review rows
2026-09-12T04:34:21.7412168Z ok 274 - portable seven-record fixture packages authoritative corpus count and all90 review rows
2026-09-12T04:34:21.7412746Z   ---
2026-09-12T04:34:21.7412986Z   duration_ms: 136.010051
2026-09-12T04:34:21.7413280Z   type: 'test'
2026-09-12T04:34:21.7413517Z   ...
2026-09-12T04:34:21.7414132Z # Subtest: malformed rendered field types are typed503 even with a correctly repinned package
2026-09-12T04:34:21.7415057Z ok 275 - malformed rendered field types are typed503 even with a correctly repinned package
2026-09-12T04:34:21.7415605Z   ---
2026-09-12T04:34:21.7415837Z   duration_ms: 208.788063
2026-09-12T04:34:21.7416342Z   type: 'test'
2026-09-12T04:34:21.7416734Z   ...
2026-09-12T04:34:21.7417255Z # Subtest: duplicate preview IDs are rejected across descriptor page inventory
2026-09-12T04:34:21.7418035Z ok 276 - duplicate preview IDs are rejected across descriptor page inventory
2026-09-12T04:34:21.7418525Z   ---
2026-09-12T04:34:21.7418762Z   duration_ms: 23.027327
2026-09-12T04:34:21.7419094Z   type: 'test'
2026-09-12T04:34:21.7419331Z   ...
2026-09-12T04:34:21.7419830Z # Subtest: disabled, stale continuation, missing pin and baseline changes fail closed
2026-09-12T04:34:21.7444903Z ok 277 - disabled, stale continuation, missing pin and baseline changes fail closed
2026-09-12T04:34:21.7445461Z   ---
2026-09-12T04:34:21.7445725Z   duration_ms: 22.568916
2026-09-12T04:34:21.7446037Z   type: 'test'
2026-09-12T04:34:21.7446292Z   ...
2026-09-12T04:34:21.7447106Z # Subtest: generator refuses approval inheritance, stale packet, and local source path exposure
2026-09-12T04:34:21.7448094Z ok 278 - generator refuses approval inheritance, stale packet, and local source path exposure
2026-09-12T04:34:21.7448662Z   ---
2026-09-12T04:34:21.7448916Z   duration_ms: 85.600534
2026-09-12T04:34:21.7449216Z   type: 'test'
2026-09-12T04:34:21.7449463Z   ...
2026-09-12T04:34:21.7450106Z # Subtest: declared page bytes must equal verified bytes even under a repinned descriptor
2026-09-12T04:34:21.7451061Z ok 279 - declared page bytes must equal verified bytes even under a repinned descriptor
2026-09-12T04:34:21.7451586Z   ---
2026-09-12T04:34:21.7451829Z   duration_ms: 32.989181
2026-09-12T04:34:21.7452121Z   type: 'test'
2026-09-12T04:34:21.7452367Z   ...
2026-09-12T04:34:21.7452934Z # Subtest: scientific preview disabled by default, no request-controlled enablement
2026-09-12T04:34:21.7453793Z ok 280 - scientific preview disabled by default, no request-controlled enablement
2026-09-12T04:34:21.7454312Z   ---
2026-09-12T04:34:21.7454554Z   duration_ms: 22.658842
2026-09-12T04:34:21.7454835Z   type: 'test'
2026-09-12T04:34:21.7455323Z   ...
2026-09-12T04:34:21.7455894Z # Subtest: exact pending review responds without mutating catalog or approving claims
2026-09-12T04:34:21.7456893Z ok 281 - exact pending review responds without mutating catalog or approving claims
2026-09-12T04:34:21.7457390Z   ---
2026-09-12T04:34:21.7457634Z   duration_ms: 10.025534
2026-09-12T04:34:21.7457913Z   type: 'test'
2026-09-12T04:34:21.7458147Z   ...
2026-09-12T04:34:21.7458752Z # Subtest: scientific preview rejects wrong pin, generation, record identity and query switches
2026-09-12T04:34:21.7459681Z ok 282 - scientific preview rejects wrong pin, generation, record identity and query switches
2026-09-12T04:34:21.7460223Z   ---
2026-09-12T04:34:21.7460458Z   duration_ms: 6.087056
2026-09-12T04:34:21.7460740Z   type: 'test'
2026-09-12T04:34:21.7460975Z   ...
2026-09-12T04:34:21.7461582Z # Subtest: malformed source digests and collections fail at passage binding with recomputed pins
2026-09-12T04:34:21.7462535Z ok 283 - malformed source digests and collections fail at passage binding with recomputed pins
2026-09-12T04:34:21.7463091Z   ---
2026-09-12T04:34:21.7463329Z   duration_ms: 12.044729
2026-09-12T04:34:21.7463604Z   type: 'test'
2026-09-12T04:34:21.7463839Z   ...
2026-09-12T04:34:21.7464230Z # Subtest: mixed malformed and valid sources fail closed
2026-09-12T04:34:21.7464775Z ok 284 - mixed malformed and valid sources fail closed
2026-09-12T04:34:21.7465145Z   ---
2026-09-12T04:34:21.7465378Z   duration_ms: 1.362014
2026-09-12T04:34:21.7465642Z   type: 'test'
2026-09-12T04:34:21.7465873Z   ...
2026-09-12T04:34:21.7466648Z # Subtest: missing digests and malformed passage identities return typed failures
2026-09-12T04:34:21.7467203Z     # Subtest: null digest
2026-09-12T04:34:21.7467495Z     ok 1 - null digest
2026-09-12T04:34:21.7467764Z       ---
2026-09-12T04:34:21.7468012Z       duration_ms: 1.417729
2026-09-12T04:34:21.7468304Z       type: 'test'
2026-09-12T04:34:21.7468551Z       ...
2026-09-12T04:34:21.7468847Z     # Subtest: missing source digest
2026-09-12T04:34:21.7469501Z     ok 2 - missing source digest
2026-09-12T04:34:21.7469805Z       ---
2026-09-12T04:34:21.7470053Z       duration_ms: 1.436627
2026-09-12T04:34:21.7470357Z       type: 'test'
2026-09-12T04:34:21.7470611Z       ...
2026-09-12T04:34:21.7470843Z     # Subtest: null passage
2026-09-12T04:34:21.7471138Z     ok 3 - null passage
2026-09-12T04:34:21.7471407Z       ---
2026-09-12T04:34:21.7471635Z       duration_ms: 1.287853
2026-09-12T04:34:21.7471908Z       type: 'test'
2026-09-12T04:34:21.7472154Z       ...
2026-09-12T04:34:21.7472433Z     # Subtest: missing passage URL
2026-09-12T04:34:21.7472799Z     ok 4 - missing passage URL
2026-09-12T04:34:21.7473101Z       ---
2026-09-12T04:34:21.7473343Z       duration_ms: 1.552571
2026-09-12T04:34:21.7473623Z       type: 'test'
2026-09-12T04:34:21.7473865Z       ...
2026-09-12T04:34:21.7474137Z     # Subtest: invalid passage URL
2026-09-12T04:34:21.7474494Z     ok 5 - invalid passage URL
2026-09-12T04:34:21.7478970Z       ---
2026-09-12T04:34:21.7479302Z       duration_ms: 1.980998
2026-09-12T04:34:21.7479620Z       type: 'test'
2026-09-12T04:34:21.7479880Z       ...
2026-09-12T04:34:21.7480179Z     # Subtest: missing passage digest
2026-09-12T04:34:21.7480559Z     ok 6 - missing passage digest
2026-09-12T04:34:21.7480911Z       ---
2026-09-12T04:34:21.7481160Z       duration_ms: 3.549262
2026-09-12T04:34:21.7481451Z       type: 'test'
2026-09-12T04:34:21.7481699Z       ...
2026-09-12T04:34:21.7481923Z     1..6
2026-09-12T04:34:21.7482445Z ok 285 - missing digests and malformed passage identities return typed failures
2026-09-12T04:34:21.7482942Z   ---
2026-09-12T04:34:21.7483185Z   duration_ms: 12.646612
2026-09-12T04:34:21.7483474Z   type: 'test'
2026-09-12T04:34:21.7483714Z   ...
2026-09-12T04:34:21.7484148Z # Subtest: exact source record, PDF and release select uniquely
2026-09-12T04:34:21.7484753Z ok 286 - exact source record, PDF and release select uniquely
2026-09-12T04:34:21.7485162Z   ---
2026-09-12T04:34:21.7485595Z   duration_ms: 1.081872
2026-09-12T04:34:21.7485882Z   type: 'test'
2026-09-12T04:34:21.7486126Z   ...
2026-09-12T04:34:21.7486727Z # Subtest: wrong source or prefixed record cannot match suffix
2026-09-12T04:34:21.7487283Z ok 287 - wrong source or prefixed record cannot match suffix
2026-09-12T04:34:21.7487652Z   ---
2026-09-12T04:34:21.7487880Z   duration_ms: 0.481055
2026-09-12T04:34:21.7488141Z   type: 'test'
2026-09-12T04:34:21.7488380Z   ...
2026-09-12T04:34:21.7488790Z # Subtest: same short PDF prefix cannot replace full hash
2026-09-12T04:34:21.7489357Z ok 288 - same short PDF prefix cannot replace full hash
2026-09-12T04:34:21.7489751Z   ---
2026-09-12T04:34:21.7490004Z   duration_ms: 0.193692
2026-09-12T04:34:21.7490285Z   type: 'test'
2026-09-12T04:34:21.7490531Z   ...
2026-09-12T04:34:21.7491008Z # Subtest: wrong release, native identity and resource routes rejected
2026-09-12T04:34:21.7491696Z ok 289 - wrong release, native identity and resource routes rejected
2026-09-12T04:34:21.7492130Z   ---
2026-09-12T04:34:21.7492383Z   duration_ms: 1.126609
2026-09-12T04:34:21.7492672Z   type: 'test'
2026-09-12T04:34:21.7492935Z   ...
2026-09-12T04:34:21.7493400Z # Subtest: duplicate exact bindings and unknown selections rejected
2026-09-12T04:34:21.7494048Z ok 290 - duplicate exact bindings and unknown selections rejected
2026-09-12T04:34:21.7494480Z   ---
2026-09-12T04:34:21.7494733Z   duration_ms: 0.419623
2026-09-12T04:34:21.7495013Z   type: 'test'
2026-09-12T04:34:21.7495259Z   ...
2026-09-12T04:34:21.7495763Z # Subtest: imports an exact archive and emits a deterministic bounded index
2026-09-12T04:34:21.7496654Z ok 291 - imports an exact archive and emits a deterministic bounded index
2026-09-12T04:34:21.7497121Z   ---
2026-09-12T04:34:21.7497377Z   duration_ms: 89.72219
2026-09-12T04:34:21.7497654Z   type: 'test'
2026-09-12T04:34:21.7497894Z   ...
2026-09-12T04:34:21.7498560Z # Subtest: lock validation requires all three bounded review packages and explicit plan qualification
2026-09-12T04:34:21.7499573Z ok 292 - lock validation requires all three bounded review packages and explicit plan qualification
2026-09-12T04:34:21.7500360Z   ---
2026-09-12T04:34:21.7500605Z   duration_ms: 17.265548
2026-09-12T04:34:21.7500880Z   type: 'test'
2026-09-12T04:34:21.7501109Z   ...
2026-09-12T04:34:21.7501626Z # Subtest: archive bytes must match the committed archive digest before extraction
2026-09-12T04:34:21.7502410Z ok 293 - archive bytes must match the committed archive digest before extraction
2026-09-12T04:34:21.7502899Z   ---
2026-09-12T04:34:21.7503149Z   duration_ms: 16.071643
2026-09-12T04:34:21.7503433Z   type: 'test'
2026-09-12T04:34:21.7503675Z   ...
2026-09-12T04:34:21.7504248Z # Subtest: changed archive with a new archive pin cannot hide a missing referenced file
2026-09-12T04:34:21.7505086Z ok 294 - changed archive with a new archive pin cannot hide a missing referenced file
2026-09-12T04:34:21.7505600Z   ---
2026-09-12T04:34:21.7505844Z   duration_ms: 19.056314
2026-09-12T04:34:21.7506124Z   type: 'test'
2026-09-12T04:34:21.7506525Z   ...
2026-09-12T04:34:21.7506952Z # Subtest: unexpected files and tar symlinks are rejected
2026-09-12T04:34:21.7507536Z ok 295 - unexpected files and tar symlinks are rejected
2026-09-12T04:34:21.7514316Z   ---
2026-09-12T04:34:21.7519779Z   duration_ms: 19.517925
2026-09-12T04:34:21.7556490Z   type: 'test'
2026-09-12T04:34:21.7556787Z   ...
2026-09-12T04:34:21.7557404Z # Subtest: archive entries over the Cloudflare per-file bound fail before package parsing
2026-09-12T04:34:21.7558171Z ok 296 - archive entries over the Cloudflare per-file bound fail before package parsing
2026-09-12T04:34:21.7558512Z   ---
2026-09-12T04:34:21.7558692Z   duration_ms: 12.978523
2026-09-12T04:34:21.7558888Z   type: 'test'
2026-09-12T04:34:21.7559050Z   ...
2026-09-12T04:34:21.7559398Z # Subtest: decompressed tar bytes include headers, padding, and a long zero tail
2026-09-12T04:34:21.7559871Z ok 297 - decompressed tar bytes include headers, padding, and a long zero tail
2026-09-12T04:34:21.7560165Z   ---
2026-09-12T04:34:21.7560532Z   duration_ms: 30.967607
2026-09-12T04:34:21.7560719Z   type: 'test'
2026-09-12T04:34:21.7560884Z   ...
2026-09-12T04:34:21.7561297Z # Subtest: custom tar parsing rejects truncated headers, unsafe paths, bad checksums, and excess entries
2026-09-12T04:34:21.7561894Z ok 298 - custom tar parsing rejects truncated headers, unsafe paths, bad checksums, and excess entries
2026-09-12T04:34:21.7562250Z   ---
2026-09-12T04:34:21.7562429Z   duration_ms: 37.005653
2026-09-12T04:34:21.7562619Z   type: 'test'
2026-09-12T04:34:21.7562778Z   ...
2026-09-12T04:34:21.7563156Z # Subtest: gzip expansion and decompression errors stay bounded and clean extraction scratch
2026-09-12T04:34:21.7563687Z ok 299 - gzip expansion and decompression errors stay bounded and clean extraction scratch
2026-09-12T04:34:21.7564014Z   ---
2026-09-12T04:34:21.7564177Z   duration_ms: 13.474161
2026-09-12T04:34:21.7564358Z   type: 'test'
2026-09-12T04:34:21.7564512Z   ...
2026-09-12T04:34:21.7564893Z # Subtest: atomic install preserves the previous release across copy, backup, and install failures
2026-09-12T04:34:21.7565467Z ok 300 - atomic install preserves the previous release across copy, backup, and install failures
2026-09-12T04:34:21.7565808Z   ---
2026-09-12T04:34:21.7565969Z   duration_ms: 164.652648
2026-09-12T04:34:21.7566153Z   type: 'test'
2026-09-12T04:34:21.7566311Z   ...
2026-09-12T04:34:21.7566961Z # Subtest: incomplete rollback retains a recovery directory and reports its path
2026-09-12T04:34:21.7567732Z ok 301 - incomplete rollback retains a recovery directory and reports its path
2026-09-12T04:34:21.7568248Z   ---
2026-09-12T04:34:21.7568488Z   duration_ms: 69.673018
2026-09-12T04:34:21.7568770Z   type: 'test'
2026-09-12T04:34:21.7569012Z   ...
2026-09-12T04:34:21.7569534Z # Subtest: all eight public inspection operations return contract-safe envelopes
2026-09-12T04:34:21.7570322Z ok 302 - all eight public inspection operations return contract-safe envelopes
2026-09-12T04:34:21.7570823Z   ---
2026-09-12T04:34:21.7571066Z   duration_ms: 318.863558
2026-09-12T04:34:21.7571569Z   type: 'test'
2026-09-12T04:34:21.7571807Z   ...
2026-09-12T04:34:21.7572317Z # Subtest: variables preserve missing schema context as a typed unknown error
2026-09-12T04:34:21.7573063Z ok 303 - variables preserve missing schema context as a typed unknown error
2026-09-12T04:34:21.7573534Z   ---
2026-09-12T04:34:21.7573798Z   duration_ms: 196.911257
2026-09-12T04:34:21.7574081Z   type: 'test'
2026-09-12T04:34:21.7574309Z   ...
2026-09-12T04:34:21.7574900Z # Subtest: private normalized phrase predicate rejects empty invalid input without hanging
2026-09-12T04:34:21.7575811Z ok 304 - private normalized phrase predicate rejects empty invalid input without hanging
2026-09-12T04:34:21.7576525Z   ---
2026-09-12T04:34:21.7576772Z   duration_ms: 3.580369
2026-09-12T04:34:21.7577049Z   type: 'test'
2026-09-12T04:34:21.7577287Z   ...
2026-09-12T04:34:21.7577951Z # Subtest: subject short circuit preserves byte order and reasons: document aliases without capability
2026-09-12T04:34:21.7578963Z ok 305 - subject short circuit preserves byte order and reasons: document aliases without capability
2026-09-12T04:34:21.7579567Z   ---
2026-09-12T04:34:21.7579798Z   duration_ms: 43.627945
2026-09-12T04:34:21.7580077Z   type: 'test'
2026-09-12T04:34:21.7580317Z   ...
2026-09-12T04:34:21.7581056Z # Subtest: subject short circuit preserves byte order and reasons: contextual capability independently matches
2026-09-12T04:34:21.7582163Z ok 306 - subject short circuit preserves byte order and reasons: contextual capability independently matches
2026-09-12T04:34:21.7582777Z   ---
2026-09-12T04:34:21.7583022Z   duration_ms: 13.465692
2026-09-12T04:34:21.7583310Z   type: 'test'
2026-09-12T04:34:21.7583539Z   ...
2026-09-12T04:34:21.7584229Z # Subtest: subject short circuit preserves byte order and reasons: identity capability preserves exact reasons
2026-09-12T04:34:21.7585527Z ok 307 - subject short circuit preserves byte order and reasons: identity capability preserves exact reasons
2026-09-12T04:34:21.7586179Z   ---
2026-09-12T04:34:21.7586584Z   duration_ms: 9.52182
2026-09-12T04:34:21.7586868Z   type: 'test'
2026-09-12T04:34:21.7587108Z   ...
2026-09-12T04:34:21.7587839Z # Subtest: subject short circuit preserves byte order and reasons: multiple aliases preserve capability order and ties
2026-09-12T04:34:21.7588980Z ok 308 - subject short circuit preserves byte order and reasons: multiple aliases preserve capability order and ties
2026-09-12T04:34:21.7589617Z   ---
2026-09-12T04:34:21.7589858Z   duration_ms: 10.311486
2026-09-12T04:34:21.7590136Z   type: 'test'
2026-09-12T04:34:21.7590373Z   ...
2026-09-12T04:34:21.7591380Z # Subtest: historical update resume preserves newer latest proposal and does not guess lost state
2026-09-12T04:34:21.7592314Z ok 309 - historical update resume preserves newer latest proposal and does not guess lost state
2026-09-12T04:34:21.7592866Z   ---
2026-09-12T04:34:21.7593098Z   duration_ms: 56.66717
2026-09-12T04:34:21.7593378Z   type: 'test'
2026-09-12T04:34:21.7593621Z   ...
2026-09-12T04:34:21.7594128Z # Subtest: existing CDC extractor and semantic verifier run in the update cycle
2026-09-12T04:34:21.7594885Z ok 310 - existing CDC extractor and semantic verifier run in the update cycle
2026-09-12T04:34:21.7595364Z   ---
2026-09-12T04:34:21.7595597Z   duration_ms: 13.77898
2026-09-12T04:34:21.7595862Z   type: 'test'
2026-09-12T04:34:21.7596105Z   ...
2026-09-12T04:34:21.7596894Z # Subtest: bounded updates preserve unchanged evidence, invalidate changed definition and isolate peers
2026-09-12T04:34:21.7597907Z ok 311 - bounded updates preserve unchanged evidence, invalidate changed definition and isolate peers
2026-09-12T04:34:21.7598501Z   ---
2026-09-12T04:34:21.7598737Z   duration_ms: 84.5238
2026-09-12T04:34:21.7599006Z   type: 'test'
2026-09-12T04:34:21.7599240Z   ...
2026-09-12T04:34:21.7599457Z # {
2026-09-12T04:34:21.7599889Z #   "schema_version": "ushso-v1-contract-compatibility.v1.0.0",
2026-09-12T04:34:21.7600343Z #   "ok": true,
2026-09-12T04:34:21.7600812Z #   "mappings": [
2026-09-12T04:34:21.7601060Z #     {
2026-09-12T04:34:21.7601548Z #       "dependency_id": "obs:dependency:retrieval-curated-assets:v1.0.0",
2026-09-12T04:34:21.7602224Z #       "source": "packages/retrieval/fixtures/curated-assets.json",
2026-09-12T04:34:21.7602908Z #       "target": "observatory/retrieval/v1.0.0/fixtures/curated-assets.json",
2026-09-12T04:34:21.7603710Z #       "byte_sha256": "920eac8ba08008daa3f59d746f0c78ab9c3160e55675925c9c665bfc136eed57",
2026-09-12T04:34:21.7604296Z #       "source_bytes": 25744,
2026-09-12T04:34:21.7604900Z #       "source_hash": "920eac8ba08008daa3f59d746f0c78ab9c3160e55675925c9c665bfc136eed57",
2026-09-12T04:34:21.7616934Z #       "target_hash": "920eac8ba08008daa3f59d746f0c78ab9c3160e55675925c9c665bfc136eed57"
2026-09-12T04:34:21.7617314Z #     }
2026-09-12T04:34:21.7617486Z #   ],
2026-09-12T04:34:21.7617647Z #   "errors": []
2026-09-12T04:34:21.7617817Z # }
2026-09-12T04:34:21.7618226Z # Subtest: immutable v1 dependency pins resolve through exact-byte compatibility materialization
2026-09-12T04:34:21.7618808Z ok 312 - immutable v1 dependency pins resolve through exact-byte compatibility materialization
2026-09-12T04:34:21.7619187Z   ---
2026-09-12T04:34:21.7619352Z   duration_ms: 7.056051
2026-09-12T04:34:21.7619543Z   type: 'test'
2026-09-12T04:34:21.7619704Z   ...
2026-09-12T04:34:21.7620055Z # Subtest: GitHub uses its runner-owned temporary directory independently of host TMPDIR
2026-09-12T04:34:21.7620580Z ok 313 - GitHub uses its runner-owned temporary directory independently of host TMPDIR
2026-09-12T04:34:21.7620920Z   ---
2026-09-12T04:34:21.7621078Z   duration_ms: 0.830733
2026-09-12T04:34:21.7621254Z   type: 'test'
2026-09-12T04:34:21.7631067Z   ...
2026-09-12T04:34:21.7631828Z # Subtest: GitHub never falls back to Plumbob storage when runner storage is missing
2026-09-12T04:34:21.7632364Z ok 314 - GitHub never falls back to Plumbob storage when runner storage is missing
2026-09-12T04:34:21.7632679Z   ---
2026-09-12T04:34:21.7633045Z   duration_ms: 1.026858
2026-09-12T04:34:21.7633244Z   type: 'test'
2026-09-12T04:34:21.7633404Z   ...
2026-09-12T04:34:21.7633751Z # Subtest: Plumbob still requires real temporary storage under the mounted data disk
2026-09-12T04:34:21.7634248Z ok 315 - Plumbob still requires real temporary storage under the mounted data disk
2026-09-12T04:34:21.7634562Z   ---
2026-09-12T04:34:21.7634722Z   duration_ms: 1.598361
2026-09-12T04:34:21.7634898Z   type: 'test'
2026-09-12T04:34:21.7635062Z   ...
2026-09-12T04:34:21.7635335Z # Subtest: health exposes the deterministic compiler boundary
2026-09-12T04:34:21.7635697Z ok 316 - health exposes the deterministic compiler boundary
2026-09-12T04:34:21.7636072Z   ---
2026-09-12T04:34:21.7636240Z   duration_ms: 23.326048
2026-09-12T04:34:21.7636608Z   type: 'test'
2026-09-12T04:34:21.7636783Z   ...
2026-09-12T04:34:21.7637119Z # Subtest: discover accepts bounded JSON and returns the canonical result contract
2026-09-12T04:34:21.7637597Z ok 317 - discover accepts bounded JSON and returns the canonical result contract
2026-09-12T04:34:21.7637900Z   ---
2026-09-12T04:34:21.7638059Z   duration_ms: 3.594321
2026-09-12T04:34:21.7638245Z   type: 'test'
2026-09-12T04:34:21.7638404Z   ...
2026-09-12T04:34:21.7638751Z # Subtest: discover rejects wrong methods, media types, invalid JSON, and invalid queries
2026-09-12T04:34:21.7639256Z ok 318 - discover rejects wrong methods, media types, invalid JSON, and invalid queries
2026-09-12T04:34:21.7639565Z   ---
2026-09-12T04:34:21.7639717Z   duration_ms: 4.831537
2026-09-12T04:34:21.7639893Z   type: 'test'
2026-09-12T04:34:21.7640045Z   ...
2026-09-12T04:34:21.7640254Z # Subtest: unknown API routes fail closed
2026-09-12T04:34:21.7640523Z ok 319 - unknown API routes fail closed
2026-09-12T04:34:21.7640730Z   ---
2026-09-12T04:34:21.7640885Z   duration_ms: 0.347744
2026-09-12T04:34:21.7641058Z   type: 'test'
2026-09-12T04:34:21.7641208Z   ...
2026-09-12T04:34:21.7641483Z # Subtest: supports health HEAD and cross-origin API preflight
2026-09-12T04:34:21.7641995Z ok 320 - supports health HEAD and cross-origin API preflight
2026-09-12T04:34:21.7642249Z   ---
2026-09-12T04:34:21.7642403Z   duration_ms: 0.94812
2026-09-12T04:34:21.7642576Z   type: 'test'
2026-09-12T04:34:21.7642733Z   ...
2026-09-12T04:34:21.7643065Z # Subtest: catalog browsing and dataset dereferencing do not depend on a question
2026-09-12T04:34:21.7643533Z ok 321 - catalog browsing and dataset dereferencing do not depend on a question
2026-09-12T04:34:21.7643827Z   ---
2026-09-12T04:34:21.7643989Z   duration_ms: 7.626882
2026-09-12T04:34:21.7644171Z   type: 'test'
2026-09-12T04:34:21.7644328Z   ...
2026-09-12T04:34:21.7644708Z # Subtest: versioned machine routes return strict toolkit envelopes without touching legacy routes
2026-09-12T04:34:21.7645284Z ok 322 - versioned machine routes return strict toolkit envelopes without touching legacy routes
2026-09-12T04:34:21.7645624Z   ---
2026-09-12T04:34:21.7645786Z   duration_ms: 16.786696
2026-09-12T04:34:21.7645973Z   type: 'test'
2026-09-12T04:34:21.7646136Z   ...
2026-09-12T04:34:21.7646655Z # Subtest: serves machine files with their real types and gives unknown pages HTTP 404
2026-09-12T04:34:21.7647147Z ok 323 - serves machine files with their real types and gives unknown pages HTTP 404
2026-09-12T04:34:21.7647447Z   ---
2026-09-12T04:34:21.7647606Z   duration_ms: 1.649287
2026-09-12T04:34:21.7647785Z   type: 'test'
2026-09-12T04:34:21.7647940Z   ...
2026-09-12T04:34:39.8967651Z # Subtest: historical proof validates by bytes and shared successor subject rules
2026-09-12T04:34:39.8968530Z ok 324 - historical proof validates by bytes and shared successor subject rules
2026-09-12T04:34:39.8969019Z   ---
2026-09-12T04:34:39.8969262Z   duration_ms: 2.927705
2026-09-12T04:34:39.8969534Z   type: 'test'
2026-09-12T04:34:39.8969786Z   ...
2026-09-12T04:34:39.8970289Z # Subtest: historical proof fails for each missing or altered immutable input
2026-09-12T04:34:39.8971302Z ok 325 - historical proof fails for each missing or altered immutable input
2026-09-12T04:34:39.8971780Z   ---
2026-09-12T04:34:39.8972009Z   duration_ms: 2.143793
2026-09-12T04:34:39.8972283Z   type: 'test'
2026-09-12T04:34:39.8972515Z   ...
2026-09-12T04:34:39.8973099Z # Subtest: historical proof fails closed for malformed JSON and wrong or malformed subjects
2026-09-12T04:34:39.8997508Z ok 326 - historical proof fails closed for malformed JSON and wrong or malformed subjects
2026-09-12T04:34:39.8998083Z   ---
2026-09-12T04:34:39.8998345Z   duration_ms: 0.998917
2026-09-12T04:34:39.8998614Z   type: 'test'
2026-09-12T04:34:39.8998844Z   ...
2026-09-12T04:34:39.8999285Z # Subtest: current technical failure cannot become a pending draft
2026-09-12T04:34:39.8999894Z ok 327 - current technical failure cannot become a pending draft
2026-09-12T04:34:39.9000308Z   ---
2026-09-12T04:34:39.9000546Z   duration_ms: 1.415905
2026-09-12T04:34:39.9000796Z   type: 'test'
2026-09-12T04:34:39.9001014Z   ...
2026-09-12T04:34:39.9001527Z # Subtest: current draft remains pending and seals the verifier in its inventory
2026-09-12T04:34:39.9002256Z ok 328 - current draft remains pending and seals the verifier in its inventory
2026-09-12T04:34:39.9002712Z   ---
2026-09-12T04:34:39.9002953Z   duration_ms: 0.272391
2026-09-12T04:34:39.9003220Z   type: 'test'
2026-09-12T04:34:39.9003434Z   ...
2026-09-12T04:34:39.9003961Z # Subtest: only the reviewed WP0 v1.4.0 validate descriptor selects the current route
2026-09-12T04:34:39.9004751Z ok 329 - only the reviewed WP0 v1.4.0 validate descriptor selects the current route
2026-09-12T04:34:39.9005233Z   ---
2026-09-12T04:34:39.9005475Z   duration_ms: 0.228534
2026-09-12T04:34:39.9005735Z   type: 'test'
2026-09-12T04:34:39.9005962Z   ...
2026-09-12T04:34:39.9006684Z # Subtest: child failures, absent status, signals and zero test summaries fail closed
2026-09-12T04:34:39.9007454Z ok 330 - child failures, absent status, signals and zero test summaries fail closed
2026-09-12T04:34:39.9007961Z   ---
2026-09-12T04:34:39.9008186Z   duration_ms: 0.373663
2026-09-12T04:34:39.9008756Z   type: 'test'
2026-09-12T04:34:39.9008989Z   ...
2026-09-12T04:34:39.9010375Z # {"status":"BLOCKED_APPROVAL_PENDING","package_id":"@ushso/wp0-verification-v1.4.0@1.4.0","subject_sha256":"3309e3b1d01850381fe91244f43df7b61e69f5d0589129b6ee84a142d85eaef6","technical_status":"PASS","release_gate_pass":false}
2026-09-12T04:34:39.9011793Z # Subtest: direct successor validation remains pending without issuing a receipt
2026-09-12T04:34:39.9012559Z ok 331 - direct successor validation remains pending without issuing a receipt
2026-09-12T04:34:39.9013103Z   ---
2026-09-12T04:34:39.9013346Z   duration_ms: 11.664831
2026-09-12T04:34:39.9013623Z   type: 'test'
2026-09-12T04:34:39.9013857Z   ...
2026-09-12T04:34:39.9014207Z # [verify] verification/wp0/v1.4.0 :: test
2026-09-12T04:34:39.9014652Z # > @ushso/wp0-verification-v1.4.0@1.4.0 test
2026-09-12T04:34:39.9015063Z # > node --test tests/*.test.mjs
2026-09-12T04:34:39.9015374Z # TAP version 13
2026-09-12T04:34:39.9016026Z # \# Subtest: all original historical checks and current production checks pass without approval
2026-09-12T04:34:39.9017427Z # ok 1 - all original historical checks and current production checks pass without approval
2026-09-12T04:34:39.9017981Z #   ---
2026-09-12T04:34:39.9018265Z #   duration_ms: 17789.134069
2026-09-12T04:34:39.9018577Z #   type: 'test'
2026-09-12T04:34:39.9018820Z #   ...
2026-09-12T04:34:39.9020207Z # \# {"status":"BLOCKED_APPROVAL_PENDING","package_id":"unit-fixture-only","subject_sha256":"e4d9145f8f21059b79b2194882322e95bbff5213008e987a1c80b4e6e6c7d74b","technical_status":"PASS","release_gate_pass":false}
2026-09-12T04:34:39.9022387Z # \# {"status":"BLOCKED_APPROVAL_PENDING","package_id":"unit-fixture-only","subject_sha256":"e4d9145f8f21059b79b2194882322e95bbff5213008e987a1c80b4e6e6c7d74b","technical_status":"PASS","release_gate_pass":false}
2026-09-12T04:34:39.9023735Z # \# Subtest: CLI rejects ambiguous flags and never issues a receipt for missing or explicit pending approval
2026-09-12T04:34:39.9024560Z # ok 2 - CLI rejects ambiguous flags and never issues a receipt for missing or explicit pending approval
2026-09-12T04:34:39.9024973Z #   ---
2026-09-12T04:34:39.9025225Z #   duration_ms: 11.709508
2026-09-12T04:34:39.9025493Z #   type: 'test'
2026-09-12T04:34:39.9025724Z #   ...
2026-09-12T04:34:39.9026223Z # \# Subtest: historical path remapping cannot substitute current algorithms
2026-09-12T04:34:39.9027049Z # ok 3 - historical path remapping cannot substitute current algorithms
2026-09-12T04:34:39.9027483Z #   ---
2026-09-12T04:34:39.9027725Z #   duration_ms: 0.599134
2026-09-12T04:34:39.9027994Z #   type: 'test'
2026-09-12T04:34:39.9028228Z #   ...
2026-09-12T04:34:39.9029048Z # \# Subtest: @ushso/wp0-verification-v1.4.0@1.4.0: shared approval boundary refuses missing, stale, wrong-scope and tampered evidence
2026-09-12T04:34:39.9030275Z # ok 4 - @ushso/wp0-verification-v1.4.0@1.4.0: shared approval boundary refuses missing, stale, wrong-scope and tampered evidence
2026-09-12T04:34:39.9030948Z #   ---
2026-09-12T04:34:39.9031229Z #   duration_ms: 1.470547
2026-09-12T04:34:39.9031474Z #   type: 'test'
2026-09-12T04:34:39.9031732Z #   ...
2026-09-12T04:34:39.9032481Z # \# Subtest: @ushso/wp11-verification-v1.3.0@1.3.0: shared approval boundary refuses missing, stale, wrong-scope and tampered evidence
2026-09-12T04:34:39.9033768Z # ok 5 - @ushso/wp11-verification-v1.3.0@1.3.0: shared approval boundary refuses missing, stale, wrong-scope and tampered evidence
2026-09-12T04:34:39.9034463Z #   ---
2026-09-12T04:34:39.9034699Z #   duration_ms: 0.916342
2026-09-12T04:34:39.9034964Z #   type: 'test'
2026-09-12T04:34:39.9035199Z #   ...
2026-09-12T04:34:39.9036036Z # \# Subtest: @ushso/ci-verification-successor-v1-3@1.3.0: shared approval boundary refuses missing, stale, wrong-scope and tampered evidence
2026-09-12T04:34:39.9037545Z # ok 6 - @ushso/ci-verification-successor-v1-3@1.3.0: shared approval boundary refuses missing, stale, wrong-scope and tampered evidence
2026-09-12T04:34:39.9038316Z #   ---
2026-09-12T04:34:39.9038593Z #   duration_ms: 0.564461
2026-09-12T04:34:39.9039111Z #   type: 'test'
2026-09-12T04:34:39.9039358Z #   ...
2026-09-12T04:34:39.9039567Z # 1..6
2026-09-12T04:34:39.9039809Z # \# tests 6
2026-09-12T04:34:39.9040054Z # \# suites 0
2026-09-12T04:34:39.9040297Z # \# pass 6
2026-09-12T04:34:39.9040577Z # \# fail 0
2026-09-12T04:34:39.9040830Z # \# cancelled 0
2026-09-12T04:34:39.9041072Z # \# skipped 0
2026-09-12T04:34:39.9041325Z # \# todo 0
2026-09-12T04:34:39.9041603Z # \# duration_ms 17934.311188
2026-09-12T04:34:39.9795168Z # [verify] verification/wp0/v1.4.0 :: validate
2026-09-12T04:34:56.1083761Z # {
2026-09-12T04:34:56.1084261Z #   "schema_version": "ushso.wp0-ci-attestation.v1.0.0",
2026-09-12T04:34:56.1084574Z #   "status": "PASS",
2026-09-12T04:34:56.1084862Z #   "package_id": "@ushso/wp0-verification-v1.4.0@1.4.0",
2026-09-12T04:34:56.1085131Z #   "historical": {
2026-09-12T04:34:56.1085503Z #     "package_id": "@ushso/wp0-verification-v1.4.0@1.4.0",
2026-09-12T04:34:56.1086030Z #     "subject_sha256": "0098ee424bc58120f48167c580b7db19b556d0aee42929d1da56664f78993cb5",
2026-09-12T04:34:56.1086714Z #     "approval_status": "approved_original_subject_only",
2026-09-12T04:34:56.1087246Z #     "receipt_status": "approved_scoped_attestation",
2026-09-12T04:34:56.1087637Z #     "reviewer": {
2026-09-12T04:34:56.1087928Z #       "id": "github:176340565",
2026-09-12T04:34:56.1088171Z #       "role": "repository_owner"
2026-09-12T04:34:56.1088368Z #     },
2026-09-12T04:34:56.1088579Z #     "recorded_at": "2026-09-09T13:02:53Z",
2026-09-12T04:34:56.1088989Z #     "evidence_sha256": "1aed5b57042a3a3609666b7678d6d9e6d17d607850dce4ecc90b99320b25ea42",
2026-09-12T04:34:56.1089326Z #     "files": {
2026-09-12T04:34:56.1089514Z #       "approval": {
2026-09-12T04:34:56.1089949Z #         "path": "verification/wp0/v1.4.0/approvals/approval.json",
2026-09-12T04:34:56.1090631Z #         "sha256": "d1636ed70d3cff146666a54ea5f9e493e94386649d827c1a424504c244759c05"
2026-09-12T04:34:56.1091252Z #       },
2026-09-12T04:34:56.1091809Z #       "evidence": {
2026-09-12T04:34:56.1092270Z #         "path": "verification/wp0/v1.4.0/approvals/evidence.txt",
2026-09-12T04:34:56.1092947Z #         "sha256": "1aed5b57042a3a3609666b7678d6d9e6d17d607850dce4ecc90b99320b25ea42"
2026-09-12T04:34:56.1093429Z #       },
2026-09-12T04:34:56.1093673Z #       "receipt": {
2026-09-12T04:34:56.1094105Z #         "path": "verification/wp0/v1.4.0/receipts/approved.json",
2026-09-12T04:34:56.1094758Z #         "sha256": "15b79d25a52487597236c545b4f9e27be05203850b6e5076b671d6104390a5b8"
2026-09-12T04:34:56.1095191Z #       }
2026-09-12T04:34:56.1095407Z #     }
2026-09-12T04:34:56.1095616Z #   },
2026-09-12T04:34:56.1095827Z #   "current": {
2026-09-12T04:34:56.1096549Z #     "subject_sha256": "ecfbe226ae269c5514bdcfb0c7fcc690c87c55650c8be32ea6799f42a060f5e1",
2026-09-12T04:34:56.1097135Z #     "technical_status": "PASS",
2026-09-12T04:34:56.1097518Z #     "status": "pending_authorized_review",
2026-09-12T04:34:56.1097878Z #     "approval": null,
2026-09-12T04:34:56.1098298Z #     "approval_status": "absent_for_current_subject",
2026-09-12T04:34:56.1098720Z #     "release_gate_pass": false,
2026-09-12T04:34:56.1099047Z #     "release_ready": false,
2026-09-12T04:34:56.1099414Z #     "production_eligibility": false,
2026-09-12T04:34:56.1099814Z #     "implementation_file_count": 606,
2026-09-12T04:34:56.1100266Z #     "current_verifier_in_implementation_inventory": true
2026-09-12T04:34:56.1100655Z #   },
2026-09-12T04:34:56.1100890Z #   "boundaries": {
2026-09-12T04:34:56.1101224Z #     "historical_approval_reused": false,
2026-09-12T04:34:56.1101643Z #     "historical_receipt_overwritten": false,
2026-09-12T04:34:56.1102053Z #     "current_approval_issued": false,
2026-09-12T04:34:56.1102445Z #     "current_release_qualified": false,
2026-09-12T04:34:56.1102834Z #     "production_authorized": false
2026-09-12T04:34:56.1103128Z #   }
2026-09-12T04:34:56.1103337Z # }
2026-09-12T04:34:56.1872512Z # Subtest: actual WP0 runner keeps the test stage and reports a positive count before current validation
2026-09-12T04:34:56.1873509Z ok 332 - actual WP0 runner keeps the test stage and reports a positive count before current validation
2026-09-12T04:34:56.1873896Z   ---
2026-09-12T04:34:56.1874078Z   duration_ms: 34589.110695
2026-09-12T04:34:56.1874271Z   type: 'test'
2026-09-12T04:34:56.1874433Z   ...
2026-09-12T04:34:56.1901778Z # [verify] /home/runner/work/_temp/ushso-pr085-runner-fixture-a4KWmo :: test
2026-09-12T04:34:56.4060379Z # > @ushso/pr085-future-wp0-fixture@1.5.0 test
2026-09-12T04:34:56.4060748Z # > node --test tests/pass.test.mjs
2026-09-12T04:34:56.4060991Z # TAP version 13
2026-09-12T04:34:56.4061186Z # \# Subtest: fixture test
2026-09-12T04:34:56.4061577Z # ok 1 - fixture test
2026-09-12T04:34:56.4061888Z #   ---
2026-09-12T04:34:56.4062093Z #   duration_ms: 0.608087
2026-09-12T04:34:56.4062287Z #   type: 'test'
2026-09-12T04:34:56.4062457Z #   ...
2026-09-12T04:34:56.4062606Z # 1..1
2026-09-12T04:34:56.4062753Z # \# tests 1
2026-09-12T04:34:56.4062937Z # \# suites 0
2026-09-12T04:34:56.4063108Z # \# pass 1
2026-09-12T04:34:56.4063275Z # \# fail 0
2026-09-12T04:34:56.4063427Z # \# cancelled 0
2026-09-12T04:34:56.4063596Z # \# skipped 0
2026-09-12T04:34:56.4063757Z # \# todo 0
2026-09-12T04:34:56.4063928Z # \# duration_ms 40.523125
2026-09-12T04:34:56.4824198Z # [verify] /home/runner/work/_temp/ushso-pr085-runner-fixture-a4KWmo :: validate
2026-09-12T04:34:56.6449756Z # > @ushso/pr085-future-wp0-fixture@1.5.0 validate
2026-09-12T04:34:56.6450214Z # > node -e "process.exit(17)"
2026-09-12T04:34:56.7103645Z # [verify] /home/runner/work/_temp/ushso-pr085-runner-fixture-BJoWUH :: test
2026-09-12T04:34:56.8951187Z # > @ushso/pr085-zero-test-fixture@1.0.0 test
2026-09-12T04:34:56.8951635Z # > node --test
2026-09-12T04:34:56.8951892Z # TAP version 13
2026-09-12T04:34:56.8952133Z # 1..0
2026-09-12T04:34:56.8952352Z # \# tests 0
2026-09-12T04:34:56.8952581Z # \# suites 0
2026-09-12T04:34:56.8952797Z # \# pass 0
2026-09-12T04:34:56.8953191Z # \# fail 0
2026-09-12T04:34:56.8953352Z # \# cancelled 0
2026-09-12T04:34:56.8953514Z # \# skipped 0
2026-09-12T04:34:56.8953680Z # \# todo 0
2026-09-12T04:34:56.8953853Z # \# duration_ms 7.960472
2026-09-12T04:34:56.9626960Z # [verify] verification/wp0/v1.4.0 :: validate
2026-09-12T04:34:57.0479014Z # fixture current attestation failure
2026-09-12T04:34:57.1281841Z # Subtest: actual runner retains future-version failures, child failures, and zero-test failures
2026-09-12T04:34:57.1282881Z ok 333 - actual runner retains future-version failures, child failures, and zero-test failures
2026-09-12T04:34:57.1283671Z   ---
2026-09-12T04:34:57.1284032Z   duration_ms: 941.210416
2026-09-12T04:34:57.1284396Z   type: 'test'
2026-09-12T04:34:57.1284721Z   ...
2026-09-12T04:34:57.1375247Z # Subtest: PublicationReadContext is new per request, deeply frozen, and shared by every repository call
2026-09-12T04:34:57.1376009Z ok 334 - PublicationReadContext is new per request, deeply frozen, and shared by every repository call
2026-09-12T04:34:57.1385917Z   ---
2026-09-12T04:34:57.1397334Z   duration_ms: 44.04195
2026-09-12T04:34:57.1430663Z   type: 'test'
2026-09-12T04:34:57.1437001Z   ...
2026-09-12T04:34:57.1437604Z # Subtest: static adapters reproduce exact legacy browse, dataset, and discovery structures
2026-09-12T04:34:57.1438459Z ok 335 - static adapters reproduce exact legacy browse, dataset, and discovery structures
2026-09-12T04:34:57.1438985Z   ---
2026-09-12T04:34:57.1439209Z   duration_ms: 469.36124
2026-09-12T04:34:57.1439484Z   type: 'test'
2026-09-12T04:34:57.1439721Z   ...
2026-09-12T04:34:57.1440366Z # Subtest: public search forwards the request evaluation clock into retrieve without changing v1.1 bytes
2026-09-12T04:34:57.1441396Z ok 336 - public search forwards the request evaluation clock into retrieve without changing v1.1 bytes
2026-09-12T04:34:57.1441972Z   ---
2026-09-12T04:34:57.1442214Z   duration_ms: 413.451712
2026-09-12T04:34:57.1442497Z   type: 'test'
2026-09-12T04:34:57.1442731Z   ...
2026-09-12T04:34:57.1443431Z # Subtest: Worker dependency injection preserves exact response bytes, fields, ordering, and cache headers
2026-09-12T04:34:57.1444772Z ok 337 - Worker dependency injection preserves exact response bytes, fields, ordering, and cache headers
2026-09-12T04:34:57.1445353Z   ---
2026-09-12T04:34:57.1445590Z   duration_ms: 8.853518
2026-09-12T04:34:57.1445858Z   type: 'test'
2026-09-12T04:34:57.1446090Z   ...
2026-09-12T04:34:57.1446729Z # Subtest: legacy static coverage is typed unknown and planner fails closed
2026-09-12T04:34:57.1447530Z ok 338 - legacy static coverage is typed unknown and planner fails closed
2026-09-12T04:34:57.1447969Z   ---
2026-09-12T04:34:57.1448200Z   duration_ms: 1.118326
2026-09-12T04:34:57.1448467Z   type: 'test'
2026-09-12T04:34:57.1448719Z   ...
2026-09-12T04:34:57.1449154Z # Subtest: static asset-only entry requires only the ASSETS binding
2026-09-12T04:34:57.1449777Z ok 339 - static asset-only entry requires only the ASSETS binding
2026-09-12T04:34:57.1450178Z   ---
2026-09-12T04:34:57.1450430Z   duration_ms: 1317.518612
2026-09-12T04:34:57.1450708Z   type: 'test'
2026-09-12T04:34:57.1450937Z   ...
2026-09-12T04:34:57.1451464Z # Subtest: historical v1.1 retrieval remains immutable while the Worker selects v1.2
2026-09-12T04:34:57.1452263Z ok 340 - historical v1.1 retrieval remains immutable while the Worker selects v1.2
2026-09-12T04:34:57.1452748Z   ---
2026-09-12T04:34:57.1452990Z   duration_ms: 1.625451
2026-09-12T04:34:57.1453257Z   type: 'test'
2026-09-12T04:34:57.1453482Z   ...
2026-09-12T04:34:57.1454104Z # Subtest: current WP11 verifier keeps historical proof, technical draft and wrapper subject separate
2026-09-12T04:34:57.1455061Z ok 341 - current WP11 verifier keeps historical proof, technical draft and wrapper subject separate
2026-09-12T04:34:57.1455618Z   ---
2026-09-12T04:34:57.1455852Z   duration_ms: 413.805508
2026-09-12T04:34:57.1456121Z   type: 'test'
2026-09-12T04:34:57.1456346Z   ...
2026-09-12T04:34:57.1457257Z # Subtest: historical WP11 proof fails closed for missing and altered immutable bytes
2026-09-12T04:34:57.1458062Z ok 342 - historical WP11 proof fails closed for missing and altered immutable bytes
2026-09-12T04:34:57.1458541Z   ---
2026-09-12T04:34:57.1458775Z   duration_ms: 86.556723
2026-09-12T04:34:57.1459042Z   type: 'test'
2026-09-12T04:34:57.1459268Z   ...
2026-09-12T04:34:57.1459747Z # Subtest: retained snapshot reconstitutes 154 sealed preimages without Git
2026-09-12T04:34:57.1460459Z ok 343 - retained snapshot reconstitutes 154 sealed preimages without Git
2026-09-12T04:34:57.1460906Z   ---
2026-09-12T04:34:57.1461149Z   duration_ms: 76.283252
2026-09-12T04:34:57.1461412Z   type: 'test'
2026-09-12T04:34:57.1461641Z   ...
2026-09-12T04:34:57.1462390Z # Subtest: snapshot reader rejects missing, extra, tampered, substituted, incomplete, duplicate and unsafe inventory bytes
2026-09-12T04:34:57.1463558Z ok 344 - snapshot reader rejects missing, extra, tampered, substituted, incomplete, duplicate and unsafe inventory bytes
2026-09-12T04:34:57.1464222Z   ---
2026-09-12T04:34:57.1464458Z   duration_ms: 729.985276
2026-09-12T04:34:57.1464735Z   type: 'test'
2026-09-12T04:34:57.1464965Z   ...
2026-09-12T04:34:57.1465426Z # Subtest: historical snapshot proof still passes when Git is unavailable
2026-09-12T04:34:57.1466116Z ok 345 - historical snapshot proof still passes when Git is unavailable
2026-09-12T04:34:57.1466660Z   ---
2026-09-12T04:34:57.1466817Z   duration_ms: 91.22397
2026-09-12T04:34:57.1467002Z   type: 'test'
2026-09-12T04:34:57.1467156Z   ...
2026-09-12T04:34:57.1467491Z # Subtest: current technical builder hashes actual current files and remains unapproved
2026-09-12T04:34:57.1467988Z ok 346 - current technical builder hashes actual current files and remains unapproved
2026-09-12T04:34:57.1468292Z   ---
2026-09-12T04:34:57.1468450Z   duration_ms: 156.821289
2026-09-12T04:34:57.1468629Z   type: 'test'
2026-09-12T04:34:57.1468779Z   ...
2026-09-12T04:34:57.1469223Z # Subtest: independent current inventory rejects additions, removals, duplicate records and byte or length drift
2026-09-12T04:34:57.1470077Z ok 347 - independent current inventory rejects additions, removals, duplicate records and byte or length drift
2026-09-12T04:34:57.1470506Z   ---
2026-09-12T04:34:57.1470671Z   duration_ms: 568.914168
2026-09-12T04:34:57.1470870Z   type: 'test'
2026-09-12T04:34:57.1471051Z   ...
2026-09-12T04:34:57.1471497Z # Subtest: actual current-file change updates the pending technical subject while snapshot proof still passes
2026-09-12T04:34:57.1472201Z ok 348 - actual current-file change updates the pending technical subject while snapshot proof still passes
2026-09-12T04:34:57.1472603Z   ---
2026-09-12T04:34:57.1472782Z   duration_ms: 522.681058
2026-09-12T04:34:57.1472985Z   type: 'test'
2026-09-12T04:34:57.1473143Z   ...
2026-09-12T04:34:57.1473477Z # Subtest: missing snapshot or reader bindings and stale policy pins fail closed
2026-09-12T04:34:57.1473989Z ok 349 - missing snapshot or reader bindings and stale policy pins fail closed
2026-09-12T04:34:57.1474328Z   ---
2026-09-12T04:34:57.1474509Z   duration_ms: 16.318293
2026-09-12T04:34:57.1474707Z   type: 'test'
2026-09-12T04:34:57.1474873Z   ...
2026-09-12T04:34:57.1475282Z # Subtest: PR005-941c9cd comparison reports all 13 changed inputs and is not combined acceptance
2026-09-12T04:34:57.1475878Z ok 350 - PR005-941c9cd comparison reports all 13 changed inputs and is not combined acceptance
2026-09-12T04:34:57.1476244Z   ---
2026-09-12T04:34:57.1476556Z   duration_ms: 495.219995
2026-09-12T04:34:57.1476760Z   type: 'test'
2026-09-12T04:34:57.1476929Z   ...
2026-09-12T04:34:57.1477276Z # Subtest: named pre-PR005 fixture comparison reports only the two package transitions
2026-09-12T04:34:57.1477799Z ok 351 - named pre-PR005 fixture comparison reports only the two package transitions
2026-09-12T04:34:57.1478105Z   ---
2026-09-12T04:34:57.1478272Z   duration_ms: 91.932818
2026-09-12T04:34:57.1478447Z   type: 'test'
2026-09-12T04:34:57.1478611Z   ...
2026-09-12T04:34:57.1479186Z # Subtest: the independently reviewed PR008 lock is one exact current transition and remains unapproved
2026-09-12T04:34:57.1480069Z ok 352 - the independently reviewed PR008 lock is one exact current transition and remains unapproved
2026-09-12T04:34:57.1480648Z   ---
2026-09-12T04:34:57.1480890Z   duration_ms: 156.187304
2026-09-12T04:34:57.1481107Z   type: 'test'
2026-09-12T04:34:57.1481292Z   ...
2026-09-12T04:34:57.1481815Z # Subtest: corrected PR005 afb9056 comparison is a complete unapproved report, not combined acceptance
2026-09-12T04:34:57.1482520Z ok 353 - corrected PR005 afb9056 comparison is a complete unapproved report, not combined acceptance
2026-09-12T04:34:57.1482889Z   ---
2026-09-12T04:34:57.1483049Z   duration_ms: 1019.577741
2026-09-12T04:34:57.1483234Z   type: 'test'
2026-09-12T04:34:57.1483384Z   ...
2026-09-12T04:34:57.1483752Z # Subtest: current technical failure and approval overclaim cannot be represented as a pending draft
2026-09-12T04:34:57.1484327Z ok 354 - current technical failure and approval overclaim cannot be represented as a pending draft
2026-09-12T04:34:57.1484678Z   ---
2026-09-12T04:34:57.1484831Z   duration_ms: 0.680166
2026-09-12T04:34:57.1485007Z   type: 'test'
2026-09-12T04:34:57.1485154Z   ...
2026-09-12T04:34:57.1485465Z # Subtest: only the exact WP11 v1.3 validate descriptor selects the current route
2026-09-12T04:34:57.1485923Z ok 355 - only the exact WP11 v1.3 validate descriptor selects the current route
2026-09-12T04:34:57.1486217Z   ---
2026-09-12T04:34:57.1486505Z   duration_ms: 0.183647
2026-09-12T04:34:57.1486690Z   type: 'test'
2026-09-12T04:34:57.1486843Z   ...
2026-09-12T04:34:57.1487084Z # [verify] verification/wp11/v1.3.0 :: test
2026-09-12T04:34:57.1487372Z # > @ushso/wp11-verification-v1.3.0@1.3.0 test
2026-09-12T04:34:57.1487642Z # > node --test tests/*.test.mjs
2026-09-12T04:34:57.1487842Z # TAP version 13
2026-09-12T04:34:57.1488220Z # \# Subtest: candidate technical evidence passes while approval and release remain unclaimed
2026-09-12T04:34:57.1488762Z # ok 1 - candidate technical evidence passes while approval and release remain unclaimed
2026-09-12T04:34:57.1489231Z #   ---
2026-09-12T04:34:57.1489400Z #   duration_ms: 53.468069
2026-09-12T04:34:57.1489596Z #   type: 'test'
2026-09-12T04:34:57.1489767Z #   ...
2026-09-12T04:34:57.1490043Z # \# Subtest: stale file hash or missing dependency cannot validate
2026-09-12T04:34:57.1490419Z # ok 2 - stale file hash or missing dependency cannot validate
2026-09-12T04:34:57.1490671Z #   ---
2026-09-12T04:34:57.1490841Z #   duration_ms: 80.301466
2026-09-12T04:34:57.1491029Z #   type: 'test'
2026-09-12T04:34:57.1491186Z #   ...
2026-09-12T04:34:57.1491416Z # \# Subtest: technical evidence cannot smuggle approval
2026-09-12T04:34:57.1491723Z # ok 3 - technical evidence cannot smuggle approval
2026-09-12T04:34:57.1491948Z #   ---
2026-09-12T04:34:57.1492113Z #   duration_ms: 0.223868
2026-09-12T04:34:57.1492294Z #   type: 'test'
2026-09-12T04:34:57.1492456Z #   ...
2026-09-12T04:34:57.1492759Z # \# Subtest: behavioral probes fail a permissive URL implementation
2026-09-12T04:34:57.1493148Z # ok 4 - behavioral probes fail a permissive URL implementation
2026-09-12T04:34:57.1493400Z #   ---
2026-09-12T04:34:57.1493559Z #   duration_ms: 4.68315
2026-09-12T04:34:57.1493742Z #   type: 'test'
2026-09-12T04:34:57.1493902Z #   ...
2026-09-12T04:34:57.1494042Z # 1..4
2026-09-12T04:34:57.1494190Z # \# tests 4
2026-09-12T04:34:57.1494347Z # \# suites 0
2026-09-12T04:34:57.1494501Z # \# pass 4
2026-09-12T04:34:57.1494651Z # \# fail 0
2026-09-12T04:34:57.1494804Z # \# cancelled 0
2026-09-12T04:34:57.1494972Z # \# skipped 0
2026-09-12T04:34:57.1495123Z # \# todo 0
2026-09-12T04:34:57.1495293Z # \# duration_ms 228.19799
2026-09-12T04:34:57.1495551Z # [verify] verification/wp11/v1.3.0 :: validate
2026-09-12T04:34:57.1495776Z # {
2026-09-12T04:34:57.1496020Z #   "schema_version": "ushso.wp11-v13-attestation.v1.0.0",
2026-09-12T04:34:57.1496289Z #   "status": "PASS",
2026-09-12T04:34:57.1496784Z #   "package_id": "@ushso/wp11-verification-v1.3.0@1.3.0",
2026-09-12T04:34:57.1497245Z #   "wrapper_package_id": "@ushso/wp11-current-attestation-adapter-v1.3.0@1.3.0",
2026-09-12T04:34:57.1497586Z #   "historical": {
2026-09-12T04:34:57.1497847Z #     "package_id": "@ushso/wp11-verification-v1.3.0@1.3.0",
2026-09-12T04:34:57.1498372Z #     "subject_sha256": "294d8b40bb5a2dbe1f55cdfde4a60205de75ee1ffe48e0108eae69aea2db0f98",
2026-09-12T04:34:57.1498809Z #     "approval_status": "approved_original_subject_only",
2026-09-12T04:34:57.1499151Z #     "receipt_status": "approved_scoped_attestation",
2026-09-12T04:34:57.1499396Z #     "reviewer": {
2026-09-12T04:34:57.1499595Z #       "id": "github:176340565",
2026-09-12T04:34:57.1499830Z #       "role": "repository_owner"
2026-09-12T04:34:57.1500025Z #     },
2026-09-12T04:34:57.1500244Z #     "recorded_at": "2026-09-09T13:02:53Z",
2026-09-12T04:34:57.1500649Z #     "evidence_sha256": "b77cf81e309d88b52bd1ed9502f39459697c0dffa16d0c87d2889c5d5ae59422",
2026-09-12T04:34:57.1501091Z #     "source_commit": "30fa0c59ecd4d3d1dd1f56cd8422c6c470e45cb0",
2026-09-12T04:34:57.1501351Z #     "files": {
2026-09-12T04:34:57.1501528Z #       "approval": {
2026-09-12T04:34:57.1501818Z #         "path": "verification/wp11/v1.3.0/approvals/approval.json",
2026-09-12T04:34:57.1502114Z #         "bytes": 674,
2026-09-12T04:34:57.1502456Z #         "sha256": "c571ce5183f7a384db60d7f23dd605bcd51545e7ac38347a7b0766c67372e3d1"
2026-09-12T04:34:57.1502762Z #       },
2026-09-12T04:34:57.1502925Z #       "evidence": {
2026-09-12T04:34:57.1503201Z #         "path": "verification/wp11/v1.3.0/approvals/evidence.txt",
2026-09-12T04:34:57.1503469Z #         "bytes": 764,
2026-09-12T04:34:57.1503803Z #         "sha256": "b77cf81e309d88b52bd1ed9502f39459697c0dffa16d0c87d2889c5d5ae59422"
2026-09-12T04:34:57.1504097Z #       },
2026-09-12T04:34:57.1504256Z #       "receipt": {
2026-09-12T04:34:57.1504526Z #         "path": "verification/wp11/v1.3.0/receipts/approved.json",
2026-09-12T04:34:57.1504793Z #         "bytes": 32419,
2026-09-12T04:34:57.1505135Z #         "sha256": "e596e1b18a0251f611990c9752e1d12fb36cd05dab16bf55cf96e8d1fc431f9d"
2026-09-12T04:34:57.1505597Z #       }
2026-09-12T04:34:57.1505745Z #     },
2026-09-12T04:34:57.1505934Z #     "predecessor_manifest": {
2026-09-12T04:34:57.1506318Z #       "path": "verification/wp11/v1.0.0/receipts/implementation-file-manifest.json",
2026-09-12T04:34:57.1506786Z #       "bytes": 7068,
2026-09-12T04:34:57.1507125Z #       "sha256": "d388972dca800318aa8ad31ddca2975c0eb3d2761fdb28e82aa7545cb76576aa"
2026-09-12T04:34:57.1507437Z #     },
2026-09-12T04:34:57.1507624Z #     "predecessor_receipt": {
2026-09-12T04:34:57.1507956Z #       "path": "verification/wp11/v1.0.0/receipts/wp11-verification.json",
2026-09-12T04:34:57.1508246Z #       "bytes": 6833,
2026-09-12T04:34:57.1508582Z #       "sha256": "0e75b70dc65c3b05a324d34cbe55bb90d6a7f5b7f90bc810a0770a3a44dabf60"
2026-09-12T04:34:57.1508883Z #     },
2026-09-12T04:34:57.1509055Z #     "previous_successor": {
2026-09-12T04:34:57.1509354Z #       "path": "verification/wp11/v1.2.0/receipts/approved.json",
2026-09-12T04:34:57.1509623Z #       "bytes": 32420,
2026-09-12T04:34:57.1509955Z #       "sha256": "6ff262f67687cf4166af21e7e2e2ba610158f765516e2d597b77670ac2c3a3f5",
2026-09-12T04:34:57.1510341Z #       "package_id": "@ushso/wp11-verification-v1.2.0@1.2.0"
2026-09-12T04:34:57.1510581Z #     },
2026-09-12T04:34:57.1510750Z #     "input_bindings": {
2026-09-12T04:34:57.1510947Z #       "status": "PASS",
2026-09-12T04:34:57.1511208Z #       "source": "retained_historical_preimage_snapshot",
2026-09-12T04:34:57.1511559Z #       "source_commit": "30fa0c59ecd4d3d1dd1f56cd8422c6c470e45cb0",
2026-09-12T04:34:57.1511862Z #       "historical_file_count": 154,
2026-09-12T04:34:57.1512098Z #       "total_bytes": 1347732,
2026-09-12T04:34:57.1512324Z #       "unchanged_count": 154,
2026-09-12T04:34:57.1512543Z #       "unique_blob_count": 154,
2026-09-12T04:34:57.1512771Z #       "git_required": false,
2026-09-12T04:34:57.1513007Z #       "execute_retained_sources": false,
2026-09-12T04:34:57.1513538Z #       "receipt_sha256": "e596e1b18a0251f611990c9752e1d12fb36cd05dab16bf55cf96e8d1fc431f9d",
2026-09-12T04:34:57.1514105Z #       "subject_sha256": "294d8b40bb5a2dbe1f55cdfde4a60205de75ee1ffe48e0108eae69aea2db0f98",
2026-09-12T04:34:57.1514727Z #       "snapshot_dir": "verification/research-program/ci-attestation/wp11-v1.3.0/historical-preimage-snapshot",
2026-09-12T04:34:57.1515441Z #       "inventory_path": "verification/research-program/ci-attestation/wp11-v1.3.0/historical-preimage-snapshot/inventory.json"
2026-09-12T04:34:57.1515868Z #     }
2026-09-12T04:34:57.1516020Z #   },
2026-09-12T04:34:57.1516174Z #   "current": {
2026-09-12T04:34:57.1516557Z #     "subject_kind": "wp11-technical-draft",
2026-09-12T04:34:57.1516887Z #     "package_id": "@ushso/wp11-verification-v1.3.0@1.3.0",
2026-09-12T04:34:57.1517328Z #     "subject_sha256": "90d886a6deb7598e10c56bf6c306b8a943a45cf60c1c159315fa05c695b3ac1f",
2026-09-12T04:34:57.1517695Z #     "technical_status": "PASS",
2026-09-12T04:34:57.1518029Z #     "status": "pending_authorized_review",
2026-09-12T04:34:57.1518400Z #     "approval": null,
2026-09-12T04:34:57.1519353Z #     "approval_status": "absent_for_current_subject",
2026-09-12T04:34:57.1520081Z #     "release_gate_pass": false,
2026-09-12T04:34:57.1520401Z #     "release_ready": false,
2026-09-12T04:34:57.1520687Z #     "production_eligibility": false,
2026-09-12T04:34:57.1520978Z #     "planner_runtime_status": "disabled",
2026-09-12T04:34:57.1521237Z #     "file_count": 156
2026-09-12T04:34:57.1521418Z #   },
2026-09-12T04:34:57.1521570Z #   "wrapper": {
2026-09-12T04:34:57.1521830Z #     "subject_kind": "wp11-current-attestation-adapter",
2026-09-12T04:34:57.1522223Z #     "package_id": "@ushso/wp11-current-attestation-adapter-v1.3.0@1.3.0",
2026-09-12T04:34:57.1522718Z #     "subject_sha256": "05e4430f04f849b46de23f6952babef0e63ce1f2a3441cce1e3af6ffcacf9021",
2026-09-12T04:34:57.1523091Z #     "technical_status": "PASS",
2026-09-12T04:34:57.1523353Z #     "status": "pending_authorized_review",
2026-09-12T04:34:57.1523742Z #     "approval": null,
2026-09-12T04:34:57.1523996Z #     "approval_status": "absent_for_current_subject",
2026-09-12T04:34:57.1524271Z #     "release_gate_pass": false,
2026-09-12T04:34:57.1524488Z #     "release_ready": false,
2026-09-12T04:34:57.1524728Z #     "production_eligibility": false,
2026-09-12T04:34:57.1524977Z #     "implementation_files": [
2026-09-12T04:34:57.1525163Z #       {
2026-09-12T04:34:57.1525390Z #         "path": "scripts/run-contract-suites.mjs",
2026-09-12T04:34:57.1525637Z #         "bytes": 29025,
2026-09-12T04:34:57.1525973Z #         "sha256": "3a13c51986e1cd90b530465d4e8fc30cc3763a86189d06930c4dbf6f65c5e261"
2026-09-12T04:34:57.1526277Z #       },
2026-09-12T04:34:57.1526594Z #       {
2026-09-12T04:34:57.1526832Z #         "path": "scripts/verify-wp11-attestation.mjs",
2026-09-12T04:34:57.1527083Z #         "bytes": 44237,
2026-09-12T04:34:57.1527429Z #         "sha256": "8e8622fadb81c17ae545d5034f549ebe56a2bd4845144c1961412d4fe94220d6"
2026-09-12T04:34:57.1527735Z #       },
2026-09-12T04:34:57.1527884Z #       {
2026-09-12T04:34:57.1528107Z #         "path": "tests/wp11-attestation.test.mjs",
2026-09-12T04:34:57.1528345Z #         "bytes": 49118,
2026-09-12T04:34:57.1528685Z #         "sha256": "8ea1b498beab7ab24689eebfdca3c89d01c2f1df1c8108e8003d10b4c7d6a549"
2026-09-12T04:34:57.1528988Z #       },
2026-09-12T04:34:57.1529133Z #       {
2026-09-12T04:34:57.1529543Z #         "path": "verification/research-program/ci-attestation/wp11-v1.3.0/historical-preimage-reader.mjs",
2026-09-12T04:34:57.1529941Z #         "bytes": 11287,
2026-09-12T04:34:57.1530280Z #         "sha256": "09b946ce97065e08fb3082601363563eaffae04febc02ae63fc93d04e3b850a2"
2026-09-12T04:34:57.1530579Z #       },
2026-09-12T04:34:57.1530728Z #       {
2026-09-12T04:34:57.1531181Z #         "path": "verification/research-program/ci-attestation/wp11-v1.3.0/historical-preimage-snapshot/inventory.json",
2026-09-12T04:34:57.1531602Z #         "bytes": 41674,
2026-09-12T04:34:57.1532061Z #         "sha256": "46fc584ae6b494ca562455968c14ba799970c45237479b7edadb74939cd1a000"
2026-09-12T04:34:57.1532366Z #       },
2026-09-12T04:34:57.1532514Z #       {
2026-09-12T04:34:57.1532938Z #         "path": "verification/research-program/ci-attestation/wp11-v1.3.0/named-pre-pr005-fixture/manifest.json",
2026-09-12T04:34:57.1533382Z #         "bytes": 985,
2026-09-12T04:34:57.1533722Z #         "sha256": "3daf892e85452f4f289c02994769881047db090ea9acd822128ff279456de043"
2026-09-12T04:34:57.1534029Z #       },
2026-09-12T04:34:57.1534177Z #       {
2026-09-12T04:34:57.1534609Z #         "path": "verification/research-program/ci-attestation/wp11-v1.3.0/named-pre-pr005-fixture/package-lock.json",
2026-09-12T04:34:57.1535020Z #         "bytes": 134511,
2026-09-12T04:34:57.1535366Z #         "sha256": "37e4a9ec1fba9ab254aa7a596e1a0e3f73919cf5358717dc6e06e0478be6b20c"
2026-09-12T04:34:57.1535668Z #       },
2026-09-12T04:34:57.1535810Z #       {
2026-09-12T04:34:57.1536229Z #         "path": "verification/research-program/ci-attestation/wp11-v1.3.0/named-pre-pr005-fixture/package.json",
2026-09-12T04:34:57.1536860Z #         "bytes": 3666,
2026-09-12T04:34:57.1537359Z #         "sha256": "b6c3469c7b10ecb90114199c18c3ebb293d801b8c8a3521cb25ded2fdba8d05e"
2026-09-12T04:34:57.1537666Z #       },
2026-09-12T04:34:57.1537818Z #       {
2026-09-12T04:34:57.1538146Z #         "path": "verification/research-program/ci-attestation/wp11-v1.3.0/policy.json",
2026-09-12T04:34:57.1538474Z #         "bytes": 7871,
2026-09-12T04:34:57.1538811Z #         "sha256": "7b73f8638b47b91089ac0e97dc525bbde9406551499e85b2ce126fbb490c0f17"
2026-09-12T04:34:57.1539096Z #       },
2026-09-12T04:34:57.1539238Z #       {
2026-09-12T04:34:57.1539591Z #         "path": "verification/research-program/pr-086/pr008-lock-review-072241e/review.json",
2026-09-12T04:34:57.1539935Z #         "bytes": 9360,
2026-09-12T04:34:57.1540267Z #         "sha256": "a4d52b75b44f7d3340e8a91ad0dc4716ce4d513b84d18edf8b4ebca656e94b3a"
2026-09-12T04:34:57.1540576Z #       }
2026-09-12T04:34:57.1540838Z #     ],
2026-09-12T04:34:57.1541060Z #     "historical_preimage_snapshot": {
2026-09-12T04:34:57.1541571Z #       "path": "verification/research-program/ci-attestation/wp11-v1.3.0/historical-preimage-snapshot/inventory.json",
2026-09-12T04:34:57.1542019Z #       "file_count": 154,
2026-09-12T04:34:57.1542315Z #       "total_bytes": 1347732,
2026-09-12T04:34:57.1542633Z #       "source_commit": "30fa0c59ecd4d3d1dd1f56cd8422c6c470e45cb0",
2026-09-12T04:34:57.1543095Z #       "receipt_sha256": "e596e1b18a0251f611990c9752e1d12fb36cd05dab16bf55cf96e8d1fc431f9d",
2026-09-12T04:34:57.1543473Z #       "execute_retained_sources": false
2026-09-12T04:34:57.1543694Z #     },
2026-09-12T04:34:57.1543889Z #     "historical_preimage_reader": {
2026-09-12T04:34:57.1544344Z #       "path": "verification/research-program/ci-attestation/wp11-v1.3.0/historical-preimage-reader.mjs"
2026-09-12T04:34:57.1544712Z #     }
2026-09-12T04:34:57.1544856Z #   },
2026-09-12T04:34:57.1545055Z #   "current_versus_historical": {
2026-09-12T04:34:57.1545282Z #     "status": "PASS",
2026-09-12T04:34:57.1545493Z #     "compared_file_count": 154,
2026-09-12T04:34:57.1545710Z #     "changed_count": 21,
2026-09-12T04:34:57.1545913Z #     "unchanged_count": 133,
2026-09-12T04:34:57.1546111Z #     "changed": [
2026-09-12T04:34:57.1546273Z #       {
2026-09-12T04:34:57.1546664Z #         "path": "apps/web/src/components/FacetSidebar.tsx",
2026-09-12T04:34:57.1546953Z #         "historical_bytes": 3052,
2026-09-12T04:34:57.1547370Z #         "historical_sha256": "6f39c4e704b44b0a4b4de5af1fb0f3f27789beb33b172095b689c599c308160d",
2026-09-12T04:34:57.1547834Z #         "historical_source": "retained_historical_preimage_snapshot",
2026-09-12T04:34:57.1548141Z #         "current_bytes": 5362,
2026-09-12T04:34:57.1548535Z #         "current_sha256": "840d3fb29a13a2bb7535b3fded97e20be5a305e97edd89014ac57c58da7da3b3",
2026-09-12T04:34:57.1548922Z #         "current_source": "current_tree",
2026-09-12T04:34:57.1549321Z #         "role": "current_unapproved_input_change"
2026-09-12T04:34:57.1549548Z #       },
2026-09-12T04:34:57.1549701Z #       {
2026-09-12T04:34:57.1549944Z #         "path": "apps/web/src/components/ResultCard.test.ts",
2026-09-12T04:34:57.1550232Z #         "historical_bytes": 2568,
2026-09-12T04:34:57.1550646Z #         "historical_sha256": "16226fad7dbbb87f6ca90541fcb33366b4104d8f7324e1f2373cff8446afe06d",
2026-09-12T04:34:57.1551098Z #         "historical_source": "retained_historical_preimage_snapshot",
2026-09-12T04:34:57.1551397Z #         "current_bytes": 8136,
2026-09-12T04:34:57.1551780Z #         "current_sha256": "f80476d8ba1a0343eaceae664b0f7aa1d4312105779b1c54cd5e2d91bbd85978",
2026-09-12T04:34:57.1552166Z #         "current_source": "current_tree",
2026-09-12T04:34:57.1552445Z #         "role": "current_unapproved_input_change"
2026-09-12T04:34:57.1552668Z #       },
2026-09-12T04:34:57.1560242Z #       {
2026-09-12T04:34:57.1560631Z #         "path": "apps/web/src/components/ResultCard.tsx",
2026-09-12T04:34:57.1560958Z #         "historical_bytes": 6243,
2026-09-12T04:34:57.1561394Z #         "historical_sha256": "4f6c605c7e286162b494d177dceba01120d160a9205ba77588949eda87b9becb",
2026-09-12T04:34:57.1561896Z #         "historical_source": "retained_historical_preimage_snapshot",
2026-09-12T04:34:57.1562218Z #         "current_bytes": 6898,
2026-09-12T04:34:57.1562626Z #         "current_sha256": "51f88f064f7605ae9225e457b357df2c3d609fe483de6f982758f0d786bec492",
2026-09-12T04:34:57.1563019Z #         "current_source": "current_tree",
2026-09-12T04:34:57.1563314Z #         "role": "current_unapproved_input_change"
2026-09-12T04:34:57.1563540Z #       },
2026-09-12T04:34:57.1563696Z #       {
2026-09-12T04:34:57.1563925Z #         "path": "apps/web/src/data/facets.test.ts",
2026-09-12T04:34:57.1564195Z #         "historical_bytes": 2749,
2026-09-12T04:34:57.1564615Z #         "historical_sha256": "a54fd9fff164a131d3a6a0ceb25d846b25dad19e274352137062beb51e02dc5c",
2026-09-12T04:34:57.1565108Z #         "historical_source": "retained_historical_preimage_snapshot",
2026-09-12T04:34:57.1565617Z #         "current_bytes": 9931,
2026-09-12T04:34:57.1566015Z #         "current_sha256": "136191e4959fcd0a286baf1b8e8cf6f3f61bf0e2128705c5fa0f4fb636d9e5b8",
2026-09-12T04:34:57.1566704Z #         "current_source": "current_tree",
2026-09-12T04:34:57.1567056Z #         "role": "current_unapproved_input_change"
2026-09-12T04:34:57.1567291Z #       },
2026-09-12T04:34:57.1567441Z #       {
2026-09-12T04:34:57.1567660Z #         "path": "apps/web/src/data/facets.ts",
2026-09-12T04:34:57.1567926Z #         "historical_bytes": 4045,
2026-09-12T04:34:57.1568325Z #         "historical_sha256": "1faf3301244f4551a16f29ce383225483e4264270aca65d928591f475a9206c9",
2026-09-12T04:34:57.1568777Z #         "historical_source": "retained_historical_preimage_snapshot",
2026-09-12T04:34:57.1569091Z #         "current_bytes": 22393,
2026-09-12T04:34:57.1569490Z #         "current_sha256": "b17367807d2a108c0370ce588c90b558aba2cf9c948fe0940d72afb91aaf127f",
2026-09-12T04:34:57.1569869Z #         "current_source": "current_tree",
2026-09-12T04:34:57.1570144Z #         "role": "current_unapproved_input_change"
2026-09-12T04:34:57.1570363Z #       },
2026-09-12T04:34:57.1570509Z #       {
2026-09-12T04:34:57.1570768Z #         "path": "apps/web/src/lib/catalogAdapter.test.ts",
2026-09-12T04:34:57.1571048Z #         "historical_bytes": 4737,
2026-09-12T04:34:57.1571448Z #         "historical_sha256": "296231dce39268e55bc608dd492138adb65186a06e2819cf7a32538db31f267f",
2026-09-12T04:34:57.1571894Z #         "historical_source": "retained_historical_preimage_snapshot",
2026-09-12T04:34:57.1572189Z #         "current_bytes": 9499,
2026-09-12T04:34:57.1572567Z #         "current_sha256": "6647d9ee262a1b9f771186915759a11c11e954fa6d3bec68b2dbde858dac4be2",
2026-09-12T04:34:57.1572947Z #         "current_source": "current_tree",
2026-09-12T04:34:57.1573222Z #         "role": "current_unapproved_input_change"
2026-09-12T04:34:57.1573558Z #       },
2026-09-12T04:34:57.1573715Z #       {
2026-09-12T04:34:57.1573944Z #         "path": "apps/web/src/lib/catalogAdapter.ts",
2026-09-12T04:34:57.1574219Z #         "historical_bytes": 14062,
2026-09-12T04:34:57.1574643Z #         "historical_sha256": "6d5519bbb6a6d63e9cfc7ad5bdcb7c381cff6a23efd6c56a3be69ea4c3f36bda",
2026-09-12T04:34:57.1575103Z #         "historical_source": "retained_historical_preimage_snapshot",
2026-09-12T04:34:57.1575403Z #         "current_bytes": 16622,
2026-09-12T04:34:57.1575795Z #         "current_sha256": "92e832e6ae452c1c4df6d55c51ea4421fae53c84cbd7e559fc50180d5ad2d095",
2026-09-12T04:34:57.1576170Z #         "current_source": "current_tree",
2026-09-12T04:34:57.1576661Z #         "role": "current_unapproved_input_change"
2026-09-12T04:34:57.1576895Z #       },
2026-09-12T04:34:57.1577042Z #       {
2026-09-12T04:34:57.1577298Z #         "path": "apps/web/src/lib/researcherGuidance.test.tsx",
2026-09-12T04:34:57.1577590Z #         "historical_bytes": 3977,
2026-09-12T04:34:57.1578004Z #         "historical_sha256": "268aa7fee578fe98ce4dd8a787e03066a88c756a8a1e50f217edf23a9bfa2cf1",
2026-09-12T04:34:57.1578468Z #         "historical_source": "retained_historical_preimage_snapshot",
2026-09-12T04:34:57.1578766Z #         "current_bytes": 6447,
2026-09-12T04:34:57.1579149Z #         "current_sha256": "4582c5b410ed4e44dd51095a6abcde4a7bfb992f2f5947169ee4736e70649f23",
2026-09-12T04:34:57.1579520Z #         "current_source": "current_tree",
2026-09-12T04:34:57.1579789Z #         "role": "current_unapproved_input_change"
2026-09-12T04:34:57.1580007Z #       },
2026-09-12T04:34:57.1580161Z #       {
2026-09-12T04:34:57.1580396Z #         "path": "apps/web/src/lib/researcherGuidance.ts",
2026-09-12T04:34:57.1580677Z #         "historical_bytes": 13063,
2026-09-12T04:34:57.1581088Z #         "historical_sha256": "52b6964ed67bfc96f659c0bf2a071fefac7ffd847dd576ee3f13c95ae4a199fc",
2026-09-12T04:34:57.1581537Z #         "historical_source": "retained_historical_preimage_snapshot",
2026-09-12T04:34:57.1581954Z #         "current_bytes": 14865,
2026-09-12T04:34:57.1582343Z #         "current_sha256": "bc8f67c850cdc64863e6be6b2fb6407c51f20b0448f4ee11db13762ca57748cb",
2026-09-12T04:34:57.1582721Z #         "current_source": "current_tree",
2026-09-12T04:34:57.1583000Z #         "role": "current_unapproved_input_change"
2026-09-12T04:34:57.1583228Z #       },
2026-09-12T04:34:57.1583380Z #       {
2026-09-12T04:34:57.1583647Z #         "path": "apps/web/src/pages/DatasetDetailsPage.test.tsx",
2026-09-12T04:34:57.1583953Z #         "historical_bytes": 1744,
2026-09-12T04:34:57.1584355Z #         "historical_sha256": "ae4ba062d565fda31475e4e9733dcba97a4d4179430fe8710ac8846d1dc72b47",
2026-09-12T04:34:57.1584809Z #         "historical_source": "retained_historical_preimage_snapshot",
2026-09-12T04:34:57.1585112Z #         "current_bytes": 4738,
2026-09-12T04:34:57.1585496Z #         "current_sha256": "d05682afa74270394f5a9b729921d906fc6ec6c5e58a742928f32f7d3eafcd72",
2026-09-12T04:34:57.1585878Z #         "current_source": "current_tree",
2026-09-12T04:34:57.1586153Z #         "role": "current_unapproved_input_change"
2026-09-12T04:34:57.1586507Z #       },
2026-09-12T04:34:57.1586684Z #       {
2026-09-12T04:34:57.1586930Z #         "path": "apps/web/src/pages/DatasetDetailsPage.tsx",
2026-09-12T04:34:57.1587218Z #         "historical_bytes": 25023,
2026-09-12T04:34:57.1587637Z #         "historical_sha256": "856c41e52fe768ed2e9ecabf3401266f352d88f178a594f2abbb8bd97fad689b",
2026-09-12T04:34:57.1588093Z #         "historical_source": "retained_historical_preimage_snapshot",
2026-09-12T04:34:57.1588392Z #         "current_bytes": 25889,
2026-09-12T04:34:57.1588802Z #         "current_sha256": "d9618ed05b2958158825501ac0266bb60219fe6ffda561b66a8ed910393281bd",
2026-09-12T04:34:57.1589165Z #         "current_source": "current_tree",
2026-09-12T04:34:57.1589436Z #         "role": "current_unapproved_input_change"
2026-09-12T04:34:57.1589728Z #       },
2026-09-12T04:34:57.1589902Z #       {
2026-09-12T04:34:57.1590267Z #         "path": "apps/web/src/pages/SearchResultsPage.test.tsx",
2026-09-12T04:34:57.1590565Z #         "historical_bytes": 5866,
2026-09-12T04:34:57.1590955Z #         "historical_sha256": "e4c4ebb6181238289840e79a2e33407c537810ff0b46582360e5bab2787a2ab2",
2026-09-12T04:34:57.1591402Z #         "historical_source": "retained_historical_preimage_snapshot",
2026-09-12T04:34:57.1591701Z #         "current_bytes": 7102,
2026-09-12T04:34:57.1592073Z #         "current_sha256": "998823e0d578e07140991750eddb6ae8268567291ede3e194df9d272322be4f1",
2026-09-12T04:34:57.1592447Z #         "current_source": "current_tree",
2026-09-12T04:34:57.1592711Z #         "role": "current_unapproved_input_change"
2026-09-12T04:34:57.1592925Z #       },
2026-09-12T04:34:57.1593075Z #       {
2026-09-12T04:34:57.1593318Z #         "path": "apps/web/src/pages/SearchResultsPage.tsx",
2026-09-12T04:34:57.1593604Z #         "historical_bytes": 17713,
2026-09-12T04:34:57.1594012Z #         "historical_sha256": "e71521dbff99db96820b288d81df1b78ce2d4730b01a2f1c2103737c439f69e5",
2026-09-12T04:34:57.1594466Z #         "historical_source": "retained_historical_preimage_snapshot",
2026-09-12T04:34:57.1594770Z #         "current_bytes": 18064,
2026-09-12T04:34:57.1595164Z #         "current_sha256": "33433ffd3906677fcca68d6c095528d1b0fbdd128ff6ed60d207e69a9b4febd9",
2026-09-12T04:34:57.1595544Z #         "current_source": "current_tree",
2026-09-12T04:34:57.1595821Z #         "role": "current_unapproved_input_change"
2026-09-12T04:34:57.1596043Z #       },
2026-09-12T04:34:57.1596195Z #       {
2026-09-12T04:34:57.1596560Z #         "path": "apps/web/src/pages/SourcesPage.tsx",
2026-09-12T04:34:57.1596912Z #         "historical_bytes": 8829,
2026-09-12T04:34:57.1597531Z #         "historical_sha256": "eb9094380419a057c96cdd8858f369e3f1465ab37eda8aca1d1b12c860560419",
2026-09-12T04:34:57.1598035Z #         "historical_source": "retained_historical_preimage_snapshot",
2026-09-12T04:34:57.1598406Z #         "current_bytes": 9055,
2026-09-12T04:34:57.1599003Z #         "current_sha256": "67309ad96fcfbb49045d6ef4584dee2b1910730a422528649fedd11fd0ceaef5",
2026-09-12T04:34:57.1599394Z #         "current_source": "current_tree",
2026-09-12T04:34:57.1599742Z #         "role": "current_unapproved_input_change"
2026-09-12T04:34:57.1599971Z #       },
2026-09-12T04:34:57.1600114Z #       {
2026-09-12T04:34:57.1600409Z #         "path": "apps/web/src/providers/discoveryProvider.test.ts",
2026-09-12T04:34:57.1600781Z #         "historical_bytes": 6112,
2026-09-12T04:34:57.1601252Z #         "historical_sha256": "5c391acaa207299e9b671eaad7ffdccd734f1c2ed71165454a530ee90e0515c6",
2026-09-12T04:34:57.1601764Z #         "historical_source": "retained_historical_preimage_snapshot",
2026-09-12T04:34:57.1602157Z #         "current_bytes": 21006,
2026-09-12T04:34:57.1602553Z #         "current_sha256": "dff0175c1c6e237f2011836a91380c1c20ee0d4928f24d6b73220b6100e4898b",
2026-09-12T04:34:57.1603016Z #         "current_source": "current_tree",
2026-09-12T04:34:57.1603304Z #         "role": "current_unapproved_input_change"
2026-09-12T04:34:57.1603568Z #       },
2026-09-12T04:34:57.1603767Z #       {
2026-09-12T04:34:57.1604034Z #         "path": "apps/web/src/providers/discoveryProvider.ts",
2026-09-12T04:34:57.1604372Z #         "historical_bytes": 21158,
2026-09-12T04:34:57.1604830Z #         "historical_sha256": "38690374192000cd547ed6c1dc7f387a92862455a8f5fe271e903d080656af38",
2026-09-12T04:34:57.1605398Z #         "historical_source": "retained_historical_preimage_snapshot",
2026-09-12T04:34:57.1605717Z #         "current_bytes": 31942,
2026-09-12T04:34:57.1606207Z #         "current_sha256": "895eb442d5dc83a078cc22f6a1c7be8af74aedccaedea89fed7fdfa349591eca",
2026-09-12T04:34:57.1606814Z #         "current_source": "current_tree",
2026-09-12T04:34:57.1607126Z #         "role": "current_unapproved_input_change"
2026-09-12T04:34:57.1607489Z #       },
2026-09-12T04:34:57.1607642Z #       {
2026-09-12T04:34:57.1607987Z #         "path": "apps/web/src/types/catalog.ts",
2026-09-12T04:34:57.1608355Z #         "historical_bytes": 3331,
2026-09-12T04:34:57.1608765Z #         "historical_sha256": "2682a2fe806949ea39b90b52d3b288ad91e92cfe0b9d3f58291b582741b3aee6",
2026-09-12T04:34:57.1609310Z #         "historical_source": "retained_historical_preimage_snapshot",
2026-09-12T04:34:57.1609616Z #         "current_bytes": 4041,
2026-09-12T04:34:57.1610128Z #         "current_sha256": "b6f6fdc54df7e08e71fe35d73610e372b913bfb5028850c7df7acbff94714179",
2026-09-12T04:34:57.1610511Z #         "current_source": "current_tree",
2026-09-12T04:34:57.1610893Z #         "role": "current_unapproved_input_change"
2026-09-12T04:34:57.1611114Z #       },
2026-09-12T04:34:57.1611260Z #       {
2026-09-12T04:34:57.1611584Z #         "path": "apps/web/src/types/discovery.ts",
2026-09-12T04:34:57.1611859Z #         "historical_bytes": 13924,
2026-09-12T04:34:57.1612358Z #         "historical_sha256": "53b84d32bf5d13f5fe207dba57f310a64ef20a99603c1ac92938d8738a50d246",
2026-09-12T04:34:57.1612820Z #         "historical_source": "retained_historical_preimage_snapshot",
2026-09-12T04:34:57.1613217Z #         "current_bytes": 14491,
2026-09-12T04:34:57.1613604Z #         "current_sha256": "3d56804e6dc368a7688216e46c3309cadf9546a48e3e44e3098e12f682c2b01a",
2026-09-12T04:34:57.1614058Z #         "current_source": "current_tree",
2026-09-12T04:34:57.1614344Z #         "role": "current_unapproved_input_change"
2026-09-12T04:34:57.1614593Z #       },
2026-09-12T04:34:57.1614803Z #       {
2026-09-12T04:34:57.1615001Z #         "path": "package-lock.json",
2026-09-12T04:34:57.1615253Z #         "historical_bytes": 134190,
2026-09-12T04:34:57.1615771Z #         "historical_sha256": "af2070ae111bc67c397b07e33b44c1fbd15bba31b63210990068943998e1bc28",
2026-09-12T04:34:57.1616320Z #         "historical_source": "retained_historical_preimage_snapshot",
2026-09-12T04:34:57.1616820Z #         "current_bytes": 134907,
2026-09-12T04:34:57.1617394Z #         "current_sha256": "f90550e267d390cb7fc328319f0d2cf849b76a9e52b5e83f6eefc4a045d58ec8",
2026-09-12T04:34:57.1618023Z #         "current_source": "current_tree",
2026-09-12T04:34:57.1618305Z #         "role": "pr008_workspace_lock_transition"
2026-09-12T04:34:57.1618533Z #       },
2026-09-12T04:34:57.1618762Z #       {
2026-09-12T04:34:57.1618958Z #         "path": "package.json",
2026-09-12T04:34:57.1619196Z #         "historical_bytes": 3555,
2026-09-12T04:34:57.1619699Z #         "historical_sha256": "25874c7d9464210794bd7a1467b117ef5fc71808fdf5e34726ea65181744561c",
2026-09-12T04:34:57.1620151Z #         "historical_source": "retained_historical_preimage_snapshot",
2026-09-12T04:34:57.1620565Z #         "current_bytes": 3666,
2026-09-12T04:34:57.1620958Z #         "current_sha256": "b6c3469c7b10ecb90114199c18c3ebb293d801b8c8a3521cb25ded2fdba8d05e",
2026-09-12T04:34:57.1621445Z #         "current_source": "current_tree",
2026-09-12T04:34:57.1621728Z #         "role": "reviewed_pr003_package_transition"
2026-09-12T04:34:57.1622038Z #       },
2026-09-12T04:34:57.1622190Z #       {
2026-09-12T04:34:57.1622472Z #         "path": "packages/retrieval/tools/retrieval-core-v1.2.mjs",
2026-09-12T04:34:57.1622872Z #         "historical_bytes": 41685,
2026-09-12T04:34:57.1623277Z #         "historical_sha256": "5763d7687e7228d8dacdd098ed2b9a0e8e59995c0243c25719102926c2105306",
2026-09-12T04:34:57.1623828Z #         "historical_source": "retained_historical_preimage_snapshot",
2026-09-12T04:34:57.1624139Z #         "current_bytes": 48161,
2026-09-12T04:34:57.1624629Z #         "current_sha256": "b42ef12b6efda9e10c02f8b8ef4589fb7c2bcfd1f77e38c321b15081c220d23a",
2026-09-12T04:34:57.1625072Z #         "current_source": "current_tree",
2026-09-12T04:34:57.1625401Z #         "role": "current_unapproved_input_change"
2026-09-12T04:34:57.1625623Z #       }
2026-09-12T04:34:57.1625769Z #     ],
2026-09-12T04:34:57.1626028Z #     "approval": null,
2026-09-12T04:34:57.1626256Z #     "current_approval_issued": false,
2026-09-12T04:34:57.1626877Z #     "historical_approval_transferred": false,
2026-09-12T04:34:57.1627155Z #     "combined_acceptance": false,
2026-09-12T04:34:57.1627400Z #     "release_qualified": false
2026-09-12T04:34:57.1627685Z #   },
2026-09-12T04:34:57.1627873Z #   "builder_coverage_limits": {
2026-09-12T04:34:57.1628125Z #     "historical_inventory_file_count": 154,
2026-09-12T04:34:57.1628485Z #     "unpinned_legacy_builder_reads": [
2026-09-12T04:34:57.1628694Z #       {
2026-09-12T04:34:57.1628891Z #         "path": "worker/index.mjs",
2026-09-12T04:34:57.1629231Z #         "in_sealed_inventory": false
2026-09-12T04:34:57.1629437Z #       },
2026-09-12T04:34:57.1629585Z #       {
2026-09-12T04:34:57.1630026Z #         "path": "packages/coverage/accounting/v1.0.0/artifacts/public-coverage-view.json",
2026-09-12T04:34:57.1630407Z #         "in_sealed_inventory": false
2026-09-12T04:34:57.1630635Z #       },
2026-09-12T04:34:57.1630842Z #       {
2026-09-12T04:34:57.1631134Z #         "path": "verification/external-authorization/v1.0.0/register.json",
2026-09-12T04:34:57.1631530Z #         "in_sealed_inventory": false
2026-09-12T04:34:57.1631754Z #       },
2026-09-12T04:34:57.1631903Z #       {
2026-09-12T04:34:57.1632141Z #         "path": "packages/retrieval/corpus/records.jsonl",
2026-09-12T04:34:57.1632514Z #         "in_sealed_inventory": false
2026-09-12T04:34:57.1632708Z #       }
2026-09-12T04:34:57.1632851Z #     ],
2026-09-12T04:34:57.1634000Z #     "note": "The existing WP11 v1.3 technical builder reads these paths without listing them in technical_evidence.files. This assignment does not expand historical package scope, does not treat those reads as sealed historical pins, and does not imply full release qualification."
2026-09-12T04:34:57.1634913Z #   },
2026-09-12T04:34:57.1635079Z #   "boundaries": {
2026-09-12T04:34:57.1635303Z #     "historical_approval_reused": false,
2026-09-12T04:34:57.1635672Z #     "historical_receipt_overwritten": false,
2026-09-12T04:34:57.1636083Z #     "historical_approval_applied_to_current_technical_subject": false,
2026-09-12T04:34:57.1636632Z #     "historical_approval_applied_to_wrapper_subject": false,
2026-09-12T04:34:57.1637101Z #     "current_approval_issued": false,
2026-09-12T04:34:57.1637407Z #     "current_release_qualified": false,
2026-09-12T04:34:57.1637665Z #     "production_authorized": false,
2026-09-12T04:34:57.1637923Z #     "writes_approval_artifacts": false,
2026-09-12T04:34:57.1638259Z #     "combined_acceptance": false
2026-09-12T04:34:57.1638461Z #   }
2026-09-12T04:34:57.1638606Z # }
2026-09-12T04:34:57.1639000Z # Subtest: actual WP11 runner executes the four-test suite and routes only validate through the adapter
2026-09-12T04:34:57.1639682Z ok 356 - actual WP11 runner executes the four-test suite and routes only validate through the adapter
2026-09-12T04:34:57.1640036Z   ---
2026-09-12T04:34:57.1640201Z   duration_ms: 958.896526
2026-09-12T04:34:57.1640388Z   type: 'test'
2026-09-12T04:34:57.1640549Z   ...
2026-09-12T04:34:57.1640873Z # [verify] /home/runner/work/_temp/ushso-pr085-wp11-runner-YYstUo :: test
2026-09-12T04:34:57.1641236Z # > @ushso/wp11-verification-v1.4.0@1.4.0 test
2026-09-12T04:34:57.1641508Z # > node --test tests/pass.test.mjs
2026-09-12T04:34:57.1641795Z # TAP version 13
2026-09-12T04:34:57.1641990Z # \# Subtest: fixture test
2026-09-12T04:34:57.1642191Z # ok 1 - fixture test
2026-09-12T04:34:57.1642364Z #   ---
2026-09-12T04:34:57.1642532Z #   duration_ms: 0.629088
2026-09-12T04:34:57.1642713Z #   type: 'test'
2026-09-12T04:34:57.1642871Z #   ...
2026-09-12T04:34:57.1643016Z # 1..1
2026-09-12T04:34:57.1643163Z # \# tests 1
2026-09-12T04:34:57.1643319Z # \# suites 0
2026-09-12T04:34:57.1643474Z # \# pass 1
2026-09-12T04:34:57.1643625Z # \# fail 0
2026-09-12T04:34:57.1643780Z # \# cancelled 0
2026-09-12T04:34:57.1643945Z # \# skipped 0
2026-09-12T04:34:57.1644097Z # \# todo 0
2026-09-12T04:34:57.1644261Z # \# duration_ms 44.589959
2026-09-12T04:34:57.1644610Z # [verify] /home/runner/work/_temp/ushso-pr085-wp11-runner-YYstUo :: validate
2026-09-12T04:34:57.1645099Z # > @ushso/wp11-verification-v1.4.0@1.4.0 validate
2026-09-12T04:34:57.1645385Z # > node -e "process.exit(17)"
2026-09-12T04:34:57.1645840Z # [verify] /home/runner/work/_temp/ushso-pr085-wp11-runner-yBTHKG :: validate
2026-09-12T04:34:57.1646208Z # > @ushso/wp11-verification-other@1.3.0 validate
2026-09-12T04:34:57.1646609Z # > node tools/verify.mjs --validate
2026-09-12T04:34:57.1646971Z # [verify] /home/runner/work/_temp/ushso-pr085-wp11-runner-hdCch8 :: validate
2026-09-12T04:34:57.1647327Z # > @ushso/wp11-verification-v1.3.0@1.3.0 validate
2026-09-12T04:34:57.1647597Z # > node -e "process.exit(23)"
2026-09-12T04:34:57.1647929Z # [verify] /home/runner/work/_temp/ushso-pr085-wp11-runner-yVRfJq :: validate
2026-09-12T04:34:57.1648277Z # > @ushso/wp11-verification-v1.3.0@1.3.0 validate
2026-09-12T04:34:57.1648537Z # > node tools/verify.mjs --validate
2026-09-12T04:34:57.1648801Z # [verify] verification/wp11/v1.3.0 :: validate
2026-09-12T04:34:57.1649180Z # file:///home/runner/work/_temp/ushso-pr085-wp11-error-3CFD7a/error.mjs:1
2026-09-12T04:34:57.1649537Z # throw new Error('fixture verifier error')
2026-09-12T04:34:57.1649754Z #       ^
2026-09-12T04:34:57.1649946Z # Error: fixture verifier error
2026-09-12T04:34:57.1650305Z #     at file:///home/runner/work/_temp/ushso-pr085-wp11-error-3CFD7a/error.mjs:1:7
2026-09-12T04:34:57.1650733Z #     at ModuleJob.run (node:internal/modules/esm/module_job:274:25)
2026-09-12T04:34:57.1651193Z #     at async onImport.tracePromise.__proto__ (node:internal/modules/esm/loader:644:26)
2026-09-12T04:34:57.1651698Z #     at async asyncRunEntryPointWithESMLoader (node:internal/modules/run_main:116:5)
2026-09-12T04:34:57.1652030Z # Node.js v22.15.0
2026-09-12T04:34:57.1652261Z # [verify] verification/wp11/v1.3.0 :: validate
2026-09-12T04:34:57.1652731Z # [verify] /home/runner/work/_temp/ushso-pr085-wp11-runner-rJrNGN :: test
2026-09-12T04:34:57.1653078Z # > @ushso/pr085-wp11-zero-fixture@1.0.0 test
2026-09-12T04:34:57.1653311Z # > node --test
2026-09-12T04:34:57.1653477Z # TAP version 13
2026-09-12T04:34:57.1653638Z # 1..0
2026-09-12T04:34:57.1653909Z # \# tests 0
2026-09-12T04:34:57.1654060Z # \# suites 0
2026-09-12T04:34:57.1654210Z # \# pass 0
2026-09-12T04:34:57.1654363Z # \# fail 0
2026-09-12T04:34:57.1654508Z # \# cancelled 0
2026-09-12T04:34:57.1654658Z # \# skipped 0
2026-09-12T04:34:57.1654808Z # \# todo 0
2026-09-12T04:34:57.1654973Z # \# duration_ms 7.506438
2026-09-12T04:34:57.1655535Z # Subtest: real runner subprocesses reject future, wrong-package, altered-command and nonmatching-path descriptors and retain failure semantics
2026-09-12T04:34:57.1656481Z ok 357 - real runner subprocesses reject future, wrong-package, altered-command and nonmatching-path descriptors and retain failure semantics
2026-09-12T04:34:57.1656995Z   ---
2026-09-12T04:34:57.1657155Z   duration_ms: 1981.560481
2026-09-12T04:34:57.1657337Z   type: 'test'
2026-09-12T04:34:57.1657490Z   ...
2026-09-12T04:34:57.1657849Z # Subtest: direct WP11 successor validate and issue remain strict and do not mutate sealed proof
2026-09-12T04:34:57.1658403Z ok 358 - direct WP11 successor validate and issue remain strict and do not mutate sealed proof
2026-09-12T04:34:57.1658730Z   ---
2026-09-12T04:34:57.1658884Z   duration_ms: 171.266043
2026-09-12T04:34:57.1659064Z   type: 'test'
2026-09-12T04:34:57.1659215Z   ...
2026-09-12T04:34:57.1659517Z # Subtest: child execution helper and parser retain explicit failure semantics
2026-09-12T04:34:57.1659961Z ok 359 - child execution helper and parser retain explicit failure semantics
2026-09-12T04:34:57.1660244Z   ---
2026-09-12T04:34:57.1660398Z   duration_ms: 0.327604
2026-09-12T04:34:57.1660575Z   type: 'test'
2026-09-12T04:34:57.1660731Z   ...
2026-09-12T04:34:57.1660870Z 1..359
2026-09-12T04:34:57.1661017Z # tests 365
2026-09-12T04:34:57.1661171Z # suites 0
2026-09-12T04:34:57.1661317Z # pass 365
2026-09-12T04:34:57.1661463Z # fail 0
2026-09-12T04:34:57.1661614Z # cancelled 0
2026-09-12T04:34:57.1661766Z # skipped 0
2026-09-12T04:34:57.1661914Z # todo 0
2026-09-12T04:34:57.1662193Z # duration_ms 42284.094615
2026-09-12T04:34:57.2288800Z 
2026-09-12T04:34:57.2289239Z > ushso@0.1.0 test:research-program
2026-09-12T04:34:57.2289600Z > node --test tests/research-program/*.test.mjs
2026-09-12T04:34:57.2289786Z 
2026-09-12T04:34:57.2675305Z TAP version 13
2026-09-12T04:34:57.7403410Z # Subtest: field observation keeps unknown distinct from false and identifiers unitless
2026-09-12T04:34:57.7413387Z ok 1 - field observation keeps unknown distinct from false and identifiers unitless
2026-09-12T04:34:57.7428282Z   ---
2026-09-12T04:34:57.7428634Z   duration_ms: 10.975979
2026-09-12T04:34:57.7428996Z   type: 'test'
2026-09-12T04:34:57.7429310Z   ...
2026-09-12T04:34:57.7429838Z # Subtest: failed or expired attempts retain the historical successful observation
2026-09-12T04:34:57.7430515Z ok 2 - failed or expired attempts retain the historical successful observation
2026-09-12T04:34:57.7430915Z   ---
2026-09-12T04:34:57.7431188Z   duration_ms: 20.094378
2026-09-12T04:34:57.7431524Z   type: 'test'
2026-09-12T04:34:57.7432052Z   ...
2026-09-12T04:34:57.7432857Z # Subtest: as-of derivation and endpoint/browser scope reject future or unscoped outcomes
2026-09-12T04:34:57.7434188Z ok 3 - as-of derivation and endpoint/browser scope reject future or unscoped outcomes
2026-09-12T04:34:57.7434890Z   ---
2026-09-12T04:34:57.7435312Z   duration_ms: 2.159657
2026-09-12T04:34:57.7435762Z   type: 'test'
2026-09-12T04:34:57.7436160Z   ...
2026-09-12T04:34:57.7437067Z # Subtest: documented requirements and access observations remain separate and conservative
2026-09-12T04:34:57.7438153Z ok 4 - documented requirements and access observations remain separate and conservative
2026-09-12T04:34:57.7438871Z   ---
2026-09-12T04:34:57.7439296Z   duration_ms: 4.376999
2026-09-12T04:34:57.7439751Z   type: 'test'
2026-09-12T04:34:57.7440139Z   ...
2026-09-12T04:34:57.7440974Z # Subtest: access history is order invariant, attempts use attempt time, and dates are calendar-valid
2026-09-12T04:34:57.7442148Z ok 5 - access history is order invariant, attempts use attempt time, and dates are calendar-valid
2026-09-12T04:34:57.7443317Z   ---
2026-09-12T04:34:57.7443752Z   duration_ms: 3.866279
2026-09-12T04:34:57.7444217Z   type: 'test'
2026-09-12T04:34:57.7444626Z   ...
2026-09-12T04:34:57.7445402Z # Subtest: flat observation ledgers retain prior revisions and scope local revision identities
2026-09-12T04:34:57.7446638Z ok 6 - flat observation ledgers retain prior revisions and scope local revision identities
2026-09-12T04:34:57.7447368Z   ---
2026-09-12T04:34:57.7447776Z   duration_ms: 16.780527
2026-09-12T04:34:57.7450561Z   type: 'test'
2026-09-12T04:34:57.7451011Z   ...
2026-09-12T04:34:57.7451858Z # Subtest: mixed flat and nested revisions deduplicate canonical payloads and reject content conflicts
2026-09-12T04:34:57.7453037Z ok 7 - mixed flat and nested revisions deduplicate canonical payloads and reject content conflicts
2026-09-12T04:34:57.7453869Z   ---
2026-09-12T04:34:57.7454281Z   duration_ms: 19.379601
2026-09-12T04:34:57.7454738Z   type: 'test'
2026-09-12T04:34:57.7455157Z   ...
2026-09-12T04:34:57.7455975Z # Subtest: strict RFC3339 validation rejects normalized dates and preserves sub-millisecond ordering
2026-09-12T04:34:57.7457476Z ok 8 - strict RFC3339 validation rejects normalized dates and preserves sub-millisecond ordering
2026-09-12T04:34:57.7458244Z   ---
2026-09-12T04:34:57.7458659Z   duration_ms: 0.925685
2026-09-12T04:34:57.7459107Z   type: 'test'
2026-09-12T04:34:57.7459513Z   ...
2026-09-12T04:34:57.7460231Z # Subtest: completeness binds access summaries to the vector in full and compact views
2026-09-12T04:34:57.7461228Z ok 9 - completeness binds access summaries to the vector in full and compact views
2026-09-12T04:34:57.7461919Z   ---
2026-09-12T04:34:57.7462311Z   duration_ms: 18.818338
2026-09-12T04:34:57.7462743Z   type: 'test'
2026-09-12T04:34:57.7463134Z   ...
2026-09-12T04:34:57.7463822Z # Subtest: offline views reject future nested clocks and forged evidence bindings
2026-09-12T04:34:57.7465061Z ok 10 - offline views reject future nested clocks and forged evidence bindings
2026-09-12T04:34:57.7465726Z   ---
2026-09-12T04:34:57.7466110Z   duration_ms: 7.860692
2026-09-12T04:34:57.7466683Z   type: 'test'
2026-09-12T04:34:57.7467067Z   ...
2026-09-12T04:34:57.7467861Z # Subtest: coverage is derived from frozen membership and keeps isolated records in every partition
2026-09-12T04:34:57.7468987Z ok 11 - coverage is derived from frozen membership and keeps isolated records in every partition
2026-09-12T04:34:57.7472311Z   ---
2026-09-12T04:34:57.7472758Z   duration_ms: 28.799844
2026-09-12T04:34:57.7473223Z   type: 'test'
2026-09-12T04:34:57.7473528Z   ...
2026-09-12T04:34:57.7474015Z # Subtest: candidate, ambiguous and disputed evidence cannot produce research readiness
2026-09-12T04:34:57.7474672Z ok 12 - candidate, ambiguous and disputed evidence cannot produce research readiness
2026-09-12T04:34:57.7475129Z   ---
2026-09-12T04:34:57.7475423Z   duration_ms: 6.888526
2026-09-12T04:34:57.7475777Z   type: 'test'
2026-09-12T04:34:57.7476068Z   ...
2026-09-12T04:34:57.7476818Z # Subtest: offline coverage consumer is bounded and rejects digest drift or unknown metrics
2026-09-12T04:34:57.7477795Z ok 13 - offline coverage consumer is bounded and rejects digest drift or unknown metrics
2026-09-12T04:34:57.7478334Z   ---
2026-09-12T04:34:57.7478539Z   duration_ms: 7.14924
2026-09-12T04:34:57.7478719Z   type: 'test'
2026-09-12T04:34:57.7478874Z   ...
2026-09-12T04:34:57.7479228Z # Subtest: one record keeps successful, restricted and failed checks visible in the vector
2026-09-12T04:34:57.7479742Z ok 14 - one record keeps successful, restricted and failed checks visible in the vector
2026-09-12T04:34:57.7480059Z   ---
2026-09-12T04:34:57.7480219Z   duration_ms: 9.390569
2026-09-12T04:34:57.7480398Z   type: 'test'
2026-09-12T04:34:57.7480548Z   ...
2026-09-12T04:35:14.4355394Z # Subtest: checked-in completeness artifact validates as an offline compact view
2026-09-12T04:35:14.4356335Z ok 15 - checked-in completeness artifact validates as an offline compact view
2026-09-12T04:35:14.4357434Z   ---
2026-09-12T04:35:14.4357681Z   duration_ms: 16700.965564
2026-09-12T04:35:14.4357972Z   type: 'test'
2026-09-12T04:35:14.4358211Z   ...
2026-09-12T04:35:14.7453980Z # Subtest: completeness packaging rejects corrupt, truncated, mismatched-hash and oversize decoding
2026-09-12T04:35:14.7455419Z ok 16 - completeness packaging rejects corrupt, truncated, mismatched-hash and oversize decoding
2026-09-12T04:35:14.7456873Z   ---
2026-09-12T04:35:14.7457293Z   duration_ms: 309.848091
2026-09-12T04:35:14.7457733Z   type: 'test'
2026-09-12T04:35:14.7458670Z   ...
2026-09-12T04:35:15.3438044Z # Subtest: completeness packaging rejects independently altered manifest metadata
2026-09-12T04:35:15.3439027Z ok 17 - completeness packaging rejects independently altered manifest metadata
2026-09-12T04:35:15.3439558Z   ---
2026-09-12T04:35:15.3439814Z   duration_ms: 594.603047
2026-09-12T04:35:15.3440110Z   type: 'test'
2026-09-12T04:35:15.3440360Z   ...
2026-09-12T04:35:15.4008638Z # Subtest: C-005-1: September 10 evaluation of a September 5 deadline is overdue
2026-09-12T04:35:15.4009463Z ok 18 - C-005-1: September 10 evaluation of a September 5 deadline is overdue
2026-09-12T04:35:15.4009979Z   ---
2026-09-12T04:35:15.4010218Z   duration_ms: 20.94468
2026-09-12T04:35:15.4010421Z   type: 'test'
2026-09-12T04:35:15.4010591Z   ...
2026-09-12T04:35:15.4010943Z # Subtest: C-005-1: before-deadline, missing, and invalid due dates remain distinct
2026-09-12T04:35:15.4011438Z ok 19 - C-005-1: before-deadline, missing, and invalid due dates remain distinct
2026-09-12T04:35:15.4011760Z   ---
2026-09-12T04:35:15.4011925Z   duration_ms: 5.999506
2026-09-12T04:35:15.4012112Z   type: 'test'
2026-09-12T04:35:15.4012285Z   ...
2026-09-12T04:35:15.4013002Z # Subtest: C-005-1: frozen default clock stays deterministic and does not rewrite source observations
2026-09-12T04:35:15.4013967Z ok 20 - C-005-1: frozen default clock stays deterministic and does not rewrite source observations
2026-09-12T04:35:15.4014917Z   ---
2026-09-12T04:35:15.4015163Z   duration_ms: 4.688489
2026-09-12T04:35:15.4015430Z   type: 'test'
2026-09-12T04:35:15.4015660Z   ...
2026-09-12T04:35:15.4016157Z # Subtest: C-005-1: public request evaluation time reaches freshness projection
2026-09-12T04:35:15.4017402Z ok 21 - C-005-1: public request evaluation time reaches freshness projection
2026-09-12T04:35:15.4017848Z   ---
2026-09-12T04:35:15.4018074Z   duration_ms: 17.705481
2026-09-12T04:35:15.4018351Z   type: 'test'
2026-09-12T04:35:15.4018576Z   ...
2026-09-12T04:35:15.4019096Z # Subtest: C-005-4: ordinary caller Date header does not replace server evaluation time
2026-09-12T04:35:15.4019906Z ok 22 - C-005-4: ordinary caller Date header does not replace server evaluation time
2026-09-12T04:35:15.4020384Z   ---
2026-09-12T04:35:15.4020620Z   duration_ms: 0.740376
2026-09-12T04:35:15.4020887Z   type: 'test'
2026-09-12T04:35:15.4021119Z   ...
2026-09-12T04:35:15.4021725Z # Subtest: C-005-4: search and both browse paths expose the same attempt fields as dataset lookup
2026-09-12T04:35:15.4022613Z ok 23 - C-005-4: search and both browse paths expose the same attempt fields as dataset lookup
2026-09-12T04:35:15.4023130Z   ---
2026-09-12T04:35:15.4023364Z   duration_ms: 6.710999
2026-09-12T04:35:15.4023624Z   type: 'test'
2026-09-12T04:35:15.4023877Z   ...
2026-09-12T04:35:15.4024522Z # Subtest: C-005-4: current_verified catalog observation remains last successful metadata check evidence
2026-09-12T04:35:15.4025191Z ok 24 - C-005-4: current_verified catalog observation remains last successful metadata check evidence
2026-09-12T04:35:15.4025553Z   ---
2026-09-12T04:35:15.4025716Z   duration_ms: 0.210517
2026-09-12T04:35:15.4025933Z   type: 'test'
2026-09-12T04:35:15.4026177Z   ...
2026-09-12T04:35:15.4027011Z # Subtest: C-005-4: unknown catalog verification is not last successful metadata check evidence
2026-09-12T04:35:15.4027905Z ok 25 - C-005-4: unknown catalog verification is not last successful metadata check evidence
2026-09-12T04:35:15.4028429Z   ---
2026-09-12T04:35:15.4028840Z   duration_ms: 0.119951
2026-09-12T04:35:15.4029102Z   type: 'test'
2026-09-12T04:35:15.4029341Z   ...
2026-09-12T04:35:15.4029949Z # Subtest: C-005-3: advancing the evaluation clock changes status without rebuilding corpus evidence
2026-09-12T04:35:15.4030890Z ok 26 - C-005-3: advancing the evaluation clock changes status without rebuilding corpus evidence
2026-09-12T04:35:15.4031421Z   ---
2026-09-12T04:35:15.4031638Z   duration_ms: 3.581551
2026-09-12T04:35:15.4031840Z   type: 'test'
2026-09-12T04:35:15.4032002Z   ...
2026-09-12T04:35:15.4032430Z # Subtest: C-005-3: stale historical metadata success stays distinct from payload checks and later failed attempts
2026-09-12T04:35:15.4033296Z ok 27 - C-005-3: stale historical metadata success stays distinct from payload checks and later failed attempts
2026-09-12T04:35:15.4033894Z   ---
2026-09-12T04:35:15.4034054Z   duration_ms: 0.359783
2026-09-12T04:35:15.4034322Z   type: 'test'
2026-09-12T04:35:15.4034525Z   ...
2026-09-12T04:35:15.4034858Z # Subtest: C-005-2: HCRIS-style inferred unit tags do not become observation grain
2026-09-12T04:35:15.4035306Z ok 28 - C-005-2: HCRIS-style inferred unit tags do not become observation grain
2026-09-12T04:35:15.4035702Z   ---
2026-09-12T04:35:15.4035931Z   duration_ms: 1.839373
2026-09-12T04:35:15.4036204Z   type: 'test'
2026-09-12T04:35:15.4036663Z   ...
2026-09-12T04:35:15.4037066Z # Subtest: resolveContainedPath accepts repository-relative paths and rejects escapes
2026-09-12T04:35:15.4037846Z ok 29 - resolveContainedPath accepts repository-relative paths and rejects escapes
2026-09-12T04:35:15.4038350Z   ---
2026-09-12T04:35:15.4038574Z   duration_ms: 13.080943
2026-09-12T04:35:15.4038859Z   type: 'test'
2026-09-12T04:35:15.4039091Z   ...
2026-09-12T04:35:15.4039655Z # Subtest: valid packet is accepted and bound to concrete local sources and dependency SHAs
2026-09-12T04:35:15.4040777Z ok 30 - valid packet is accepted and bound to concrete local sources and dependency SHAs
2026-09-12T04:35:15.4041278Z   ---
2026-09-12T04:35:15.4041504Z   duration_ms: 271.074272
2026-09-12T04:35:15.4041788Z   type: 'test'
2026-09-12T04:35:15.4042009Z   ...
2026-09-12T04:35:15.4042570Z # Subtest: expected-negative nonzero outcome is accepted when expected and observed match
2026-09-12T04:35:15.4043426Z ok 31 - expected-negative nonzero outcome is accepted when expected and observed match
2026-09-12T04:35:15.4043933Z   ---
2026-09-12T04:35:15.4044160Z   duration_ms: 98.9665
2026-09-12T04:35:15.4044432Z   type: 'test'
2026-09-12T04:35:15.4044660Z   ...
2026-09-12T04:35:15.4045245Z # Subtest: typed unavailable outcome preserves provider limitation without inventing an exit
2026-09-12T04:35:15.4046135Z ok 32 - typed unavailable outcome preserves provider limitation without inventing an exit
2026-09-12T04:35:15.4046778Z   ---
2026-09-12T04:35:15.4047003Z   duration_ms: 68.024276
2026-09-12T04:35:15.4047280Z   type: 'test'
2026-09-12T04:35:15.4047514Z   ...
2026-09-12T04:35:15.4047919Z # Subtest: a claimed pass without a command result is rejected
2026-09-12T04:35:15.4048514Z ok 33 - a claimed pass without a command result is rejected
2026-09-12T04:35:15.4048893Z   ---
2026-09-12T04:35:15.4049119Z   duration_ms: 90.719411
2026-09-12T04:35:15.4049387Z   type: 'test'
2026-09-12T04:35:15.4049612Z   ...
2026-09-12T04:35:15.4050021Z # Subtest: a handoff with a missing artifact reference is rejected
2026-09-12T04:35:15.4050616Z ok 34 - a handoff with a missing artifact reference is rejected
2026-09-12T04:35:15.4051011Z   ---
2026-09-12T04:35:15.4051232Z   duration_ms: 78.057024
2026-09-12T04:35:15.4051504Z   type: 'test'
2026-09-12T04:35:15.4051724Z   ...
2026-09-12T04:35:15.4052113Z # Subtest: a handoff with a stale dependency SHA is rejected
2026-09-12T04:35:15.4052666Z ok 35 - a handoff with a stale dependency SHA is rejected
2026-09-12T04:35:15.4053035Z   ---
2026-09-12T04:35:15.4053255Z   duration_ms: 71.527133
2026-09-12T04:35:15.4053527Z   type: 'test'
2026-09-12T04:35:15.4053749Z   ...
2026-09-12T04:35:15.4054220Z # Subtest: a handoff whose artifact SHA-256 does not match disk is rejected
2026-09-12T04:35:15.4055053Z ok 36 - a handoff whose artifact SHA-256 does not match disk is rejected
2026-09-12T04:35:15.4055475Z   ---
2026-09-12T04:35:15.4055693Z   duration_ms: 91.526228
2026-09-12T04:35:15.4055962Z   type: 'test'
2026-09-12T04:35:15.4056184Z   ...
2026-09-12T04:35:15.4056791Z # Subtest: a nonzero observation cannot back a success claim expecting exit zero
2026-09-12T04:35:15.4057543Z ok 37 - a nonzero observation cannot back a success claim expecting exit zero
2026-09-12T04:35:15.4058011Z   ---
2026-09-12T04:35:15.4058234Z   duration_ms: 78.612181
2026-09-12T04:35:15.4058499Z   type: 'test'
2026-09-12T04:35:15.4058728Z   ...
2026-09-12T04:35:15.4059023Z # Subtest: duplicate command IDs with conflicting outcomes are rejected
2026-09-12T04:35:15.4059431Z ok 38 - duplicate command IDs with conflicting outcomes are rejected
2026-09-12T04:35:15.4059699Z   ---
2026-09-12T04:35:15.4059863Z   duration_ms: 81.924389
2026-09-12T04:35:15.4060054Z   type: 'test'
2026-09-12T04:35:15.4060207Z   ...
2026-09-12T04:35:15.4060494Z # Subtest: completed packet cannot hide empty evidence or a null owner
2026-09-12T04:35:15.4060890Z ok 39 - completed packet cannot hide empty evidence or a null owner
2026-09-12T04:35:15.4061147Z   ---
2026-09-12T04:35:15.4061303Z   duration_ms: 17.208807
2026-09-12T04:35:15.4061486Z   type: 'test'
2026-09-12T04:35:15.4061638Z   ...
2026-09-12T04:35:15.4061859Z # Subtest: local source identity must carry its hash
2026-09-12T04:35:15.4062162Z ok 40 - local source identity must carry its hash
2026-09-12T04:35:15.4062382Z   ---
2026-09-12T04:35:15.4062530Z   duration_ms: 47.79847
2026-09-12T04:35:15.4062704Z   type: 'test'
2026-09-12T04:35:15.4062862Z   ...
2026-09-12T04:35:15.4063165Z # Subtest: immutable Git source snapshots reject wrong bytes and commit bindings
2026-09-12T04:35:15.4063607Z ok 41 - immutable Git source snapshots reject wrong bytes and commit bindings
2026-09-12T04:35:15.4064011Z   ---
2026-09-12T04:35:15.4064170Z   duration_ms: 112.950876
2026-09-12T04:35:15.4064353Z   type: 'test'
2026-09-12T04:35:15.4064508Z   ...
2026-09-12T04:35:15.4064837Z # Subtest: nested event source is subject to existence, containment and hash binding
2026-09-12T04:35:15.4065306Z ok 42 - nested event source is subject to existence, containment and hash binding
2026-09-12T04:35:15.4065597Z   ---
2026-09-12T04:35:15.4065749Z   duration_ms: 69.848707
2026-09-12T04:35:15.4065933Z   type: 'test'
2026-09-12T04:35:15.4066083Z   ...
2026-09-12T04:35:15.4066597Z # Subtest: nonexistent all-zero head is rejected while the pending null convention is explicit
2026-09-12T04:35:15.4067517Z ok 43 - nonexistent all-zero head is rejected while the pending null convention is explicit
2026-09-12T04:35:15.4067906Z   ---
2026-09-12T04:35:15.4068071Z   duration_ms: 161.952851
2026-09-12T04:35:15.4068256Z   type: 'test'
2026-09-12T04:35:15.4068409Z   ...
2026-09-12T04:35:15.4068724Z # Subtest: command timing must be valid RFC3339 UTC and end no earlier than start
2026-09-12T04:35:15.4069174Z ok 44 - command timing must be valid RFC3339 UTC and end no earlier than start
2026-09-12T04:35:15.4069459Z   ---
2026-09-12T04:35:15.4069621Z   duration_ms: 183.924018
2026-09-12T04:35:15.4069791Z   type: 'test'
2026-09-12T04:35:15.4069940Z   ...
2026-09-12T04:35:15.4070287Z # Subtest: RFC3339 comparison keeps full fractional precision and rejects impossible calendars
2026-09-12T04:35:15.4070806Z ok 45 - RFC3339 comparison keeps full fractional precision and rejects impossible calendars
2026-09-12T04:35:15.4071121Z   ---
2026-09-12T04:35:15.4071277Z   duration_ms: 0.31843
2026-09-12T04:35:15.4071450Z   type: 'test'
2026-09-12T04:35:15.4071596Z   ...
2026-09-12T04:35:15.4071877Z # Subtest: completed_at earlier within the same millisecond is rejected
2026-09-12T04:35:15.4072277Z ok 46 - completed_at earlier within the same millisecond is rejected
2026-09-12T04:35:15.4072539Z   ---
2026-09-12T04:35:15.4072693Z   duration_ms: 75.71035
2026-09-12T04:35:15.4072878Z   type: 'test'
2026-09-12T04:35:15.4073157Z   ...
2026-09-12T04:35:15.4073470Z # Subtest: ownedPathMatches documents exact-file and directory/glob ownership
2026-09-12T04:35:15.4073919Z ok 47 - ownedPathMatches documents exact-file and directory/glob ownership
2026-09-12T04:35:15.4074203Z   ---
2026-09-12T04:35:15.4074354Z   duration_ms: 0.94213
2026-09-12T04:35:15.4074534Z   type: 'test'
2026-09-12T04:35:15.4074686Z   ...
2026-09-12T04:35:15.4074943Z # Subtest: base SHA must match the concrete per-PR task binding
2026-09-12T04:35:15.4075298Z ok 48 - base SHA must match the concrete per-PR task binding
2026-09-12T04:35:15.4075545Z   ---
2026-09-12T04:35:15.4076921Z   duration_ms: 61.749264
2026-09-12T04:35:15.4077174Z   type: 'test'
2026-09-12T04:35:15.4077339Z   ...
2026-09-12T04:35:15.4077631Z # Subtest: local source and changed-file paths reject symlink escapes
2026-09-12T04:35:15.4078036Z ok 49 - local source and changed-file paths reject symlink escapes
2026-09-12T04:35:15.4078294Z   ---
2026-09-12T04:35:15.4078469Z   duration_ms: 51.920495
2026-09-12T04:35:15.4078645Z   type: 'test'
2026-09-12T04:35:15.4078798Z   ...
2026-09-12T04:35:15.4079086Z # Subtest: sibling task-binding symlink is rejected before JSON fallback
2026-09-12T04:35:15.4079490Z ok 50 - sibling task-binding symlink is rejected before JSON fallback
2026-09-12T04:35:15.4079758Z   ---
2026-09-12T04:35:15.4086857Z   duration_ms: 61.445783
2026-09-12T04:35:15.4087326Z   type: 'test'
2026-09-12T04:35:15.4087566Z   ...
2026-09-12T04:35:15.4088092Z # Subtest: repoRoot controls packet and evidence roots while schemas stay module-authoritative
2026-09-12T04:35:15.4088906Z ok 51 - repoRoot controls packet and evidence roots while schemas stay module-authoritative
2026-09-12T04:35:15.4089399Z   ---
2026-09-12T04:35:15.4089634Z   duration_ms: 297.678331
2026-09-12T04:35:15.4089915Z   type: 'test'
2026-09-12T04:35:15.4090150Z   ...
2026-09-12T04:35:15.4090662Z # Subtest: a handoff outside the repository root is rejected before it is read
2026-09-12T04:35:15.4091545Z ok 52 - a handoff outside the repository root is rejected before it is read
2026-09-12T04:35:15.4091959Z   ---
2026-09-12T04:35:15.4092189Z   duration_ms: 0.43079
2026-09-12T04:35:15.4092449Z   type: 'test'
2026-09-12T04:35:15.4092670Z   ...
2026-09-12T04:35:15.4093196Z # Subtest: immutable Git snapshots larger than Node default maxBuffer hash from Git bytes
2026-09-12T04:35:15.4093957Z ok 53 - immutable Git snapshots larger than Node default maxBuffer hash from Git bytes
2026-09-12T04:35:15.4094423Z   ---
2026-09-12T04:35:15.4094697Z   duration_ms: 207.958703
2026-09-12T04:35:15.4094989Z   type: 'test'
2026-09-12T04:35:15.4095231Z   ...
2026-09-12T04:35:15.4095799Z # Subtest: schema-invalid null JSON returns a rejected packet report rather than throwing
2026-09-12T04:35:15.4096824Z ok 54 - schema-invalid null JSON returns a rejected packet report rather than throwing
2026-09-12T04:35:15.4097334Z   ---
2026-09-12T04:35:15.4097574Z   duration_ms: 225.73079
2026-09-12T04:35:15.4097883Z   type: 'test'
2026-09-12T04:35:15.4098129Z   ...
2026-09-12T04:35:15.4098656Z # Subtest: noniterable collection types return schema findings without throwing
2026-09-12T04:35:15.4099441Z ok 55 - noniterable collection types return schema findings without throwing
2026-09-12T04:35:15.4099931Z   ---
2026-09-12T04:35:15.4100176Z   duration_ms: 2.81894
2026-09-12T04:35:15.4100463Z   type: 'test'
2026-09-12T04:35:15.4100704Z   ...
2026-09-12T04:35:15.4101224Z # Subtest: null commands item is a schema-invalid rejected packet (API and CLI)
2026-09-12T04:35:15.4101992Z ok 56 - null commands item is a schema-invalid rejected packet (API and CLI)
2026-09-12T04:35:15.4102467Z   ---
2026-09-12T04:35:15.4102715Z   duration_ms: 188.180892
2026-09-12T04:35:15.4103009Z   type: 'test'
2026-09-12T04:35:15.4103242Z   ...
2026-09-12T04:35:15.4103756Z # Subtest: null artifacts item is a schema-invalid rejected packet (API and CLI)
2026-09-12T04:35:15.4104546Z ok 57 - null artifacts item is a schema-invalid rejected packet (API and CLI)
2026-09-12T04:35:15.4105285Z   ---
2026-09-12T04:35:15.4105529Z   duration_ms: 257.9769
2026-09-12T04:35:15.4105856Z   type: 'test'
2026-09-12T04:35:15.4106099Z   ...
2026-09-12T04:35:15.4106826Z # Subtest: null source_identities item is a schema-invalid rejected packet (API and CLI)
2026-09-12T04:35:15.4107711Z ok 58 - null source_identities item is a schema-invalid rejected packet (API and CLI)
2026-09-12T04:35:15.4108229Z   ---
2026-09-12T04:35:15.4108481Z   duration_ms: 158.947159
2026-09-12T04:35:15.4108776Z   type: 'test'
2026-09-12T04:35:15.4109009Z   ...
2026-09-12T04:35:15.4109710Z # Subtest: null acceptance_results item is a schema-invalid rejected packet (API and CLI)
2026-09-12T04:35:15.4110565Z ok 59 - null acceptance_results item is a schema-invalid rejected packet (API and CLI)
2026-09-12T04:35:15.4111068Z   ---
2026-09-12T04:35:15.4111300Z   duration_ms: 168.788613
2026-09-12T04:35:15.4111579Z   type: 'test'
2026-09-12T04:35:15.4111812Z   ...
2026-09-12T04:35:15.4112451Z # Subtest: null failures_and_skipped_checks item is a schema-invalid rejected packet (API and CLI)
2026-09-12T04:35:15.4113416Z ok 60 - null failures_and_skipped_checks item is a schema-invalid rejected packet (API and CLI)
2026-09-12T04:35:15.4113969Z   ---
2026-09-12T04:35:15.4114218Z   duration_ms: 146.792297
2026-09-12T04:35:15.4114518Z   type: 'test'
2026-09-12T04:35:15.4114758Z   ...
2026-09-12T04:35:15.4115331Z # Subtest: null unresolved_claims item is a schema-invalid rejected packet (API and CLI)
2026-09-12T04:35:15.4116198Z ok 61 - null unresolved_claims item is a schema-invalid rejected packet (API and CLI)
2026-09-12T04:35:15.4116866Z   ---
2026-09-12T04:35:15.4117106Z   duration_ms: 154.50795
2026-09-12T04:35:15.4117400Z   type: 'test'
2026-09-12T04:35:15.4117643Z   ...
2026-09-12T04:35:15.4118221Z # Subtest: malformed non-object collection elements are schema-invalid rejected packets
2026-09-12T04:35:15.4119071Z ok 62 - malformed non-object collection elements are schema-invalid rejected packets
2026-09-12T04:35:15.4119796Z   ---
2026-09-12T04:35:15.4120047Z   duration_ms: 873.81263
2026-09-12T04:35:15.4120343Z   type: 'test'
2026-09-12T04:35:15.4120588Z   ...
2026-09-12T04:35:15.4121144Z # Subtest: file and Git operational failures remain typed and are not packet success
2026-09-12T04:35:15.4121958Z ok 63 - file and Git operational failures remain typed and are not packet success
2026-09-12T04:35:15.4122433Z   ---
2026-09-12T04:35:15.4122666Z   duration_ms: 91.511931
2026-09-12T04:35:15.4122952Z   type: 'test'
2026-09-12T04:35:15.4123179Z   ...
2026-09-12T04:35:15.4123637Z # Subtest: unresolved changed-file symlink is not counted as a deletion
2026-09-12T04:35:15.4124307Z ok 64 - unresolved changed-file symlink is not counted as a deletion
2026-09-12T04:35:15.4124735Z   ---
2026-09-12T04:35:15.4124962Z   duration_ms: 49.352438
2026-09-12T04:35:15.4125240Z   type: 'test'
2026-09-12T04:35:15.4125468Z   ...
2026-09-12T04:35:15.4125823Z # Subtest: absent changed files remain typed deletions
2026-09-12T04:35:15.4126328Z ok 65 - absent changed files remain typed deletions
2026-09-12T04:35:15.4126910Z   ---
2026-09-12T04:35:15.4127133Z   duration_ms: 50.303202
2026-09-12T04:35:15.4127406Z   type: 'test'
2026-09-12T04:35:15.4127629Z   ...
2026-09-12T04:35:15.4128141Z # Subtest: completed packets must match task-binding owner, branch and owned paths
2026-09-12T04:35:15.4128916Z ok 66 - completed packets must match task-binding owner, branch and owned paths
2026-09-12T04:35:15.4129389Z   ---
2026-09-12T04:35:15.4129616Z   duration_ms: 151.492628
2026-09-12T04:35:15.4129897Z   type: 'test'
2026-09-12T04:35:15.4130122Z   ...
2026-09-12T04:35:15.4130530Z # Subtest: completed packet scope honors slash-aware wildcards
2026-09-12T04:35:15.4131099Z ok 67 - completed packet scope honors slash-aware wildcards
2026-09-12T04:35:15.4131478Z   ---
2026-09-12T04:35:15.4131701Z   duration_ms: 237.243133
2026-09-12T04:35:15.4131974Z   type: 'test'
2026-09-12T04:35:15.4132202Z   ...
2026-09-12T04:35:15.4132659Z # Subtest: completed packet scope honors composite slash-aware wildcards
2026-09-12T04:35:15.4133509Z ok 68 - completed packet scope honors composite slash-aware wildcards
2026-09-12T04:35:15.4133930Z   ---
2026-09-12T04:35:15.4134156Z   duration_ms: 432.12908
2026-09-12T04:35:15.4134436Z   type: 'test'
2026-09-12T04:35:15.4134666Z   ...
2026-09-12T04:35:15.4135105Z # Subtest: CLI exits 0 for accepted packets and 1 for rejected packets
2026-09-12T04:35:15.4135738Z ok 69 - CLI exits 0 for accepted packets and 1 for rejected packets
2026-09-12T04:35:15.4136147Z   ---
2026-09-12T04:35:15.4136482Z   duration_ms: 3159.064631
2026-09-12T04:35:15.4136757Z   type: 'test'
2026-09-12T04:35:15.4136990Z   ...
2026-09-12T04:35:15.4137374Z # Subtest: CLI treats a wrong argument count as a usage error
2026-09-12T04:35:15.4137919Z ok 70 - CLI treats a wrong argument count as a usage error
2026-09-12T04:35:15.4138284Z   ---
2026-09-12T04:35:15.4138505Z   duration_ms: 93.756189
2026-09-12T04:35:15.4138769Z   type: 'test'
2026-09-12T04:35:15.4139006Z   ...
2026-09-12T04:35:15.4139642Z # Subtest: controlled fixture context stays valid while a later live ledger would not bind the fixture base
2026-09-12T04:35:15.4140264Z ok 71 - controlled fixture context stays valid while a later live ledger would not bind the fixture base
2026-09-12T04:35:15.4140631Z   ---
2026-09-12T04:35:15.4140787Z   duration_ms: 55.842396
2026-09-12T04:35:15.4140964Z   type: 'test'
2026-09-12T04:35:15.4141128Z   ...
2026-09-12T04:35:15.4141495Z # Subtest: the observed combined-head ledger base conflicts with the historical fixture binding
2026-09-12T04:35:15.4142031Z ok 72 - the observed combined-head ledger base conflicts with the historical fixture binding
2026-09-12T04:35:15.4142348Z   ---
2026-09-12T04:35:15.4142498Z   duration_ms: 56.998578
2026-09-12T04:35:15.4142669Z   type: 'test'
2026-09-12T04:35:15.4142824Z   ...
2026-09-12T04:35:15.4143206Z # Subtest: fixture temporary-root helper selects TMPDIR, RUNNER_TEMP, then the in-repository fallback
2026-09-12T04:35:15.4143894Z ok 73 - fixture temporary-root helper selects TMPDIR, RUNNER_TEMP, then the in-repository fallback
2026-09-12T04:35:15.4144238Z   ---
2026-09-12T04:35:15.4144386Z   duration_ms: 0.228415
2026-09-12T04:35:15.4144561Z   type: 'test'
2026-09-12T04:35:15.4144708Z   ...
2026-09-12T04:35:15.4145052Z # Subtest: owned fixture temps are cleaned without recursively removing an unrelated directory
2026-09-12T04:35:15.4145577Z ok 74 - owned fixture temps are cleaned without recursively removing an unrelated directory
2026-09-12T04:35:15.4145893Z   ---
2026-09-12T04:35:15.4146044Z   duration_ms: 1.992474
2026-09-12T04:35:15.4146217Z   type: 'test'
2026-09-12T04:35:15.4146515Z   ...
2026-09-12T04:35:15.4147106Z # Subtest: a different plausible ledger base in the controlled context still rejects with binding_conflict
2026-09-12T04:35:15.4148034Z ok 75 - a different plausible ledger base in the controlled context still rejects with binding_conflict
2026-09-12T04:35:15.4148394Z   ---
2026-09-12T04:35:15.4148556Z   duration_ms: 111.222428
2026-09-12T04:35:15.4148750Z   type: 'test'
2026-09-12T04:35:15.4148907Z   ...
2026-09-12T04:35:15.4149218Z # Subtest: default live-ledger validation ignores a conflicting fixture context
2026-09-12T04:35:15.4149666Z ok 76 - default live-ledger validation ignores a conflicting fixture context
2026-09-12T04:35:15.4149946Z   ---
2026-09-12T04:35:15.4150100Z   duration_ms: 485.171649
2026-09-12T04:35:15.4150282Z   type: 'test'
2026-09-12T04:35:15.4150437Z   ...
2026-09-12T04:35:15.4150754Z # Subtest: CLI --context isolates fixtures and omitting it keeps the live ledger
2026-09-12T04:35:15.4151200Z ok 77 - CLI --context isolates fixtures and omitting it keeps the live ledger
2026-09-12T04:35:15.4151484Z   ---
2026-09-12T04:35:15.4151641Z   duration_ms: 512.003689
2026-09-12T04:35:15.4151823Z   type: 'test'
2026-09-12T04:35:15.4151970Z   ...
2026-09-12T04:35:15.4152338Z # Subtest: an explicit context outside the repository is rejected and does not load the live ledger
2026-09-12T04:35:15.4152894Z ok 78 - an explicit context outside the repository is rejected and does not load the live ledger
2026-09-12T04:35:15.4153349Z   ---
2026-09-12T04:35:15.4153504Z   duration_ms: 57.753973
2026-09-12T04:35:15.4153689Z   type: 'test'
2026-09-12T04:35:15.4153844Z   ...
2026-09-12T04:35:15.4154204Z # Subtest: a conflicting ledger inside the controlled context still rejects with binding_conflict
2026-09-12T04:35:15.4154753Z ok 79 - a conflicting ledger inside the controlled context still rejects with binding_conflict
2026-09-12T04:35:15.4155076Z   ---
2026-09-12T04:35:15.4155226Z   duration_ms: 57.365221
2026-09-12T04:35:15.4155400Z   type: 'test'
2026-09-12T04:35:15.4155554Z   ...
2026-09-12T04:35:15.4155904Z # Subtest: C0061 retains the frozen 3434 baseline and isolates exactly four CDC records
2026-09-12T04:35:15.4156547Z ok 80 - C0061 retains the frozen 3434 baseline and isolates exactly four CDC records
2026-09-12T04:35:15.4156850Z   ---
2026-09-12T04:35:15.4157000Z   duration_ms: 1476.7756
2026-09-12T04:35:15.4157171Z   type: 'test'
2026-09-12T04:35:15.4157322Z   ...
2026-09-12T04:35:15.4157686Z # Subtest: C0062 keeps facet counts scoped and preserves same-dimension OR and cross-dimension AND
2026-09-12T04:35:15.4158229Z ok 81 - C0062 keeps facet counts scoped and preserves same-dimension OR and cross-dimension AND
2026-09-12T04:35:15.4158550Z   ---
2026-09-12T04:35:15.4158702Z   duration_ms: 180.709016
2026-09-12T04:35:15.4158877Z   type: 'test'
2026-09-12T04:35:15.4159073Z   ...
2026-09-12T04:35:15.4159482Z # Subtest: C0063 resolves labels from complete pre-pagination matches
2026-09-12T04:35:15.4160155Z ok 82 - C0063 resolves labels from complete pre-pagination matches
2026-09-12T04:35:15.4160552Z   ---
2026-09-12T04:35:15.4160704Z   duration_ms: 208.675889
2026-09-12T04:35:15.4160875Z   type: 'test'
2026-09-12T04:35:15.4161025Z   ...
2026-09-12T04:35:15.4161317Z # Subtest: C-007-1 rolling endpoints do not mint an exact release from a URL
2026-09-12T04:35:15.4161862Z ok 83 - C-007-1 rolling endpoints do not mint an exact release from a URL
2026-09-12T04:35:15.4162144Z   ---
2026-09-12T04:35:15.4162296Z   duration_ms: 13.064108
2026-09-12T04:35:15.4162470Z   type: 'test'
2026-09-12T04:35:15.4162617Z   ...
2026-09-12T04:35:15.4162966Z # Subtest: C-007-1 hash-scoped identity is used when a publisher supplies no stable release ID
2026-09-12T04:35:15.4163485Z ok 84 - C-007-1 hash-scoped identity is used when a publisher supplies no stable release ID
2026-09-12T04:35:15.4163797Z   ---
2026-09-12T04:35:15.4163947Z   duration_ms: 1.389305
2026-09-12T04:35:15.4164119Z   type: 'test'
2026-09-12T04:35:15.4164265Z   ...
2026-09-12T04:35:15.4164627Z # Subtest: C-007-1 publisher stable release IDs are preserved and do not rewrite existing asset IDs
2026-09-12T04:35:15.4165176Z ok 85 - C-007-1 publisher stable release IDs are preserved and do not rewrite existing asset IDs
2026-09-12T04:35:15.4165516Z   ---
2026-09-12T04:35:15.4165669Z   duration_ms: 1.427643
2026-09-12T04:35:15.4165842Z   type: 'test'
2026-09-12T04:35:15.4165991Z   ...
2026-09-12T04:35:15.4166254Z # Subtest: C-007-1 replacement files remain distinct identities
2026-09-12T04:35:15.4166797Z ok 86 - C-007-1 replacement files remain distinct identities
2026-09-12T04:35:15.4167046Z   ---
2026-09-12T04:35:15.4167196Z   duration_ms: 1.037144
2026-09-12T04:35:15.4167368Z   type: 'test'
2026-09-12T04:35:15.4167517Z   ...
2026-09-12T04:35:15.4167805Z # Subtest: C-007-1 multiple distributions remain distinct and are not merged
2026-09-12T04:35:15.4168230Z ok 87 - C-007-1 multiple distributions remain distinct and are not merged
2026-09-12T04:35:15.4168501Z   ---
2026-09-12T04:35:15.4168651Z   duration_ms: 3.389361
2026-09-12T04:35:15.4168819Z   type: 'test'
2026-09-12T04:35:15.4168966Z   ...
2026-09-12T04:35:15.4169245Z # Subtest: C-007-1 conflicting date roles stay distinct and are not merged
2026-09-12T04:35:15.4169660Z ok 88 - C-007-1 conflicting date roles stay distinct and are not merged
2026-09-12T04:35:15.4169921Z   ---
2026-09-12T04:35:15.4170072Z   duration_ms: 0.92199
2026-09-12T04:35:15.4170251Z   type: 'test'
2026-09-12T04:35:15.4170512Z   ...
2026-09-12T04:35:15.4170858Z # Subtest: C-007-1 a landing-page URL without content or a stable release ID stays unresolved
2026-09-12T04:35:15.4171374Z ok 89 - C-007-1 a landing-page URL without content or a stable release ID stays unresolved
2026-09-12T04:35:15.4171692Z   ---
2026-09-12T04:35:15.4171852Z   duration_ms: 0.346322
2026-09-12T04:35:15.4172030Z   type: 'test'
2026-09-12T04:35:15.4172183Z   ...
2026-09-12T04:35:15.4172468Z # Subtest: C-007-2 one-to-many publisher distributions remain distinct
2026-09-12T04:35:15.4172869Z ok 90 - C-007-2 one-to-many publisher distributions remain distinct
2026-09-12T04:35:15.4173126Z   ---
2026-09-12T04:35:15.4173277Z   duration_ms: 3.812448
2026-09-12T04:35:15.4173452Z   type: 'test'
2026-09-12T04:35:15.4173606Z   ...
2026-09-12T04:35:15.4173899Z # Subtest: C-007-2 an ambiguous URL never produces a fabricated exact binding
2026-09-12T04:35:15.4174325Z ok 91 - C-007-2 an ambiguous URL never produces a fabricated exact binding
2026-09-12T04:35:15.4174599Z   ---
2026-09-12T04:35:15.4174757Z   duration_ms: 0.898796
2026-09-12T04:35:15.4174925Z   type: 'test'
2026-09-12T04:35:15.4175088Z   ...
2026-09-12T04:35:15.4175446Z # Subtest: C-007-2 rolling catalog resources stay rolling and keep the existing asset ID
2026-09-12T04:35:15.4175931Z ok 92 - C-007-2 rolling catalog resources stay rolling and keep the existing asset ID
2026-09-12T04:35:15.4176241Z   ---
2026-09-12T04:35:15.4176497Z   duration_ms: 0.430459
2026-09-12T04:35:15.4176679Z   type: 'test'
2026-09-12T04:35:15.4176835Z   ...
2026-09-12T04:35:15.4177158Z # Subtest: C-007-3 human-to-machine source lookup returns the same product context
2026-09-12T04:35:15.4177612Z ok 93 - C-007-3 human-to-machine source lookup returns the same product context
2026-09-12T04:35:15.4177898Z   ---
2026-09-12T04:35:15.4178057Z   duration_ms: 3.41554
2026-09-12T04:35:15.4178232Z   type: 'test'
2026-09-12T04:35:15.4178388Z   ...
2026-09-12T04:35:15.4178769Z # Subtest: C-007-3 stale or mismatched pins yield typed restart guidance
2026-09-12T04:35:15.4179171Z ok 94 - C-007-3 stale or mismatched pins yield typed restart guidance
2026-09-12T04:35:15.4179429Z   ---
2026-09-12T04:35:15.4179584Z   duration_ms: 0.460754
2026-09-12T04:35:15.4179751Z   type: 'test'
2026-09-12T04:35:15.4179905Z   ...
2026-09-12T04:35:15.4180329Z # Subtest: R007-1 qualified publisher release identifiers keep namespace, punctuation, and long suffixes distinct
2026-09-12T04:35:15.4180970Z ok 95 - R007-1 qualified publisher release identifiers keep namespace, punctuation, and long suffixes distinct
2026-09-12T04:35:15.4181338Z   ---
2026-09-12T04:35:15.4181490Z   duration_ms: 0.689109
2026-09-12T04:35:15.4181653Z   type: 'test'
2026-09-12T04:35:15.4181800Z   ...
2026-09-12T04:35:15.4182171Z # Subtest: R007-1 a reusable-over-time distribution identifier does not bind two releases to one ID
2026-09-12T04:35:15.4182765Z ok 96 - R007-1 a reusable-over-time distribution identifier does not bind two releases to one ID
2026-09-12T04:35:15.4183108Z   ---
2026-09-12T04:35:15.4183256Z   duration_ms: 0.263648
2026-09-12T04:35:15.4183423Z   type: 'test'
2026-09-12T04:35:15.4183571Z   ...
2026-09-12T04:35:15.4183956Z # Subtest: C-007-1 reuses core v2 native-identifier contracts without fabricating unresolved core objects
2026-09-12T04:35:15.4184538Z ok 97 - C-007-1 reuses core v2 native-identifier contracts without fabricating unresolved core objects
2026-09-12T04:35:15.4184885Z   ---
2026-09-12T04:35:15.4185036Z   duration_ms: 118.937553
2026-09-12T04:35:15.4185214Z   type: 'test'
2026-09-12T04:35:15.4185363Z   ...
2026-09-12T04:35:15.4185687Z # Subtest: R007-2 unsupported pins, foreign bindings, and stale publications restart
2026-09-12T04:35:15.4186157Z ok 98 - R007-2 unsupported pins, foreign bindings, and stale publications restart
2026-09-12T04:35:15.4186609Z   ---
2026-09-12T04:35:15.4186758Z   duration_ms: 0.546014
2026-09-12T04:35:15.4186928Z   type: 'test'
2026-09-12T04:35:15.4187074Z   ...
2026-09-12T04:35:15.4187428Z # Subtest: R007-3 catalog vintage is not a global release ID and unrelated resources stay unjoined
2026-09-12T04:35:15.4188070Z ok 99 - R007-3 catalog vintage is not a global release ID and unrelated resources stay unjoined
2026-09-12T04:35:15.4188393Z   ---
2026-09-12T04:35:15.4188538Z   duration_ms: 1.947476
2026-09-12T04:35:15.4188705Z   type: 'test'
2026-09-12T04:35:15.4188859Z   ...
2026-09-12T04:35:15.4189256Z # Subtest: C-007-2 source-shaped CMS catalog metadata keeps two 2023 products distinct without payload access
2026-09-12T04:35:15.4189863Z ok 100 - C-007-2 source-shaped CMS catalog metadata keeps two 2023 products distinct without payload access
2026-09-12T04:35:15.4190220Z   ---
2026-09-12T04:35:15.4190364Z   duration_ms: 2.034358
2026-09-12T04:35:15.4190532Z   type: 'test'
2026-09-12T04:35:15.4190710Z   ...
2026-09-12T04:35:15.4191046Z # Subtest: R007-6 foreign asset_id or entity_id is not projected as this release
2026-09-12T04:35:15.4191495Z ok 101 - R007-6 foreign asset_id or entity_id is not projected as this release
2026-09-12T04:35:15.4191805Z   ---
2026-09-12T04:35:15.4191964Z   duration_ms: 5.606493
2026-09-12T04:35:15.4192141Z   type: 'test'
2026-09-12T04:35:15.4192292Z   ...
2026-09-12T04:35:15.4192628Z # Subtest: R007-7 incomplete envelopes and malformed dates are not core-conformant
2026-09-12T04:35:15.4193123Z ok 102 - R007-7 incomplete envelopes and malformed dates are not core-conformant
2026-09-12T04:35:15.4193435Z   ---
2026-09-12T04:35:15.4193599Z   duration_ms: 9.784253
2026-09-12T04:35:15.4193787Z   type: 'test'
2026-09-12T04:35:15.4193940Z   ...
2026-09-12T04:35:15.4194289Z # Subtest: R007-8 Unicode native identifiers stay distinct and preserve exact values
2026-09-12T04:35:15.4194807Z ok 103 - R007-8 Unicode native identifiers stay distinct and preserve exact values
2026-09-12T04:35:15.4195132Z   ---
2026-09-12T04:35:15.4195281Z   duration_ms: 0.506153
2026-09-12T04:35:15.4195463Z   type: 'test'
2026-09-12T04:35:15.4195633Z   ...
2026-09-12T04:35:15.4196075Z # Subtest: R007-9 a changed revision cannot retain a stale canonical fingerprint
2026-09-12T04:35:15.4196629Z ok 104 - R007-9 a changed revision cannot retain a stale canonical fingerprint
2026-09-12T04:35:15.4196950Z   ---
2026-09-12T04:35:15.4197127Z   duration_ms: 4.628299
2026-09-12T04:35:15.4197315Z   type: 'test'
2026-09-12T04:35:15.4197478Z   ...
2026-09-12T04:35:15.4197851Z # Subtest: R007-10 nested release relationships must be coherent before product context
2026-09-12T04:35:15.4198406Z ok 105 - R007-10 nested release relationships must be coherent before product context
2026-09-12T04:35:15.4198738Z   ---
2026-09-12T04:35:15.4198908Z   duration_ms: 1.866384
2026-09-12T04:35:15.4199098Z   type: 'test'
2026-09-12T04:35:15.4199270Z   ...
2026-09-12T04:35:15.4199616Z # Subtest: wire names are scoped by release, distribution, schema and field revision
2026-09-12T04:35:15.4200107Z ok 106 - wire names are scoped by release, distribution, schema and field revision
2026-09-12T04:35:15.4200399Z   ---
2026-09-12T04:35:15.4200554Z   duration_ms: 11.655994
2026-09-12T04:35:15.4200747Z   type: 'test'
2026-09-12T04:35:15.4200904Z   ...
2026-09-12T04:35:15.4201218Z # Subtest: unresolved or non-exact contexts cannot mint a variable identifier
2026-09-12T04:35:15.4201652Z ok 107 - unresolved or non-exact contexts cannot mint a variable identifier
2026-09-12T04:35:15.4202031Z   ---
2026-09-12T04:35:15.4202278Z   duration_ms: 1.395524
2026-09-12T04:35:15.4202532Z   type: 'test'
2026-09-12T04:35:15.4202771Z   ...
2026-09-12T04:35:15.4203302Z # Subtest: identifier applicability and measurement unit absence remain distinct
2026-09-12T04:35:15.4204089Z ok 108 - identifier applicability and measurement unit absence remain distinct
2026-09-12T04:35:15.4204418Z   ---
2026-09-12T04:35:15.4204566Z   duration_ms: 0.698924
2026-09-12T04:35:15.4204736Z   type: 'test'
2026-09-12T04:35:15.4204888Z   ...
2026-09-12T04:35:15.4205242Z # Subtest: mapping states preserve literal alternatives and refuse punctuation-only aliasing
2026-09-12T04:35:15.4205777Z ok 109 - mapping states preserve literal alternatives and refuse punctuation-only aliasing
2026-09-12T04:35:15.4206244Z   ---
2026-09-12T04:35:15.4206545Z   duration_ms: 0.223998
2026-09-12T04:35:15.4206726Z   type: 'test'
2026-09-12T04:35:15.4206878Z   ...
2026-09-12T04:35:15.4207214Z # Subtest: strict v1.2 schema accepts literal encodings and rejects unauthorized promotion
2026-09-12T04:35:15.4207713Z ok 110 - strict v1.2 schema accepts literal encodings and rejects unauthorized promotion
2026-09-12T04:35:15.4208023Z   ---
2026-09-12T04:35:15.4208173Z   duration_ms: 140.967259
2026-09-12T04:35:15.4208348Z   type: 'test'
2026-09-12T04:35:15.4208501Z   ...
2026-09-12T04:35:15.4208791Z # Subtest: catalog context helper does not weaken exact endpoint invariants
2026-09-12T04:35:15.4209220Z ok 111 - catalog context helper does not weaken exact endpoint invariants
2026-09-12T04:35:15.4209498Z   ---
2026-09-12T04:35:15.4209638Z   duration_ms: 1.100659
2026-09-12T04:35:15.4209801Z   type: 'test'
2026-09-12T04:35:15.4209958Z   ...
2026-09-12T04:35:15.4210276Z # Subtest: retained audit summary remains a discrepancy set, never an alias approval
2026-09-12T04:35:15.4210746Z ok 112 - retained audit summary remains a discrepancy set, never an alias approval
2026-09-12T04:35:15.4211041Z   ---
2026-09-12T04:35:15.4211186Z   duration_ms: 0.669659
2026-09-12T04:35:15.4211351Z   type: 'test'
2026-09-12T04:35:15.4211502Z   ...
2026-09-12T04:35:15.4211781Z # Subtest: variable assertion and unit cross-field states remain strict
2026-09-12T04:35:15.4212182Z ok 113 - variable assertion and unit cross-field states remain strict
2026-09-12T04:35:15.4212443Z   ---
2026-09-12T04:35:15.4212591Z   duration_ms: 104.948941
2026-09-12T04:35:15.4212763Z   type: 'test'
2026-09-12T04:35:15.4212920Z   ...
2026-09-12T04:35:15.4213224Z # Subtest: retained HCRIS audit remains eleven unresolved literal discrepancies
2026-09-12T04:35:15.4213699Z ok 114 - retained HCRIS audit remains eleven unresolved literal discrepancies
2026-09-12T04:35:15.4214134Z   ---
2026-09-12T04:35:15.4214284Z   duration_ms: 7.501756
2026-09-12T04:35:15.4214450Z   type: 'test'
2026-09-12T04:35:15.4214625Z   ...
2026-09-12T04:35:15.4215029Z # Subtest: variable context resolution requires source/asset relationship evidence for released core shapes
2026-09-12T04:35:15.4215668Z ok 115 - variable context resolution requires source/asset relationship evidence for released core shapes
2026-09-12T04:35:15.4216137Z   ---
2026-09-12T04:35:15.4216282Z   duration_ms: 1.063654
2026-09-12T04:35:15.4216595Z   type: 'test'
2026-09-12T04:35:15.4216750Z   ...
2026-09-12T04:35:15.4217036Z # Subtest: explicit unresolved field context cannot mint a stable field ID
2026-09-12T04:35:15.4217483Z ok 116 - explicit unresolved field context cannot mint a stable field ID
2026-09-12T04:35:15.4217763Z   ---
2026-09-12T04:35:15.4217917Z   duration_ms: 0.243738
2026-09-12T04:35:15.4218093Z   type: 'test'
2026-09-12T04:35:15.4218247Z   ...
2026-09-12T04:35:15.4218554Z # Subtest: strict schema keeps unknown measurement units incomplete or unknown
2026-09-12T04:35:15.4218997Z ok 117 - strict schema keeps unknown measurement units incomplete or unknown
2026-09-12T04:35:15.4219279Z   ---
2026-09-12T04:35:15.4219431Z   duration_ms: 67.818175
2026-09-12T04:35:15.4219607Z   type: 'test'
2026-09-12T04:35:15.4219760Z   ...
2026-09-12T04:35:15.4220085Z # Subtest: parent relationship evidence rejects missing and contradictory ownership
2026-09-12T04:35:15.4220562Z ok 118 - parent relationship evidence rejects missing and contradictory ownership
2026-09-12T04:35:15.4220860Z   ---
2026-09-12T04:35:15.4221005Z   duration_ms: 5.526352
2026-09-12T04:35:15.4221171Z   type: 'test'
2026-09-12T04:35:15.4221323Z   ...
2026-09-12T04:35:15.4221696Z # Subtest: released core fixture requires accepted relationship evidence before variable resolution
2026-09-12T04:35:15.4222260Z ok 119 - released core fixture requires accepted relationship evidence before variable resolution
2026-09-12T04:35:15.4222598Z   ---
2026-09-12T04:35:15.4222750Z   duration_ms: 0.839516
2026-09-12T04:35:15.4223044Z   type: 'test'
2026-09-12T04:35:15.4223201Z   ...
2026-09-12T04:35:15.4223339Z 1..119
2026-09-12T04:35:15.4223488Z # tests 119
2026-09-12T04:35:15.4223638Z # suites 0
2026-09-12T04:35:15.4223790Z # pass 119
2026-09-12T04:35:15.4223933Z # fail 0
2026-09-12T04:35:15.4224087Z # cancelled 0
2026-09-12T04:35:15.4224249Z # skipped 0
2026-09-12T04:35:15.4224394Z # todo 0
2026-09-12T04:35:15.4224560Z # duration_ms 18148.392453
2026-09-12T04:35:15.4982242Z 
2026-09-12T04:35:15.4982755Z > ushso@0.1.0 test:evaluation
2026-09-12T04:35:15.4983337Z > node --test evaluation/baseline/v0.1.0/tests/*.test.mjs
2026-09-12T04:35:15.4983666Z 
2026-09-12T04:35:15.5303328Z TAP version 13
2026-09-12T04:35:15.6884096Z # Subtest: Pennsylvania finance and utilization resolves the required MVP bundle
2026-09-12T04:35:15.6884910Z ok 1 - Pennsylvania finance and utilization resolves the required MVP bundle
2026-09-12T04:35:15.6885359Z   ---
2026-09-12T04:35:15.6885644Z   duration_ms: 123.784612
2026-09-12T04:35:15.6885929Z   type: 'test'
2026-09-12T04:35:15.6886163Z   ...
2026-09-12T04:35:15.7183800Z # Subtest: geography alone cannot turn nonsense into relevant results
2026-09-12T04:35:15.7184380Z ok 2 - geography alone cannot turn nonsense into relevant results
2026-09-12T04:35:15.7185384Z   ---
2026-09-12T04:35:15.7185612Z   duration_ms: 31.896858
2026-09-12T04:35:15.7185814Z   type: 'test'
2026-09-12T04:35:15.7186089Z   ...
2026-09-12T04:35:15.7201544Z # Subtest: published baseline covers all frozen questions without external work
2026-09-12T04:35:15.7204310Z ok 3 - published baseline covers all frozen questions without external work
2026-09-12T04:35:15.7205471Z   ---
2026-09-12T04:35:15.7205687Z   duration_ms: 2.30178
2026-09-12T04:35:15.7205877Z   type: 'test'
2026-09-12T04:35:15.7206136Z   ...
2026-09-12T04:35:15.7294884Z 1..3
2026-09-12T04:35:15.7295160Z # tests 3
2026-09-12T04:35:15.7295346Z # suites 0
2026-09-12T04:35:15.7296540Z # pass 3
2026-09-12T04:35:15.7296778Z # fail 0
2026-09-12T04:35:15.7297740Z # cancelled 0
2026-09-12T04:35:15.7298051Z # skipped 0
2026-09-12T04:35:15.7298304Z # todo 0
2026-09-12T04:35:15.7298592Z # duration_ms 208.163365
2026-09-12T04:35:15.8095474Z 
2026-09-12T04:35:15.8095974Z > ushso@0.1.0 validate:evaluation
2026-09-12T04:35:15.8096636Z > node evaluation/baseline/v0.1.0/tools/validate-baseline.mjs
2026-09-12T04:35:15.8096851Z 
2026-09-12T04:35:15.8371718Z {
2026-09-12T04:35:15.8372017Z   "status": "PASS",
2026-09-12T04:35:15.8372267Z   "checks": 11,
2026-09-12T04:35:15.8372451Z   "question_count": 60
2026-09-12T04:35:15.8372639Z }
2026-09-12T04:35:15.9165177Z 
2026-09-12T04:35:15.9165772Z > ushso@0.1.0 verify:research-navigator
2026-09-12T04:35:15.9166335Z > node scripts/run-contract-suites.mjs --all
2026-09-12T04:35:15.9166811Z 
2026-09-12T04:35:15.9544320Z 
2026-09-12T04:35:15.9544852Z [verify] contracts/core/v1.0.0 :: test
2026-09-12T04:35:16.8745055Z 
2026-09-12T04:35:16.8745808Z > @hackyard/observatory-core-contract@1.0.0 test
2026-09-12T04:35:16.8746207Z > node --test tests/*.test.mjs
2026-09-12T04:35:16.8746486Z 
2026-09-12T04:35:16.8746571Z TAP version 13
2026-09-12T04:35:16.8746817Z # Subtest: strict Draft 2020-12 schemas compile
2026-09-12T04:35:16.8747114Z ok 1 - strict Draft 2020-12 schemas compile
2026-09-12T04:35:16.8747334Z   ---
2026-09-12T04:35:16.8747511Z   duration_ms: 42.837689
2026-09-12T04:35:16.8747712Z   type: 'test'
2026-09-12T04:35:16.8747870Z   ...
2026-09-12T04:35:16.8748198Z # Subtest: all object roles exist and native identifiers remain exact source values
2026-09-12T04:35:16.8748665Z ok 2 - all object roles exist and native identifiers remain exact source values
2026-09-12T04:35:16.8748963Z   ---
2026-09-12T04:35:16.8749119Z   duration_ms: 2.032375
2026-09-12T04:35:16.8749298Z   type: 'test'
2026-09-12T04:35:16.8749458Z   ...
2026-09-12T04:35:16.8749813Z # Subtest: assertion and access supersession preserves both generations bidirectionally
2026-09-12T04:35:16.8750322Z ok 3 - assertion and access supersession preserves both generations bidirectionally
2026-09-12T04:35:16.8750872Z   ---
2026-09-12T04:35:16.8751030Z   duration_ms: 1.448323
2026-09-12T04:35:16.8751206Z   type: 'test'
2026-09-12T04:35:16.8751362Z   ...
2026-09-12T04:35:16.8751679Z # Subtest: access separates visibility, data access, and infrastructure evidence
2026-09-12T04:35:16.8752138Z ok 4 - access separates visibility, data access, and infrastructure evidence
2026-09-12T04:35:16.8752431Z   ---
2026-09-12T04:35:16.8752588Z   duration_ms: 1.282664
2026-09-12T04:35:16.8752760Z   type: 'test'
2026-09-12T04:35:16.8752911Z   ...
2026-09-12T04:35:16.8753215Z # Subtest: identity candidate remains unresolved rather than becoming a merge
2026-09-12T04:35:16.8753650Z ok 5 - identity candidate remains unresolved rather than becoming a merge
2026-09-12T04:35:16.8753950Z   ---
2026-09-12T04:35:16.8754106Z   duration_ms: 1.2336
2026-09-12T04:35:16.8754285Z   type: 'test'
2026-09-12T04:35:16.8754443Z   ...
2026-09-12T04:35:16.8754751Z # Subtest: search record is explicitly a denormalized non-truth projection
2026-09-12T04:35:16.8755184Z ok 6 - search record is explicitly a denormalized non-truth projection
2026-09-12T04:35:16.8755462Z   ---
2026-09-12T04:35:16.8755616Z   duration_ms: 1.444398
2026-09-12T04:35:16.8755793Z   type: 'test'
2026-09-12T04:35:16.8755944Z   ...
2026-09-12T04:35:16.8756201Z # Subtest: payloads and invalid identity promotion fail closed
2026-09-12T04:35:16.8757373Z ok 7 - payloads and invalid identity promotion fail closed
2026-09-12T04:35:16.8757632Z   ---
2026-09-12T04:35:16.8757787Z   duration_ms: 2.797778
2026-09-12T04:35:16.8757965Z   type: 'test'
2026-09-12T04:35:16.8758118Z   ...
2026-09-12T04:35:16.8758420Z # Subtest: package validates and fixture build is deterministic/offline-only
2026-09-12T04:35:16.8758854Z ok 8 - package validates and fixture build is deterministic/offline-only
2026-09-12T04:35:16.8759134Z   ---
2026-09-12T04:35:16.8759289Z   duration_ms: 618.443523
2026-09-12T04:35:16.8759473Z   type: 'test'
2026-09-12T04:35:16.8759625Z   ...
2026-09-12T04:35:16.8759919Z 1..8
2026-09-12T04:35:16.8760065Z # tests 8
2026-09-12T04:35:16.8760215Z # suites 0
2026-09-12T04:35:16.8760372Z # pass 8
2026-09-12T04:35:16.8760517Z # fail 0
2026-09-12T04:35:16.8760664Z # cancelled 0
2026-09-12T04:35:16.8760824Z # skipped 0
2026-09-12T04:35:16.8760969Z # todo 0
2026-09-12T04:35:16.8761134Z # duration_ms 744.327305
2026-09-12T04:35:16.9418916Z 
2026-09-12T04:35:16.9419727Z [verify] contracts/core/v1.0.0 :: validate
2026-09-12T04:35:17.2725069Z 
2026-09-12T04:35:17.2725755Z > @hackyard/observatory-core-contract@1.0.0 validate
2026-09-12T04:35:17.2728372Z > node tools/validate-package.mjs
2026-09-12T04:35:17.2728685Z 
2026-09-12T04:35:17.2728811Z {
2026-09-12T04:35:17.2729186Z   "report_version": "observatory-core-validation.v1",
2026-09-12T04:35:17.2729744Z   "contract_version": "observatory-core-contract.v1.0.0",
2026-09-12T04:35:17.2730138Z   "offline": true,
2026-09-12T04:35:17.2730316Z   "valid": true,
2026-09-12T04:35:17.2730490Z   "schema_count": 12,
2026-09-12T04:35:17.2730710Z   "record_counts": {
2026-09-12T04:35:17.2730913Z     "AccessObservation": 2,
2026-09-12T04:35:17.2731112Z     "Assertion": 4,
2026-09-12T04:35:17.2731279Z     "Evidence": 4,
2026-09-12T04:35:17.2731454Z     "ObservatoryObject": 11,
2026-09-12T04:35:17.2731651Z     "Relationship": 10
2026-09-12T04:35:17.2731827Z   },
2026-09-12T04:35:17.2731994Z   "checks": [
2026-09-12T04:35:17.2732179Z     "strict-draft-2020-12",
2026-09-12T04:35:17.2732383Z     "all-typed-roles",
2026-09-12T04:35:17.2732602Z     "exact-native-id-preservation",
2026-09-12T04:35:17.2732843Z     "referential-integrity",
2026-09-12T04:35:17.2733048Z     "evidence-linkage",
2026-09-12T04:35:17.2733241Z     "no-payload-keys",
2026-09-12T04:35:17.2733453Z     "bidirectional-supersession",
2026-09-12T04:35:17.2733680Z     "supersession-acyclic",
2026-09-12T04:35:17.2733912Z     "identity-candidates-not-merged",
2026-09-12T04:35:17.2734156Z     "access-state-separation",
2026-09-12T04:35:17.2734396Z     "search-view-not-source-truth",
2026-09-12T04:35:17.2734863Z     "deterministic-bundle",
2026-09-12T04:35:17.2735064Z     "build-receipt-hashes",
2026-09-12T04:35:17.2735260Z     "package-manifest-hashes"
2026-09-12T04:35:17.2735457Z   ],
2026-09-12T04:35:17.2735616Z   "errors": [],
2026-09-12T04:35:17.2735813Z   "package_manifest_checked": true
2026-09-12T04:35:17.2736023Z }
2026-09-12T04:35:17.3307270Z 
2026-09-12T04:35:17.3307768Z [verify] contracts/core/v2.0.0 :: test
2026-09-12T04:35:18.3612078Z 
2026-09-12T04:35:18.3612627Z > @ushso/core-contract@2.0.0 test
2026-09-12T04:35:18.3613079Z > node --test tests/*.test.mjs
2026-09-12T04:35:18.3613289Z 
2026-09-12T04:35:18.3613369Z TAP version 13
2026-09-12T04:35:18.3613993Z # Subtest: all strict Draft 2020-12 schemas compile and entity boundaries deny unevaluated properties
2026-09-12T04:35:18.3614884Z ok 1 - all strict Draft 2020-12 schemas compile and entity boundaries deny unevaluated properties
2026-09-12T04:35:18.3615425Z   ---
2026-09-12T04:35:18.3615709Z   duration_ms: 173.550723
2026-09-12T04:35:18.3615999Z   type: 'test'
2026-09-12T04:35:18.3616232Z   ...
2026-09-12T04:35:18.3616913Z # Subtest: valid fixture bundle passes schema and all semantic invariants
2026-09-12T04:35:18.3617586Z ok 2 - valid fixture bundle passes schema and all semantic invariants
2026-09-12T04:35:18.3618015Z   ---
2026-09-12T04:35:18.3618244Z   duration_ms: 146.429991
2026-09-12T04:35:18.3618513Z   type: 'test'
2026-09-12T04:35:18.3618739Z   ...
2026-09-12T04:35:18.3619237Z # Subtest: the fixture preserves append-only, bidirectional, acyclic supersession
2026-09-12T04:35:18.3619726Z ok 3 - the fixture preserves append-only, bidirectional, acyclic supersession
2026-09-12T04:35:18.3620051Z   ---
2026-09-12T04:35:18.3620224Z   duration_ms: 1.64437
2026-09-12T04:35:18.3620409Z   type: 'test'
2026-09-12T04:35:18.3620573Z   ...
2026-09-12T04:35:18.3620939Z # Subtest: access visibility, payload access, authorization, and execution stay separate
2026-09-12T04:35:18.3621697Z ok 4 - access visibility, payload access, authorization, and execution stay separate
2026-09-12T04:35:18.3622021Z   ---
2026-09-12T04:35:18.3622175Z   duration_ms: 1.08156
2026-09-12T04:35:18.3622349Z   type: 'test'
2026-09-12T04:35:18.3622497Z   ...
2026-09-12T04:35:18.3622839Z # Subtest: identity candidates, family membership, and join compatibility are orthogonal
2026-09-12T04:35:18.3623334Z ok 5 - identity candidates, family membership, and join compatibility are orthogonal
2026-09-12T04:35:18.3623641Z   ---
2026-09-12T04:35:18.3623795Z   duration_ms: 2.373208
2026-09-12T04:35:18.3623974Z   type: 'test'
2026-09-12T04:35:18.3624131Z   ...
2026-09-12T04:35:18.3624428Z # Subtest: every sealed adversarial case is rejected with every named code
2026-09-12T04:35:18.3624848Z ok 6 - every sealed adversarial case is rejected with every named code
2026-09-12T04:35:18.3625119Z   ---
2026-09-12T04:35:18.3625276Z   duration_ms: 107.55369
2026-09-12T04:35:18.3625453Z   type: 'test'
2026-09-12T04:35:18.3625604Z   ...
2026-09-12T04:35:18.3625989Z # Subtest: canonical content fingerprints are key-order independent but exact file hashes are not
2026-09-12T04:35:18.3627040Z ok 7 - canonical content fingerprints are key-order independent but exact file hashes are not
2026-09-12T04:35:18.3627498Z   ---
2026-09-12T04:35:18.3627729Z   duration_ms: 0.514365
2026-09-12T04:35:18.3628003Z   type: 'test'
2026-09-12T04:35:18.3628164Z   ...
2026-09-12T04:35:18.3628554Z # Subtest: fixture build is deterministic and fails closed for network, payload, and analysis modes
2026-09-12T04:35:18.3629139Z ok 8 - fixture build is deterministic and fails closed for network, payload, and analysis modes
2026-09-12T04:35:18.3629600Z   ---
2026-09-12T04:35:18.3629785Z   duration_ms: 188.298487
2026-09-12T04:35:18.3630066Z   type: 'test'
2026-09-12T04:35:18.3630250Z   ...
2026-09-12T04:35:18.3630640Z # Subtest: package manifest, build receipt, fixtures, and semantic validator produce a clean receipt
2026-09-12T04:35:18.3631210Z ok 9 - package manifest, build receipt, fixtures, and semantic validator produce a clean receipt
2026-09-12T04:35:18.3631959Z   ---
2026-09-12T04:35:18.3632129Z   duration_ms: 158.548788
2026-09-12T04:35:18.3632312Z   type: 'test'
2026-09-12T04:35:18.3632470Z   ...
2026-09-12T04:35:18.3632625Z 1..9
2026-09-12T04:35:18.3632792Z # tests 9
2026-09-12T04:35:18.3632942Z # suites 0
2026-09-12T04:35:18.3640352Z # pass 9
2026-09-12T04:35:18.3640616Z # fail 0
2026-09-12T04:35:18.3640788Z # cancelled 0
2026-09-12T04:35:18.3640971Z # skipped 0
2026-09-12T04:35:18.3641189Z # todo 0
2026-09-12T04:35:18.3641443Z # duration_ms 859.925408
2026-09-12T04:35:18.4297629Z 
2026-09-12T04:35:18.4298137Z [verify] contracts/core/v2.0.0 :: validate
2026-09-12T04:35:18.8755442Z 
2026-09-12T04:35:18.8756028Z > @ushso/core-contract@2.0.0 validate
2026-09-12T04:35:18.8756721Z > node tools/validate-package.mjs
2026-09-12T04:35:18.8756978Z 
2026-09-12T04:35:18.8757053Z {
2026-09-12T04:35:18.8757315Z   "report_version": "observatory-core-validation.v2.0.0",
2026-09-12T04:35:18.8757694Z   "contract_version": "observatory-core.v2.0.0",
2026-09-12T04:35:18.8757973Z   "offline": true,
2026-09-12T04:35:18.8758144Z   "valid": true,
2026-09-12T04:35:18.8758314Z   "schema_count": 20,
2026-09-12T04:35:18.8758491Z   "record_counts": {
2026-09-12T04:35:18.8758675Z     "organizations": 1,
2026-09-12T04:35:18.8758869Z     "sources": 1,
2026-09-12T04:35:18.8759035Z     "assets": 2,
2026-09-12T04:35:18.8759198Z     "releases": 2,
2026-09-12T04:35:18.8759368Z     "distributions": 2,
2026-09-12T04:35:18.8759546Z     "documentation": 1,
2026-09-12T04:35:18.8759724Z     "schema_snapshots": 2,
2026-09-12T04:35:18.8759925Z     "schema_fields": 2,
2026-09-12T04:35:18.8760105Z     "access_routes": 2,
2026-09-12T04:35:18.8760285Z     "access_observations": 2,
2026-09-12T04:35:18.8760479Z     "evidence": 7,
2026-09-12T04:35:18.8760654Z     "assertions": 2,
2026-09-12T04:35:18.8760840Z     "relationships": 4
2026-09-12T04:35:18.8761024Z   },
2026-09-12T04:35:18.8761203Z   "adversarial_case_count": 10,
2026-09-12T04:35:18.8761637Z   "checks": [
2026-09-12T04:35:18.8761874Z     "strict-draft-2020-12-unevaluated-properties",
2026-09-12T04:35:18.8762155Z     "four-clock-temporal-order",
2026-09-12T04:35:18.8762417Z     "append-only-bidirectional-acyclic-history",
2026-09-12T04:35:18.8762712Z     "evidence-resolution-and-claim-paths",
2026-09-12T04:35:18.8762975Z     "exact-source-native-identifiers",
2026-09-12T04:35:18.8763256Z     "visibility-access-authorization-separation",
2026-09-12T04:35:18.8763534Z     "unknown-state-preservation",
2026-09-12T04:35:18.8763781Z     "identity-family-join-orthogonality",
2026-09-12T04:35:18.8764036Z     "join-evidence-non-upgrade",
2026-09-12T04:35:18.8764285Z     "metadata-only-no-analysis-boundary",
2026-09-12T04:35:18.8764556Z     "canonical-record-content-fingerprints",
2026-09-12T04:35:18.8764798Z     "exact-file-byte-sha256",
2026-09-12T04:35:18.8765025Z     "adversarial-rejection-corpus",
2026-09-12T04:35:18.8765284Z     "package-manifest-inventory-and-digests"
2026-09-12T04:35:18.8765508Z   ],
2026-09-12T04:35:18.8765675Z   "errors": [],
2026-09-12T04:35:18.8765873Z   "package_manifest_checked": true
2026-09-12T04:35:18.8766077Z }
2026-09-12T04:35:18.9449991Z 
2026-09-12T04:35:18.9450494Z [verify] contracts/coverage/v1.0.0 :: test
2026-09-12T04:35:20.1204640Z 
2026-09-12T04:35:20.1205203Z > @ushso/coverage-contract@1.0.0 test
2026-09-12T04:35:20.1205680Z > node --test tests/*.test.mjs
2026-09-12T04:35:20.1205902Z 
2026-09-12T04:35:20.1206006Z TAP version 13
2026-09-12T04:35:20.1206803Z # Subtest: all strict JSON Schema 2020-12 contracts compile and the complete fixture validates
2026-09-12T04:35:20.1207596Z ok 1 - all strict JSON Schema 2020-12 contracts compile and the complete fixture validates
2026-09-12T04:35:20.1208092Z   ---
2026-09-12T04:35:20.1208341Z   duration_ms: 537.632234
2026-09-12T04:35:20.1208632Z   type: 'test'
2026-09-12T04:35:20.1208881Z   ...
2026-09-12T04:35:20.1209188Z # Subtest: schemas reject unexpected properties and denominator omission
2026-09-12T04:35:20.1209638Z ok 2 - schemas reject unexpected properties and denominator omission
2026-09-12T04:35:20.1210361Z   ---
2026-09-12T04:35:20.1210525Z   duration_ms: 1.42568
2026-09-12T04:35:20.1210819Z   type: 'test'
2026-09-12T04:35:20.1210993Z   ...
2026-09-12T04:35:20.1211309Z # Subtest: all 18 glossary metrics and both exhaustive equations are frozen
2026-09-12T04:35:20.1212002Z ok 3 - all 18 glossary metrics and both exhaustive equations are frozen
2026-09-12T04:35:20.1212402Z   ---
2026-09-12T04:35:20.1212569Z   duration_ms: 1.708776
2026-09-12T04:35:20.1212755Z   type: 'test'
2026-09-12T04:35:20.1212975Z   ...
2026-09-12T04:35:20.1213453Z # Subtest: state/federal matrix preserves exactly the seven canonical assessment values
2026-09-12T04:35:20.1214138Z ok 4 - state/federal matrix preserves exactly the seven canonical assessment values
2026-09-12T04:35:20.1214572Z   ---
2026-09-12T04:35:20.1214737Z   duration_ms: 1.12742
2026-09-12T04:35:20.1214924Z   type: 'test'
2026-09-12T04:35:20.1215164Z   ...
2026-09-12T04:35:20.1215858Z # Subtest: canonical digest domains distinguish logical objects, membership manifests, snapshots, and file bytes
2026-09-12T04:35:20.1216823Z ok 5 - canonical digest domains distinguish logical objects, membership manifests, snapshots, and file bytes
2026-09-12T04:35:20.1217317Z   ---
2026-09-12T04:35:20.1217524Z   duration_ms: 11.223833
2026-09-12T04:35:20.1217740Z   type: 'test'
2026-09-12T04:35:20.1217976Z   ...
2026-09-12T04:35:20.1218335Z # Subtest: every adversarial fixture is rejected by its named schema or semantic invariant
2026-09-12T04:35:20.1218836Z ok 6 - every adversarial fixture is rejected by its named schema or semantic invariant
2026-09-12T04:35:20.1219301Z   ---
2026-09-12T04:35:20.1219540Z   duration_ms: 351.399349
2026-09-12T04:35:20.1219734Z   type: 'test'
2026-09-12T04:35:20.1219888Z   ...
2026-09-12T04:35:20.1220334Z # Subtest: valid fixture exposes explicit unknown, not-applicable, excluded, unclassified, overlap, and absence fields
2026-09-12T04:35:20.1221428Z ok 7 - valid fixture exposes explicit unknown, not-applicable, excluded, unclassified, overlap, and absence fields
2026-09-12T04:35:20.1221840Z   ---
2026-09-12T04:35:20.1221996Z   duration_ms: 16.512007
2026-09-12T04:35:20.1222174Z   type: 'test'
2026-09-12T04:35:20.1222393Z   ...
2026-09-12T04:35:20.1222951Z # Subtest: package manifest covers every normative file by exact byte count and SHA-256
2026-09-12T04:35:20.1223453Z ok 8 - package manifest covers every normative file by exact byte count and SHA-256
2026-09-12T04:35:20.1223761Z   ---
2026-09-12T04:35:20.1224001Z   duration_ms: 9.146086
2026-09-12T04:35:20.1224242Z   type: 'test'
2026-09-12T04:35:20.1224396Z   ...
2026-09-12T04:35:20.1224573Z 1..8
2026-09-12T04:35:20.1224795Z # tests 8
2026-09-12T04:35:20.1224963Z # suites 0
2026-09-12T04:35:20.1225115Z # pass 8
2026-09-12T04:35:20.1225259Z # fail 0
2026-09-12T04:35:20.1225408Z # cancelled 0
2026-09-12T04:35:20.1225563Z # skipped 0
2026-09-12T04:35:20.1225716Z # todo 0
2026-09-12T04:35:20.1225981Z # duration_ms 1005.697387
2026-09-12T04:35:20.1831352Z 
2026-09-12T04:35:20.1831928Z [verify] contracts/coverage/v1.0.0 :: validate
2026-09-12T04:35:20.9102062Z 
2026-09-12T04:35:20.9102676Z > @ushso/coverage-contract@1.0.0 validate
2026-09-12T04:35:20.9103250Z > node tools/validate-package.mjs
2026-09-12T04:35:20.9103486Z 
2026-09-12T04:35:20.9103587Z {
2026-09-12T04:35:20.9103830Z   "receipt_version": "1.0.0",
2026-09-12T04:35:20.9104202Z   "package": "@ushso/coverage-contract",
2026-09-12T04:35:20.9104559Z   "package_version": "1.0.0",
2026-09-12T04:35:20.9104915Z   "validated_at": "2026-09-12T04:35:20.897Z",
2026-09-12T04:35:20.9105260Z   "valid": true,
2026-09-12T04:35:20.9105517Z   "schema_count": 11,
2026-09-12T04:35:20.9105822Z   "metric_definition_count": 18,
2026-09-12T04:35:20.9106172Z   "metric_instance_count": 18,
2026-09-12T04:35:20.9106685Z   "membership_manifest_count": 18,
2026-09-12T04:35:20.9106954Z   "source_scope_count": 5,
2026-09-12T04:35:20.9107149Z   "stage_fact_count": 18,
2026-09-12T04:35:20.9107363Z   "matrix_cell_count": 7,
2026-09-12T04:35:20.9107803Z   "canonical_coverage_cell_states": [
2026-09-12T04:35:20.9108034Z     "integrated",
2026-09-12T04:35:20.9108228Z     "candidate",
2026-09-12T04:35:20.9108399Z     "navigation_only",
2026-09-12T04:35:20.9108579Z     "evidence_gap",
2026-09-12T04:35:20.9108755Z     "inaccessible",
2026-09-12T04:35:20.9108919Z     "unknown",
2026-09-12T04:35:20.9109086Z     "not_assessed"
2026-09-12T04:35:20.9109245Z   ],
2026-09-12T04:35:20.9109425Z   "adversarial_case_count": 23,
2026-09-12T04:35:20.9109653Z   "adversarial_cases_rejected": 23,
2026-09-12T04:35:20.9109890Z   "partition_equations_verified": 2,
2026-09-12T04:35:20.9110109Z   "external_requests": 0,
2026-09-12T04:35:20.9110300Z   "errors": [],
2026-09-12T04:35:20.9110656Z   "package_manifest_sha256": "34a9988eb3e09cba5d5a4f084c7e919c6b36aa3c47f3260ee4e43ba3450b2da0",
2026-09-12T04:35:20.9111025Z   "adversarial_results": [
2026-09-12T04:35:20.9111212Z     {
2026-09-12T04:35:20.9111425Z       "id": "unit-mixing-member-versus-manifest",
2026-09-12T04:35:20.9111695Z       "expected_code": "UNIT_MIXING",
2026-09-12T04:35:20.9111917Z       "observed_codes": [
2026-09-12T04:35:20.9112147Z         "MEMBERSHIP_MANIFEST_DIGEST_MISMATCH",
2026-09-12T04:35:20.9112395Z         "SNAPSHOT_DIGEST_MISMATCH",
2026-09-12T04:35:20.9112597Z         "UNIT_MIXING"
2026-09-12T04:35:20.9112771Z       ],
2026-09-12T04:35:20.9112934Z       "passed": true
2026-09-12T04:35:20.9113111Z     },
2026-09-12T04:35:20.9113261Z     {
2026-09-12T04:35:20.9113461Z       "id": "denominator-definition-omission",
2026-09-12T04:35:20.9113718Z       "expected_code": "SCHEMA_INVALID",
2026-09-12T04:35:20.9113936Z       "observed_codes": [
2026-09-12T04:35:20.9114120Z         "SCHEMA_INVALID"
2026-09-12T04:35:20.9114301Z       ],
2026-09-12T04:35:20.9114455Z       "passed": true
2026-09-12T04:35:20.9114617Z     },
2026-09-12T04:35:20.9114760Z     {
2026-09-12T04:35:20.9114952Z       "id": "configured-partition-drift",
2026-09-12T04:35:20.9115344Z       "expected_code": "PARTITION_DRIFT",
2026-09-12T04:35:20.9115572Z       "observed_codes": [
2026-09-12T04:35:20.9115765Z         "PARTITION_DRIFT",
2026-09-12T04:35:20.9115975Z         "PARTITION_NOT_EXHAUSTIVE",
2026-09-12T04:35:20.9116201Z         "SNAPSHOT_DIGEST_MISMATCH"
2026-09-12T04:35:20.9116594Z       ],
2026-09-12T04:35:20.9116815Z       "passed": true
2026-09-12T04:35:20.9117042Z     },
2026-09-12T04:35:20.9117217Z     {
2026-09-12T04:35:20.9117416Z       "id": "failed-enumeration-absence-claim",
2026-09-12T04:35:20.9117714Z       "expected_code": "FAILED_ENUMERATION_ABSENCE_CLAIM",
2026-09-12T04:35:20.9117960Z       "observed_codes": [
2026-09-12T04:35:20.9118169Z         "FAILED_ENUMERATION_ABSENCE_CLAIM",
2026-09-12T04:35:20.9118420Z         "MEMBERSHIP_MANIFEST_DIGEST_MISMATCH",
2026-09-12T04:35:20.9118678Z         "PARTIAL_ENUMERATION_LABEL_MISSING",
2026-09-12T04:35:20.9118917Z         "SNAPSHOT_DIGEST_MISMATCH"
2026-09-12T04:35:20.9119112Z       ],
2026-09-12T04:35:20.9119259Z       "passed": true
2026-09-12T04:35:20.9119425Z     },
2026-09-12T04:35:20.9119573Z     {
2026-09-12T04:35:20.9119766Z       "id": "upstream-exclusion-laundering",
2026-09-12T04:35:20.9120015Z       "expected_code": "EXCLUSION_LAUNDERING",
2026-09-12T04:35:20.9120236Z       "observed_codes": [
2026-09-12T04:35:20.9120434Z         "DENOMINATOR_COUNT_MISMATCH",
2026-09-12T04:35:20.9120658Z         "EXCLUSION_LAUNDERING",
2026-09-12T04:35:20.9120887Z         "MEMBERSHIP_MANIFEST_DIGEST_MISMATCH",
2026-09-12T04:35:20.9121109Z         "PARTITION_DRIFT",
2026-09-12T04:35:20.9121309Z         "SNAPSHOT_DIGEST_MISMATCH"
2026-09-12T04:35:20.9121499Z       ],
2026-09-12T04:35:20.9121647Z       "passed": true
2026-09-12T04:35:20.9121805Z     },
2026-09-12T04:35:20.9121947Z     {
2026-09-12T04:35:20.9122152Z       "id": "overlapping-total-marked-additive",
2026-09-12T04:35:20.9122428Z       "expected_code": "OVERLAPPING_ADDITIVE_TOTAL",
2026-09-12T04:35:20.9122668Z       "observed_codes": [
2026-09-12T04:35:20.9122870Z         "OVERLAPPING_ADDITIVE_TOTAL",
2026-09-12T04:35:20.9123232Z         "OVERLAP_DISCLOSURE_MISMATCH",
2026-09-12T04:35:20.9123457Z         "SNAPSHOT_DIGEST_MISMATCH"
2026-09-12T04:35:20.9123649Z       ],
2026-09-12T04:35:20.9123799Z       "passed": true
2026-09-12T04:35:20.9123957Z     },
2026-09-12T04:35:20.9124097Z     {
2026-09-12T04:35:20.9124316Z       "id": "zero-denominator-published-as-percentage",
2026-09-12T04:35:20.9124615Z       "expected_code": "ZERO_DENOMINATOR_PERCENTAGE",
2026-09-12T04:35:20.9124857Z       "observed_codes": [
2026-09-12T04:35:20.9125074Z         "MEMBERSHIP_MANIFEST_DIGEST_MISMATCH",
2026-09-12T04:35:20.9125337Z         "NUMERATOR_EXCEEDS_DENOMINATOR",
2026-09-12T04:35:20.9125569Z         "NUMERATOR_OUTSIDE_DENOMINATOR",
2026-09-12T04:35:20.9125792Z         "SNAPSHOT_DIGEST_MISMATCH",
2026-09-12T04:35:20.9126019Z         "ZERO_DENOMINATOR_PERCENTAGE"
2026-09-12T04:35:20.9126219Z       ],
2026-09-12T04:35:20.9126633Z       "passed": true
2026-09-12T04:35:20.9126812Z     },
2026-09-12T04:35:20.9126963Z     {
2026-09-12T04:35:20.9127155Z       "id": "stale-policy-pin-mismatch",
2026-09-12T04:35:20.9127421Z       "expected_code": "STALE_POLICY_PIN_MISMATCH",
2026-09-12T04:35:20.9127664Z       "observed_codes": [
2026-09-12T04:35:20.9127877Z         "MEMBERSHIP_MANIFEST_DIGEST_MISMATCH",
2026-09-12T04:35:20.9128112Z         "SNAPSHOT_DIGEST_MISMATCH",
2026-09-12T04:35:20.9128329Z         "STALE_POLICY_PIN_MISMATCH"
2026-09-12T04:35:20.9128515Z       ],
2026-09-12T04:35:20.9128664Z       "passed": true
2026-09-12T04:35:20.9128834Z     },
2026-09-12T04:35:20.9128978Z     {
2026-09-12T04:35:20.9129171Z       "id": "unknown-folded-out-of-partition",
2026-09-12T04:35:20.9129439Z       "expected_code": "UNKNOWN_COUNT_MISMATCH",
2026-09-12T04:35:20.9129661Z       "observed_codes": [
2026-09-12T04:35:20.9129855Z         "SNAPSHOT_DIGEST_MISMATCH",
2026-09-12T04:35:20.9130079Z         "UNKNOWN_COUNT_MISMATCH"
2026-09-12T04:35:20.9130264Z       ],
2026-09-12T04:35:20.9130412Z       "passed": true
2026-09-12T04:35:20.9130683Z     },
2026-09-12T04:35:20.9130835Z     {
2026-09-12T04:35:20.9131040Z       "id": "not-applicable-folded-out-of-partition",
2026-09-12T04:35:20.9131348Z       "expected_code": "NOT_APPLICABLE_COUNT_MISMATCH",
2026-09-12T04:35:20.9131590Z       "observed_codes": [
2026-09-12T04:35:20.9131788Z         "NOT_APPLICABLE_COUNT_MISMATCH",
2026-09-12T04:35:20.9132017Z         "SNAPSHOT_DIGEST_MISMATCH"
2026-09-12T04:35:20.9132211Z       ],
2026-09-12T04:35:20.9132356Z       "passed": true
2026-09-12T04:35:20.9132513Z     },
2026-09-12T04:35:20.9132655Z     {
2026-09-12T04:35:20.9132844Z       "id": "unclassified-member-disappears",
2026-09-12T04:35:20.9133116Z       "expected_code": "UNCLASSIFIED_COUNT_MISMATCH",
2026-09-12T04:35:20.9133351Z       "observed_codes": [
2026-09-12T04:35:20.9133545Z         "SNAPSHOT_DIGEST_MISMATCH",
2026-09-12T04:35:20.9133763Z         "UNCLASSIFIED_COUNT_MISMATCH"
2026-09-12T04:35:20.9133957Z       ],
2026-09-12T04:35:20.9134118Z       "passed": true
2026-09-12T04:35:20.9134289Z     },
2026-09-12T04:35:20.9134447Z     {
2026-09-12T04:35:20.9134671Z       "id": "membership-manifest-digest-does-not-resolve",
2026-09-12T04:35:20.9135003Z       "expected_code": "MEMBERSHIP_MANIFEST_DIGEST_MISMATCH",
2026-09-12T04:35:20.9135266Z       "observed_codes": [
2026-09-12T04:35:20.9135486Z         "MEMBERSHIP_MANIFEST_DIGEST_MISMATCH",
2026-09-12T04:35:20.9135731Z         "SNAPSHOT_DIGEST_MISMATCH"
2026-09-12T04:35:20.9135926Z       ],
2026-09-12T04:35:20.9136079Z       "passed": true
2026-09-12T04:35:20.9136244Z     },
2026-09-12T04:35:20.9137436Z     {
2026-09-12T04:35:20.9137716Z       "id": "duplicate-membership-key",
2026-09-12T04:35:20.9137987Z       "expected_code": "DUPLICATE_MEMBER_KEY",
2026-09-12T04:35:20.9138226Z       "observed_codes": [
2026-09-12T04:35:20.9138439Z         "DENOMINATOR_COUNT_MISMATCH",
2026-09-12T04:35:20.9138666Z         "DUPLICATE_MEMBER_KEY",
2026-09-12T04:35:20.9138898Z         "MEMBERSHIP_MANIFEST_DIGEST_MISMATCH",
2026-09-12T04:35:20.9139143Z         "NUMERATOR_COUNT_MISMATCH",
2026-09-12T04:35:20.9139519Z         "SNAPSHOT_DIGEST_MISMATCH"
2026-09-12T04:35:20.9139719Z       ],
2026-09-12T04:35:20.9139875Z       "passed": true
2026-09-12T04:35:20.9140047Z     },
2026-09-12T04:35:20.9140193Z     {
2026-09-12T04:35:20.9140400Z       "id": "downstream-filter-applied-upstream",
2026-09-12T04:35:20.9140710Z       "expected_code": "COHORT_FILTER_STAGE_OVERCLAIM",
2026-09-12T04:35:20.9140967Z       "observed_codes": [
2026-09-12T04:35:20.9141178Z         "COHORT_FILTER_STAGE_OVERCLAIM",
2026-09-12T04:35:20.9141430Z         "MEMBERSHIP_MANIFEST_DIGEST_MISMATCH",
2026-09-12T04:35:20.9141676Z         "SNAPSHOT_DIGEST_MISMATCH"
2026-09-12T04:35:20.9141870Z       ],
2026-09-12T04:35:20.9142024Z       "passed": true
2026-09-12T04:35:20.9142197Z     },
2026-09-12T04:35:20.9142342Z     {
2026-09-12T04:35:20.9142546Z       "id": "source-scope-failure-claims-absence",
2026-09-12T04:35:20.9142843Z       "expected_code": "FAILED_ENUMERATION_ABSENCE_CLAIM",
2026-09-12T04:35:20.9143095Z       "observed_codes": [
2026-09-12T04:35:20.9143312Z         "FAILED_ENUMERATION_ABSENCE_CLAIM"
2026-09-12T04:35:20.9143523Z       ],
2026-09-12T04:35:20.9143672Z       "passed": true
2026-09-12T04:35:20.9143831Z     },
2026-09-12T04:35:20.9143973Z     {
2026-09-12T04:35:20.9144159Z       "id": "eighth-coverage-cell-state",
2026-09-12T04:35:20.9144401Z       "expected_code": "SCHEMA_INVALID",
2026-09-12T04:35:20.9144622Z       "observed_codes": [
2026-09-12T04:35:20.9144807Z         "SCHEMA_INVALID"
2026-09-12T04:35:20.9144979Z       ],
2026-09-12T04:35:20.9145127Z       "passed": true
2026-09-12T04:35:20.9145335Z     },
2026-09-12T04:35:20.9145480Z     {
2026-09-12T04:35:20.9145689Z       "id": "matrix-failed-enumeration-claims-absence",
2026-09-12T04:35:20.9146003Z       "expected_code": "FAILED_ENUMERATION_ABSENCE_CLAIM",
2026-09-12T04:35:20.9146260Z       "observed_codes": [
2026-09-12T04:35:20.9146730Z         "FAILED_ENUMERATION_ABSENCE_CLAIM",
2026-09-12T04:35:20.9147321Z         "MATRIX_STATE_ABSENCE_OVERCLAIM"
2026-09-12T04:35:20.9147689Z       ],
2026-09-12T04:35:20.9147936Z       "passed": true
2026-09-12T04:35:20.9148223Z     },
2026-09-12T04:35:20.9148455Z     {
2026-09-12T04:35:20.9148764Z       "id": "matrix-overlap-marked-additive",
2026-09-12T04:35:20.9149213Z       "expected_code": "OVERLAPPING_ADDITIVE_TOTAL",
2026-09-12T04:35:20.9149596Z       "observed_codes": [
2026-09-12T04:35:20.9149931Z         "OVERLAPPING_ADDITIVE_TOTAL"
2026-09-12T04:35:20.9150270Z       ],
2026-09-12T04:35:20.9150480Z       "passed": true
2026-09-12T04:35:20.9150704Z     },
2026-09-12T04:35:20.9150910Z     {
2026-09-12T04:35:20.9151228Z       "id": "excluded-member-lacks-policy-evidence",
2026-09-12T04:35:20.9151687Z       "expected_code": "EXCLUSION_POLICY_EVIDENCE_MISSING",
2026-09-12T04:35:20.9152097Z       "observed_codes": [
2026-09-12T04:35:20.9152640Z         "EXCLUSION_POLICY_EVIDENCE_MISSING",
2026-09-12T04:35:20.9153049Z         "MEMBERSHIP_MANIFEST_DIGEST_MISMATCH",
2026-09-12T04:35:20.9153460Z         "SNAPSHOT_DIGEST_MISMATCH"
2026-09-12T04:35:20.9153772Z       ],
2026-09-12T04:35:20.9153979Z       "passed": true
2026-09-12T04:35:20.9154188Z     },
2026-09-12T04:35:20.9154369Z     {
2026-09-12T04:35:20.9154661Z       "id": "search-absence-lacks-generation-pin",
2026-09-12T04:35:20.9155074Z       "expected_code": "REQUIRED_REVISION_PIN_MISSING",
2026-09-12T04:35:20.9155419Z       "observed_codes": [
2026-09-12T04:35:20.9155735Z         "ABSENCE_INDEX_PIN_MISSING",
2026-09-12T04:35:20.9156088Z         "MEMBERSHIP_MANIFEST_DIGEST_MISMATCH",
2026-09-12T04:35:20.9156687Z         "REQUIRED_REVISION_PIN_MISSING",
2026-09-12T04:35:20.9157043Z         "REVISION_PIN_MISMATCH",
2026-09-12T04:35:20.9157369Z         "SNAPSHOT_DIGEST_MISMATCH"
2026-09-12T04:35:20.9157668Z       ],
2026-09-12T04:35:20.9157886Z       "passed": true
2026-09-12T04:35:20.9158121Z     },
2026-09-12T04:35:20.9158322Z     {
2026-09-12T04:35:20.9158591Z       "id": "absolute-count-invents-rate",
2026-09-12T04:35:20.9159022Z       "expected_code": "RATE_WITHOUT_DENOMINATOR",
2026-09-12T04:35:20.9159559Z       "observed_codes": [
2026-09-12T04:35:20.9159873Z         "RATE_WITHOUT_DENOMINATOR",
2026-09-12T04:35:20.9160223Z         "SNAPSHOT_DIGEST_MISMATCH"
2026-09-12T04:35:20.9160528Z       ],
2026-09-12T04:35:20.9160751Z       "passed": true
2026-09-12T04:35:20.9161007Z     },
2026-09-12T04:35:20.9161200Z     {
2026-09-12T04:35:20.9161412Z       "id": "estimated-denominator-lacks-evidence",
2026-09-12T04:35:20.9161704Z       "expected_code": "ESTIMATE_ASSERTION_MISSING",
2026-09-12T04:35:20.9162041Z       "observed_codes": [
2026-09-12T04:35:20.9162360Z         "ESTIMATE_ASSERTION_MISSING",
2026-09-12T04:35:20.9162873Z         "MEMBERSHIP_MANIFEST_DIGEST_MISMATCH",
2026-09-12T04:35:20.9163249Z         "SNAPSHOT_DIGEST_MISMATCH"
2026-09-12T04:35:20.9163559Z       ],
2026-09-12T04:35:20.9163800Z       "passed": true
2026-09-12T04:35:20.9164040Z     },
2026-09-12T04:35:20.9164246Z     {
2026-09-12T04:35:20.9164588Z       "id": "partition-member-has-unclassified-state",
2026-09-12T04:35:20.9165044Z       "expected_code": "PARTITION_STATE_INVALID",
2026-09-12T04:35:20.9165423Z       "observed_codes": [
2026-09-12T04:35:20.9165723Z         "MEMBERSHIP_MANIFEST_DIGEST_MISMATCH",
2026-09-12T04:35:20.9166112Z         "PARTITION_DRIFT",
2026-09-12T04:35:20.9166555Z         "PARTITION_NUMERATOR_DRIFT",
2026-09-12T04:35:20.9166950Z         "PARTITION_STATE_INVALID",
2026-09-12T04:35:20.9167271Z         "SNAPSHOT_DIGEST_MISMATCH"
2026-09-12T04:35:20.9167572Z       ],
2026-09-12T04:35:20.9167815Z       "passed": true
2026-09-12T04:35:20.9168066Z     }
2026-09-12T04:35:20.9168285Z   ]
2026-09-12T04:35:20.9168524Z }
2026-09-12T04:35:20.9719633Z 
2026-09-12T04:35:20.9720041Z [verify] contracts/identity/v1.0.0 :: test
2026-09-12T04:35:21.4567801Z 
2026-09-12T04:35:21.4568379Z > @ushso/identity-contract@1.0.0 test
2026-09-12T04:35:21.4568867Z > node --test tests/*.test.mjs
2026-09-12T04:35:21.4569075Z 
2026-09-12T04:35:21.4569194Z TAP version 13
2026-09-12T04:35:21.4570004Z # Subtest: strict JSON Schema 2020-12 package compiles and validates offline
2026-09-12T04:35:21.4570733Z ok 1 - strict JSON Schema 2020-12 package compiles and validates offline
2026-09-12T04:35:21.4571177Z   ---
2026-09-12T04:35:21.4571418Z   duration_ms: 183.917498
2026-09-12T04:35:21.4571647Z   type: 'test'
2026-09-12T04:35:21.4571806Z   ...
2026-09-12T04:35:21.4572109Z # Subtest: valid fixture has complete state coverage and no semantic errors
2026-09-12T04:35:21.4572541Z ok 2 - valid fixture has complete state coverage and no semantic errors
2026-09-12T04:35:21.4572811Z   ---
2026-09-12T04:35:21.4572967Z   duration_ms: 1.742648
2026-09-12T04:35:21.4573150Z   type: 'test'
2026-09-12T04:35:21.4573305Z   ...
2026-09-12T04:35:21.4573666Z # Subtest: all required adversarial identity, temporal, join, and reversal cases fail closed
2026-09-12T04:35:21.4574197Z ok 3 - all required adversarial identity, temporal, join, and reversal cases fail closed
2026-09-12T04:35:21.4574517Z   ---
2026-09-12T04:35:21.4574690Z   duration_ms: 35.088606
2026-09-12T04:35:21.4574890Z   type: 'test'
2026-09-12T04:35:21.4575057Z   ...
2026-09-12T04:35:21.4575407Z # Subtest: only exact policy and current same-identity review decisions project equality
2026-09-12T04:35:21.4575927Z ok 4 - only exact policy and current same-identity review decisions project equality
2026-09-12T04:35:21.4576235Z   ---
2026-09-12T04:35:21.4576997Z   duration_ms: 1.319389
2026-09-12T04:35:21.4577202Z   type: 'test'
2026-09-12T04:35:21.4577362Z   ...
2026-09-12T04:35:21.4577651Z # Subtest: reversal is append-only and rebuilds every dependent view
2026-09-12T04:35:21.4578056Z ok 5 - reversal is append-only and rebuilds every dependent view
2026-09-12T04:35:21.4578325Z   ---
2026-09-12T04:35:21.4578484Z   duration_ms: 1.571309
2026-09-12T04:35:21.4578672Z   type: 'test'
2026-09-12T04:35:21.4578845Z   ...
2026-09-12T04:35:21.4579143Z # Subtest: join routes are exact-field pinned and preserve orthogonal axes
2026-09-12T04:35:21.4579571Z ok 6 - join routes are exact-field pinned and preserve orthogonal axes
2026-09-12T04:35:21.4579990Z   ---
2026-09-12T04:35:21.4580145Z   duration_ms: 1.484919
2026-09-12T04:35:21.4580324Z   type: 'test'
2026-09-12T04:35:21.4580475Z   ...
2026-09-12T04:35:21.4580833Z # Subtest: stored manifest and receipt use deterministic, non-interchangeable digest domains
2026-09-12T04:35:21.4581359Z ok 7 - stored manifest and receipt use deterministic, non-interchangeable digest domains
2026-09-12T04:35:21.4581674Z   ---
2026-09-12T04:35:21.4581830Z   duration_ms: 8.658876
2026-09-12T04:35:21.4582015Z   type: 'test'
2026-09-12T04:35:21.4582176Z   ...
2026-09-12T04:35:21.4582453Z # Subtest: fixture package contains no downloaded source payloads
2026-09-12T04:35:21.4582833Z ok 8 - fixture package contains no downloaded source payloads
2026-09-12T04:35:21.4583090Z   ---
2026-09-12T04:35:21.4583251Z   duration_ms: 0.314655
2026-09-12T04:35:21.4583439Z   type: 'test'
2026-09-12T04:35:21.4583593Z   ...
2026-09-12T04:35:21.4583742Z 1..8
2026-09-12T04:35:21.4583898Z # tests 8
2026-09-12T04:35:21.4584050Z # suites 0
2026-09-12T04:35:21.4584202Z # pass 8
2026-09-12T04:35:21.4584370Z # fail 0
2026-09-12T04:35:21.4584524Z # cancelled 0
2026-09-12T04:35:21.4584680Z # skipped 0
2026-09-12T04:35:21.4584828Z # todo 0
2026-09-12T04:35:21.4584994Z # duration_ms 307.482218
2026-09-12T04:35:21.5190437Z 
2026-09-12T04:35:21.5190799Z [verify] contracts/identity/v1.0.0 :: validate
2026-09-12T04:35:21.8958004Z 
2026-09-12T04:35:21.8958459Z > @ushso/identity-contract@1.0.0 validate
2026-09-12T04:35:21.8958947Z > node tools/validate-package.mjs
2026-09-12T04:35:21.8959182Z 
2026-09-12T04:35:21.8959261Z {
2026-09-12T04:35:21.8959622Z   "receipt_version": "identity.validation-receipt.v1",
2026-09-12T04:35:21.8959989Z   "package_version": "1.0.0",
2026-09-12T04:35:21.8960313Z   "mode": "fixture_offline",
2026-09-12T04:35:21.8960588Z   "offline": true,
2026-09-12T04:35:21.8960766Z   "valid": true,
2026-09-12T04:35:21.8960936Z   "schema_count": 13,
2026-09-12T04:35:21.8961448Z   "fixture_record_count": 60,
2026-09-12T04:35:21.8961752Z   "positive_check_count": 118,
2026-09-12T04:35:21.8962061Z   "adversarial_check_count": 21,
2026-09-12T04:35:21.8962421Z   "adversarial_pass_count": 21,
2026-09-12T04:35:21.8962727Z   "failed_count": 0,
2026-09-12T04:35:21.8962993Z   "state_coverage": {
2026-09-12T04:35:21.8963261Z     "candidate_states": [
2026-09-12T04:35:21.8963544Z       "accepted",
2026-09-12T04:35:21.8963787Z       "deferred",
2026-09-12T04:35:21.8964033Z       "open",
2026-09-12T04:35:21.8964232Z       "rejected",
2026-09-12T04:35:21.8964402Z       "superseded"
2026-09-12T04:35:21.8964594Z     ],
2026-09-12T04:35:21.8964829Z     "decision_kinds": [
2026-09-12T04:35:21.8965059Z       "defer",
2026-09-12T04:35:21.8965298Z       "family_member",
2026-09-12T04:35:21.8965525Z       "mirror_of",
2026-09-12T04:35:21.8965762Z       "needs_more_evidence",
2026-09-12T04:35:21.8965962Z       "not_same_identity",
2026-09-12T04:35:21.8966149Z       "same_identity",
2026-09-12T04:35:21.8966549Z       "successor_of"
2026-09-12T04:35:21.8966800Z     ],
2026-09-12T04:35:21.8967048Z     "family_kinds": [
2026-09-12T04:35:21.8967305Z       "collection",
2026-09-12T04:35:21.8967544Z       "format",
2026-09-12T04:35:21.8967792Z       "mirror",
2026-09-12T04:35:21.8968032Z       "successor",
2026-09-12T04:35:21.8968265Z       "version"
2026-09-12T04:35:21.8968496Z     ],
2026-09-12T04:35:21.8968714Z     "operation_kinds": [
2026-09-12T04:35:21.8968979Z       "aggregate",
2026-09-12T04:35:21.8969251Z       "crosswalk",
2026-09-12T04:35:21.8969466Z       "filter",
2026-09-12T04:35:21.8969624Z       "join",
2026-09-12T04:35:21.8969809Z       "measure_harmonization",
2026-09-12T04:35:21.8970030Z       "temporal_alignment"
2026-09-12T04:35:21.8970205Z     ],
2026-09-12T04:35:21.8970366Z     "evidence_states": [
2026-09-12T04:35:21.8970659Z       "ambiguous",
2026-09-12T04:35:21.8970837Z       "candidate",
2026-09-12T04:35:21.8971061Z       "documented",
2026-09-12T04:35:21.8971298Z       "executed",
2026-09-12T04:35:21.8971547Z       "observed",
2026-09-12T04:35:21.8971958Z       "proven",
2026-09-12T04:35:21.8972189Z       "unknown"
2026-09-12T04:35:21.8972399Z     ],
2026-09-12T04:35:21.8972622Z     "compatibilities": [
2026-09-12T04:35:21.8972894Z       "compatible",
2026-09-12T04:35:21.8973146Z       "conditional",
2026-09-12T04:35:21.8973322Z       "incompatible",
2026-09-12T04:35:21.8973498Z       "unknown"
2026-09-12T04:35:21.8973649Z     ],
2026-09-12T04:35:21.8973813Z     "requirement_states": [
2026-09-12T04:35:21.8974076Z       "not_applicable",
2026-09-12T04:35:21.8974325Z       "satisfied",
2026-09-12T04:35:21.8974575Z       "unknown",
2026-09-12T04:35:21.8974756Z       "unsatisfied"
2026-09-12T04:35:21.8975015Z     ]
2026-09-12T04:35:21.8975164Z   },
2026-09-12T04:35:21.8975329Z   "manifest_verified": true,
2026-09-12T04:35:21.8975847Z   "manifest_byte_sha256": "6a00edc7e2480ace3159dfe18c4c024f5c7d10a45b14b21e55defeb42ecfbf63",
2026-09-12T04:35:21.8977150Z   "package_payload_digest_sha256": "004c2cf5767afd44ad5c887a2b5952709d6363938c28ef63e9b8646b285fc83a",
2026-09-12T04:35:21.8977797Z   "validation_input_digest_sha256": "28f437b650a740f4111ab002edf2913e6db260d92675854bb3d9d2bd102f055a",
2026-09-12T04:35:21.8978389Z   "external_requests": 0,
2026-09-12T04:35:21.8978620Z   "source_payload_downloads": 0,
2026-09-12T04:35:21.8978972Z   "identity_merges_performed": false,
2026-09-12T04:35:21.8979193Z   "analysis_executed": false,
2026-09-12T04:35:21.8979510Z   "production_auto_resolution_authorized": false,
2026-09-12T04:35:21.8979858Z   "checks": [
2026-09-12T04:35:21.8980144Z     "json-schema-2020-12-strict-compilation",
2026-09-12T04:35:21.8980547Z     "unexpected-property-rejection",
2026-09-12T04:35:21.8980889Z     "namespace-authority-entity-grain-reuse-effective-date-policy",
2026-09-12T04:35:21.8981247Z     "sealed-benchmark-auto-resolution-gate",
2026-09-12T04:35:21.8981699Z     "canonical-candidate-pair-and-separate-score-confidence",
2026-09-12T04:35:21.8982385Z     "append-only-review-and-supersession-acyclicity",
2026-09-12T04:35:21.8982745Z     "identity-family-join-graph-separation",
2026-09-12T04:35:21.8983073Z     "temporal-identity-snapshot-applicability",
2026-09-12T04:35:21.8983503Z     "exact-release-schema-field-bound-join-routes",
2026-09-12T04:35:21.8984160Z     "orthogonal-operation-evidence-compatibility-requirement-blocker-axes",
2026-09-12T04:35:21.8984587Z     "candidate-route-no-documentation-upgrade",
2026-09-12T04:35:21.8984845Z     "crosswalk-not-aggregation",
2026-09-12T04:35:21.8985182Z     "non-public-execution-evidence-context",
2026-09-12T04:35:21.8985600Z     "deterministic-reversal-reconstruction-without-deletion",
2026-09-12T04:35:21.8986165Z     "deterministic-byte-and-canonical-json-digest-taxonomy"
2026-09-12T04:35:21.8986564Z   ],
2026-09-12T04:35:21.8986797Z   "errors": [],
2026-09-12T04:35:21.8987057Z   "immutable": true
2026-09-12T04:35:21.8987325Z }
2026-09-12T04:35:21.9547208Z 
2026-09-12T04:35:21.9547775Z [verify] contracts/ingestion/v1.0.0 :: test
2026-09-12T04:35:22.4454648Z 
2026-09-12T04:35:22.4455200Z > @ushso/ingestion-contract@1.0.0 test
2026-09-12T04:35:22.4455678Z > node --test tests/*.test.mjs
2026-09-12T04:35:22.4455894Z 
2026-09-12T04:35:22.4455970Z TAP version 13
2026-09-12T04:35:22.4456847Z # Subtest: all JSON Schemas compile in strict 2020-12 mode and all positive fixtures validate
2026-09-12T04:35:22.4457511Z ok 1 - all JSON Schemas compile in strict 2020-12 mode and all positive fixtures validate
2026-09-12T04:35:22.4457914Z   ---
2026-09-12T04:35:22.4458178Z   duration_ms: 178.696626
2026-09-12T04:35:22.4458472Z   type: 'test'
2026-09-12T04:35:22.4458713Z   ...
2026-09-12T04:35:22.4459240Z # Subtest: every adversarial fixture is rejected by its pinned stable reason code
2026-09-12T04:35:22.4460020Z ok 2 - every adversarial fixture is rejected by its pinned stable reason code
2026-09-12T04:35:22.4460466Z   ---
2026-09-12T04:35:22.4460717Z   duration_ms: 32.263156
2026-09-12T04:35:22.4461009Z   type: 'test'
2026-09-12T04:35:22.4461248Z   ...
2026-09-12T04:35:22.4462250Z # Subtest: state fixtures enumerate every exact state and terminal/retry/drain transitions fail closed
2026-09-12T04:35:22.4463207Z ok 3 - state fixtures enumerate every exact state and terminal/retry/drain transitions fail closed
2026-09-12T04:35:22.4463804Z   ---
2026-09-12T04:35:22.4464052Z   duration_ms: 1.23385
2026-09-12T04:35:22.4464343Z   type: 'test'
2026-09-12T04:35:22.4464528Z   ...
2026-09-12T04:35:22.4465154Z # Subtest: strict capture and event schemas reject source payload bodies and embedded secrets
2026-09-12T04:35:22.4466020Z ok 4 - strict capture and event schemas reject source payload bodies and embedded secrets
2026-09-12T04:35:22.4466671Z   ---
2026-09-12T04:35:22.4466914Z   duration_ms: 0.899086
2026-09-12T04:35:22.4467226Z   type: 'test'
2026-09-12T04:35:22.4467480Z   ...
2026-09-12T04:35:22.4468158Z # Subtest: canonical JSON digest is key-order independent and explicitly distinct from raw file-byte hashing
2026-09-12T04:35:22.4469164Z ok 5 - canonical JSON digest is key-order independent and explicitly distinct from raw file-byte hashing
2026-09-12T04:35:22.4469804Z   ---
2026-09-12T04:35:22.4470052Z   duration_ms: 0.619974
2026-09-12T04:35:22.4470328Z   type: 'test'
2026-09-12T04:35:22.4470566Z   ...
2026-09-12T04:35:22.4471123Z # Subtest: validation report is deterministic and attests a zero-action truth boundary
2026-09-12T04:35:22.4471925Z ok 6 - validation report is deterministic and attests a zero-action truth boundary
2026-09-12T04:35:22.4472457Z   ---
2026-09-12T04:35:22.4472689Z   duration_ms: 36.565614
2026-09-12T04:35:22.4472945Z   type: 'test'
2026-09-12T04:35:22.4473192Z   ...
2026-09-12T04:35:22.4473419Z 1..6
2026-09-12T04:35:22.4473645Z # tests 6
2026-09-12T04:35:22.4473876Z # suites 0
2026-09-12T04:35:22.4474101Z # pass 6
2026-09-12T04:35:22.4474329Z # fail 0
2026-09-12T04:35:22.4474565Z # cancelled 0
2026-09-12T04:35:22.4474817Z # skipped 0
2026-09-12T04:35:22.4475057Z # todo 0
2026-09-12T04:35:22.4475308Z # duration_ms 326.10437
2026-09-12T04:35:22.5056788Z 
2026-09-12T04:35:22.5057269Z [verify] contracts/ingestion/v1.0.0 :: validate
2026-09-12T04:35:22.9041067Z 
2026-09-12T04:35:22.9041694Z > @ushso/ingestion-contract@1.0.0 validate
2026-09-12T04:35:22.9042097Z > node tools/validate-package.mjs
2026-09-12T04:35:22.9042331Z 
2026-09-12T04:35:22.9042418Z {
2026-09-12T04:35:22.9042674Z   "receipt_version": "ingestion-validation.v1",
2026-09-12T04:35:22.9043078Z   "package_version": "1.0.0",
2026-09-12T04:35:22.9043305Z   "mode": "fixture_offline",
2026-09-12T04:35:22.9043632Z   "offline": true,
2026-09-12T04:35:22.9043895Z   "valid": true,
2026-09-12T04:35:22.9044158Z   "schema_count": 16,
2026-09-12T04:35:22.9044424Z   "valid_fixture_count": 22,
2026-09-12T04:35:22.9044783Z   "adversarial_fixture_count": 25,
2026-09-12T04:35:22.9045165Z   "transition_case_count": 50,
2026-09-12T04:35:22.9045504Z   "transition_state_count": 30,
2026-09-12T04:35:22.9045833Z   "positive_check_count": 203,
2026-09-12T04:35:22.9046137Z   "negative_check_count": 25,
2026-09-12T04:35:22.9046647Z   "failed_count": 0,
2026-09-12T04:35:22.9046949Z   "manifest_verified": true,
2026-09-12T04:35:22.9047627Z   "manifest_raw_file_sha256": "842888bae6092da9d00982bed4186a43ceb6aeace9f837947c5a4eb6e0da9886",
2026-09-12T04:35:22.9048562Z   "manifest_canonical_json_sha256": "b0077ac92ee7bce91341b3fa63a2b86e59c31a5e6784585651a3f3d9169ed490",
2026-09-12T04:35:22.9049302Z   "canonicalization_algorithm": "ushso-canonical-json.v1",
2026-09-12T04:35:22.9049746Z   "commands": [
2026-09-12T04:35:22.9050123Z     "npm run manifest --prefix contracts/ingestion/v1.0.0",
2026-09-12T04:35:22.9050612Z     "npm test --prefix contracts/ingestion/v1.0.0",
2026-09-12T04:35:22.9051097Z     "npm run validate --prefix contracts/ingestion/v1.0.0"
2026-09-12T04:35:22.9051480Z   ],
2026-09-12T04:35:22.9051703Z   "checks": [
2026-09-12T04:35:22.9052004Z     "draft-2020-12-strict-schema-compilation",
2026-09-12T04:35:22.9052270Z     "unexpected-property-rejection",
2026-09-12T04:35:22.9052550Z     "exact-enum-and-state-transition-coverage",
2026-09-12T04:35:22.9053037Z     "deterministic-idempotency-keys",
2026-09-12T04:35:22.9053284Z     "lease-attempt-and-retry-fencing",
2026-09-12T04:35:22.9053518Z     "four-clock-separation",
2026-09-12T04:35:22.9053743Z     "conditional-http-304-reuse",
2026-09-12T04:35:22.9053986Z     "content-addressed-metadata-capture",
2026-09-12T04:35:22.9054246Z     "zero-source-payload-truth-boundary",
2026-09-12T04:35:22.9054496Z     "complete-enumeration-checkpoint-cas",
2026-09-12T04:35:22.9054755Z     "last-known-good-publication-barrier",
2026-09-12T04:35:22.9055020Z     "transactional-outbox-duplicate-delivery",
2026-09-12T04:35:22.9055300Z     "durable-dlq-and-replay-lineage",
2026-09-12T04:35:22.9055528Z     "pause-drain-zero-fetch",
2026-09-12T04:35:22.9055790Z     "raw-and-canonical-digest-taxonomy"
2026-09-12T04:35:22.9062367Z   ],
2026-09-12T04:35:22.9062724Z   "adversarial_results": [
2026-09-12T04:35:22.9063034Z     {
2026-09-12T04:35:22.9063407Z       "case_id": "unexpected_property_rejected",
2026-09-12T04:35:22.9063890Z       "expected_code": "SCHEMA_INVALID",
2026-09-12T04:35:22.9064257Z       "observed_code": "SCHEMA_INVALID",
2026-09-12T04:35:22.9064609Z       "passed": true
2026-09-12T04:35:22.9064881Z     },
2026-09-12T04:35:22.9065114Z     {
2026-09-12T04:35:22.9065413Z       "case_id": "secret_value_not_a_locator",
2026-09-12T04:35:22.9065850Z       "expected_code": "SCHEMA_INVALID",
2026-09-12T04:35:22.9066251Z       "observed_code": "SCHEMA_INVALID",
2026-09-12T04:35:22.9066709Z       "passed": true
2026-09-12T04:35:22.9066886Z     },
2026-09-12T04:35:22.9067036Z     {
2026-09-12T04:35:22.9067254Z       "case_id": "raw_healthcare_row_payload_sentinel",
2026-09-12T04:35:22.9067544Z       "expected_code": "SCHEMA_INVALID",
2026-09-12T04:35:22.9067783Z       "observed_code": "SCHEMA_INVALID",
2026-09-12T04:35:22.9067998Z       "passed": true
2026-09-12T04:35:22.9068168Z     },
2026-09-12T04:35:22.9068317Z     {
2026-09-12T04:35:22.9068808Z       "case_id": "payload_route_purpose_forbidden",
2026-09-12T04:35:22.9069096Z       "expected_code": "SCHEMA_INVALID",
2026-09-12T04:35:22.9069333Z       "observed_code": "SCHEMA_INVALID",
2026-09-12T04:35:22.9069540Z       "passed": true
2026-09-12T04:35:22.9069707Z     },
2026-09-12T04:35:22.9069852Z     {
2026-09-12T04:35:22.9070040Z       "case_id": "missing_capture_evidence",
2026-09-12T04:35:22.9070287Z       "expected_code": "SCHEMA_INVALID",
2026-09-12T04:35:22.9070525Z       "observed_code": "SCHEMA_INVALID",
2026-09-12T04:35:22.9070728Z       "passed": true
2026-09-12T04:35:22.9070889Z     },
2026-09-12T04:35:22.9071031Z     {
2026-09-12T04:35:22.9071207Z       "case_id": "stale_lease_epoch_fenced",
2026-09-12T04:35:22.9071452Z       "expected_code": "STALE_LEASE_EPOCH",
2026-09-12T04:35:22.9071698Z       "observed_code": "STALE_LEASE_EPOCH",
2026-09-12T04:35:22.9071902Z       "passed": true
2026-09-12T04:35:22.9072061Z     },
2026-09-12T04:35:22.9072201Z     {
2026-09-12T04:35:22.9072381Z       "case_id": "stale_run_attempt_fenced",
2026-09-12T04:35:22.9072619Z       "expected_code": "STALE_RUN_ATTEMPT",
2026-09-12T04:35:22.9072857Z       "observed_code": "STALE_RUN_ATTEMPT",
2026-09-12T04:35:22.9073060Z       "passed": true
2026-09-12T04:35:22.9073219Z     },
2026-09-12T04:35:22.9073363Z     {
2026-09-12T04:35:22.9073564Z       "case_id": "partial_run_keeps_last_known_good",
2026-09-12T04:35:22.9073899Z       "expected_code": "LAST_KNOWN_GOOD_REPLACED_BY_INCOMPLETE_RUN",
2026-09-12T04:35:22.9074264Z       "observed_code": "LAST_KNOWN_GOOD_REPLACED_BY_INCOMPLETE_RUN",
2026-09-12T04:35:22.9074524Z       "passed": true
2026-09-12T04:35:22.9074688Z     },
2026-09-12T04:35:22.9074831Z     {
2026-09-12T04:35:22.9075049Z       "case_id": "publication_barrier_missing_enumeration",
2026-09-12T04:35:22.9075394Z       "expected_code": "PUBLICATION_BARRIER_INCOMPLETE",
2026-09-12T04:35:22.9075705Z       "observed_code": "PUBLICATION_BARRIER_INCOMPLETE",
2026-09-12T04:35:22.9075949Z       "passed": true
2026-09-12T04:35:22.9076119Z     },
2026-09-12T04:35:22.9076269Z     {
2026-09-12T04:35:22.9076988Z       "case_id": "cursor_expiry_cannot_seal",
2026-09-12T04:35:22.9077364Z       "expected_code": "ENUMERATION_SEAL_INCOMPLETE",
2026-09-12T04:35:22.9077797Z       "observed_code": "ENUMERATION_SEAL_INCOMPLETE",
2026-09-12T04:35:22.9078052Z       "passed": true
2026-09-12T04:35:22.9078220Z     },
2026-09-12T04:35:22.9078363Z     {
2026-09-12T04:35:22.9078579Z       "case_id": "checkpoint_cannot_advance_without_seal",
2026-09-12T04:35:22.9078947Z       "expected_code": "CHECKPOINT_ADVANCES_WITHOUT_SEALED_ENUMERATION",
2026-09-12T04:35:22.9079465Z       "observed_code": "CHECKPOINT_ADVANCES_WITHOUT_SEALED_ENUMERATION",
2026-09-12T04:35:22.9079748Z       "passed": true
2026-09-12T04:35:22.9079916Z     },
2026-09-12T04:35:22.9080063Z     {
2026-09-12T04:35:22.9080280Z       "case_id": "duplicate_delivery_conflicting_effect",
2026-09-12T04:35:22.9080604Z       "expected_code": "DUPLICATE_DELIVERY_EFFECT_CONFLICT",
2026-09-12T04:35:22.9080930Z       "observed_code": "DUPLICATE_DELIVERY_EFFECT_CONFLICT",
2026-09-12T04:35:22.9081297Z       "passed": true
2026-09-12T04:35:22.9081499Z     },
2026-09-12T04:35:22.9081640Z     {
2026-09-12T04:35:22.9081848Z       "case_id": "dlq_replay_must_allocate_new_lineage",
2026-09-12T04:35:22.9082141Z       "expected_code": "DLQ_REPLAY_RESETS_HISTORY",
2026-09-12T04:35:22.9082414Z       "observed_code": "DLQ_REPLAY_RESETS_HISTORY",
2026-09-12T04:35:22.9082635Z       "passed": true
2026-09-12T04:35:22.9082858Z     },
2026-09-12T04:35:22.9083057Z     {
2026-09-12T04:35:22.9083266Z       "case_id": "dlq_replay_preserves_original_policy",
2026-09-12T04:35:22.9083559Z       "expected_code": "DLQ_REPLAY_LINEAGE_UNRESOLVED",
2026-09-12T04:35:22.9083849Z       "observed_code": "DLQ_REPLAY_LINEAGE_UNRESOLVED",
2026-09-12T04:35:22.9084094Z       "passed": true
2026-09-12T04:35:22.9084248Z     },
2026-09-12T04:35:22.9084392Z     {
2026-09-12T04:35:22.9084607Z       "case_id": "conditional_304_requires_reused_capture",
2026-09-12T04:35:22.9085119Z       "expected_code": "CONDITIONAL_304_INVALID",
2026-09-12T04:35:22.9085406Z       "observed_code": "CONDITIONAL_304_INVALID",
2026-09-12T04:35:22.9085627Z       "passed": true
2026-09-12T04:35:22.9085784Z     },
2026-09-12T04:35:22.9085927Z     {
2026-09-12T04:35:22.9086135Z       "case_id": "four_clocks_system_before_observation",
2026-09-12T04:35:22.9086659Z       "expected_code": "FOUR_CLOCK_SYSTEM_BEFORE_OBSERVATION",
2026-09-12T04:35:22.9087105Z       "observed_code": "FOUR_CLOCK_SYSTEM_BEFORE_OBSERVATION",
2026-09-12T04:35:22.9087352Z       "passed": true
2026-09-12T04:35:22.9087513Z     },
2026-09-12T04:35:22.9087657Z     {
2026-09-12T04:35:22.9087854Z       "case_id": "four_clocks_unknown_not_inferred",
2026-09-12T04:35:22.9088154Z       "expected_code": "FOUR_CLOCK_COVERAGE_STATE_MISMATCH",
2026-09-12T04:35:22.9088534Z       "observed_code": "FOUR_CLOCK_COVERAGE_STATE_MISMATCH",
2026-09-12T04:35:22.9088831Z       "passed": true
2026-09-12T04:35:22.9088989Z     },
2026-09-12T04:35:22.9089135Z     {
2026-09-12T04:35:22.9089334Z       "case_id": "bad_terminal_run_transition",
2026-09-12T04:35:22.9089607Z       "expected_code": "STATE_TRANSITION_INVALID",
2026-09-12T04:35:22.9089878Z       "observed_code": "STATE_TRANSITION_INVALID",
2026-09-12T04:35:22.9090103Z       "passed": true
2026-09-12T04:35:22.9090305Z     },
2026-09-12T04:35:22.9090517Z     {
2026-09-12T04:35:22.9090741Z       "case_id": "pause_requires_complete_drain",
2026-09-12T04:35:22.9091011Z       "expected_code": "PAUSE_DRAIN_INCOMPLETE",
2026-09-12T04:35:22.9091279Z       "observed_code": "PAUSE_DRAIN_INCOMPLETE",
2026-09-12T04:35:22.9091495Z       "passed": true
2026-09-12T04:35:22.9091658Z     },
2026-09-12T04:35:22.9091797Z     {
2026-09-12T04:35:22.9092013Z       "case_id": "retry_cannot_ack_before_reledger_commit",
2026-09-12T04:35:22.9092453Z       "expected_code": "RELEDGER_RETRY_NOT_DURABLE",
2026-09-12T04:35:22.9092729Z       "observed_code": "RELEDGER_RETRY_NOT_DURABLE",
2026-09-12T04:35:22.9092953Z       "passed": true
2026-09-12T04:35:22.9093248Z     },
2026-09-12T04:35:22.9093389Z     {
2026-09-12T04:35:22.9093596Z       "case_id": "cursor_404_is_enumeration_failure",
2026-09-12T04:35:22.9094034Z       "expected_code": "COLLECTION_ABSENCE_MISCLASSIFIED",
2026-09-12T04:35:22.9094341Z       "observed_code": "COLLECTION_ABSENCE_MISCLASSIFIED",
2026-09-12T04:35:22.9094576Z       "passed": true
2026-09-12T04:35:22.9094732Z     },
2026-09-12T04:35:22.9094871Z     {
2026-09-12T04:35:22.9095075Z       "case_id": "capture_content_address_mismatch",
2026-09-12T04:35:22.9095357Z       "expected_code": "CAPTURE_CONTENT_ADDRESS_MISMATCH",
2026-09-12T04:35:22.9095782Z       "observed_code": "CAPTURE_CONTENT_ADDRESS_MISMATCH",
2026-09-12T04:35:22.9096021Z       "passed": true
2026-09-12T04:35:22.9096180Z     },
2026-09-12T04:35:22.9096323Z     {
2026-09-12T04:35:22.9096700Z       "case_id": "job_idempotency_key_exactness",
2026-09-12T04:35:22.9097133Z       "expected_code": "JOB_IDEMPOTENCY_KEY_MISMATCH",
2026-09-12T04:35:22.9097603Z       "observed_code": "JOB_IDEMPOTENCY_KEY_MISMATCH",
2026-09-12T04:35:22.9097849Z       "passed": true
2026-09-12T04:35:22.9098009Z     },
2026-09-12T04:35:22.9098149Z     {
2026-09-12T04:35:22.9098378Z       "case_id": "outbox_message_cannot_embed_response_body",
2026-09-12T04:35:22.9098796Z       "expected_code": "SCHEMA_INVALID",
2026-09-12T04:35:22.9099164Z       "observed_code": "SCHEMA_INVALID",
2026-09-12T04:35:22.9099371Z       "passed": true
2026-09-12T04:35:22.9099528Z     },
2026-09-12T04:35:22.9099670Z     {
2026-09-12T04:35:22.9099898Z       "case_id": "terminal_not_found_cannot_be_blindly_retried",
2026-09-12T04:35:22.9100357Z       "expected_code": "FAILURE_POLICY_DISPOSITION_MISMATCH",
2026-09-12T04:35:22.9100803Z       "observed_code": "FAILURE_POLICY_DISPOSITION_MISMATCH",
2026-09-12T04:35:22.9101049Z       "passed": true
2026-09-12T04:35:22.9101207Z     }
2026-09-12T04:35:22.9101350Z   ],
2026-09-12T04:35:22.9101520Z   "zero_action_counters": {
2026-09-12T04:35:22.9101912Z     "external_requests": 0,
2026-09-12T04:35:22.9102271Z     "source_payload_downloads": 0,
2026-09-12T04:35:22.9102540Z     "source_data_rows_captured": 0,
2026-09-12T04:35:22.9102774Z     "authorization_submissions": 0,
2026-09-12T04:35:22.9102984Z     "identity_merges": 0,
2026-09-12T04:35:22.9103178Z     "analyses_executed": 0,
2026-09-12T04:35:22.9103385Z     "raw_questions_persisted": 0,
2026-09-12T04:35:22.9103605Z     "secret_values_persisted": 0
2026-09-12T04:35:22.9103790Z   },
2026-09-12T04:35:22.9104016Z   "errors": [],
2026-09-12T04:35:22.9104279Z   "immutable": true
2026-09-12T04:35:22.9104523Z }
2026-09-12T04:35:22.9663070Z 
2026-09-12T04:35:22.9663451Z [verify] contracts/ingestion/v1.1.0 :: test
2026-09-12T04:35:23.6627743Z 
2026-09-12T04:35:23.6628329Z > @ushso/ingestion-contract-v1-1@1.1.0 test
2026-09-12T04:35:23.6628686Z > node --test tests/*.test.mjs
2026-09-12T04:35:23.6628835Z 
2026-09-12T04:35:23.6628910Z TAP version 13
2026-09-12T04:35:23.6629339Z # Subtest: all JSON Schemas compile in strict 2020-12 mode and all positive fixtures validate
2026-09-12T04:35:23.6629878Z ok 1 - all JSON Schemas compile in strict 2020-12 mode and all positive fixtures validate
2026-09-12T04:35:23.6630199Z   ---
2026-09-12T04:35:23.6630371Z   duration_ms: 185.266672
2026-09-12T04:35:23.6630559Z   type: 'test'
2026-09-12T04:35:23.6630717Z   ...
2026-09-12T04:35:23.6631045Z # Subtest: every adversarial fixture is rejected by its pinned stable reason code
2026-09-12T04:35:23.6631510Z ok 2 - every adversarial fixture is rejected by its pinned stable reason code
2026-09-12T04:35:23.6631816Z   ---
2026-09-12T04:35:23.6631980Z   duration_ms: 169.763533
2026-09-12T04:35:23.6632167Z   type: 'test'
2026-09-12T04:35:23.6632321Z   ...
2026-09-12T04:35:23.6632694Z # Subtest: v1.0 predecessor bytes stay sealed and non-provider semantics stay byte-identical
2026-09-12T04:35:23.6633217Z ok 3 - v1.0 predecessor bytes stay sealed and non-provider semantics stay byte-identical
2026-09-12T04:35:23.6633549Z   ---
2026-09-12T04:35:23.6633715Z   duration_ms: 1.124515
2026-09-12T04:35:23.6634216Z   type: 'test'
2026-09-12T04:35:23.6634379Z   ...
2026-09-12T04:35:23.6634727Z # Subtest: v1.1 is a strict provider-compatible subset with an explicit no-remap upgrade
2026-09-12T04:35:23.6635221Z ok 4 - v1.1 is a strict provider-compatible subset with an explicit no-remap upgrade
2026-09-12T04:35:23.6635533Z   ---
2026-09-12T04:35:23.6635699Z   duration_ms: 15.216894
2026-09-12T04:35:23.6635884Z   type: 'test'
2026-09-12T04:35:23.6636046Z   ...
2026-09-12T04:35:23.6636741Z # Subtest: Cloudflare instance-ID validator enforces the exact alphabet and 100-character bound
2026-09-12T04:35:23.6637321Z ok 5 - Cloudflare instance-ID validator enforces the exact alphabet and 100-character bound
2026-09-12T04:35:23.6637908Z   ---
2026-09-12T04:35:23.6638130Z   duration_ms: 0.252971
2026-09-12T04:35:23.6638395Z   type: 'test'
2026-09-12T04:35:23.6638620Z   ...
2026-09-12T04:35:23.6638992Z # Subtest: v1.1 upgrade helper rejects malformed predecessor records before transforming them
2026-09-12T04:35:23.6639552Z ok 6 - v1.1 upgrade helper rejects malformed predecessor records before transforming them
2026-09-12T04:35:23.6639877Z   ---
2026-09-12T04:35:23.6640037Z   duration_ms: 0.202265
2026-09-12T04:35:23.6640211Z   type: 'test'
2026-09-12T04:35:23.6640381Z   ...
2026-09-12T04:35:23.6640776Z # Subtest: state fixtures enumerate every exact state and terminal/retry/drain transitions fail closed
2026-09-12T04:35:23.6641364Z ok 7 - state fixtures enumerate every exact state and terminal/retry/drain transitions fail closed
2026-09-12T04:35:23.6641712Z   ---
2026-09-12T04:35:23.6641869Z   duration_ms: 0.872045
2026-09-12T04:35:23.6642045Z   type: 'test'
2026-09-12T04:35:23.6642205Z   ...
2026-09-12T04:35:23.6642557Z # Subtest: strict capture and event schemas reject source payload bodies and embedded secrets
2026-09-12T04:35:23.6643071Z ok 8 - strict capture and event schemas reject source payload bodies and embedded secrets
2026-09-12T04:35:23.6643385Z   ---
2026-09-12T04:35:23.6643714Z   duration_ms: 0.780977
2026-09-12T04:35:23.6643916Z   type: 'test'
2026-09-12T04:35:23.6644077Z   ...
2026-09-12T04:35:23.6644387Z # Subtest: provider query parameters accept one balanced bracket segment only
2026-09-12T04:35:23.6644824Z ok 9 - provider query parameters accept one balanced bracket segment only
2026-09-12T04:35:23.6645110Z   ---
2026-09-12T04:35:23.6645261Z   duration_ms: 0.879236
2026-09-12T04:35:23.6645431Z   type: 'test'
2026-09-12T04:35:23.6645590Z   ...
2026-09-12T04:35:23.6645994Z # Subtest: canonical JSON digest is key-order independent and explicitly distinct from raw file-byte hashing
2026-09-12T04:35:23.6646745Z ok 10 - canonical JSON digest is key-order independent and explicitly distinct from raw file-byte hashing
2026-09-12T04:35:23.6647110Z   ---
2026-09-12T04:35:23.6647262Z   duration_ms: 0.772105
2026-09-12T04:35:23.6647433Z   type: 'test'
2026-09-12T04:35:23.6647593Z   ...
2026-09-12T04:35:23.6647937Z # Subtest: validation report is deterministic and attests a zero-action truth boundary
2026-09-12T04:35:23.6648434Z ok 11 - validation report is deterministic and attests a zero-action truth boundary
2026-09-12T04:35:23.6648738Z   ---
2026-09-12T04:35:23.6648890Z   duration_ms: 69.809313
2026-09-12T04:35:23.6649067Z   type: 'test'
2026-09-12T04:35:23.6649226Z   ...
2026-09-12T04:35:23.6649365Z 1..11
2026-09-12T04:35:23.6649508Z # tests 11
2026-09-12T04:35:23.6649659Z # suites 0
2026-09-12T04:35:23.6649805Z # pass 11
2026-09-12T04:35:23.6649966Z # fail 0
2026-09-12T04:35:23.6650116Z # cancelled 0
2026-09-12T04:35:23.6650276Z # skipped 0
2026-09-12T04:35:23.6650425Z # todo 0
2026-09-12T04:35:23.6650588Z # duration_ms 524.164227
2026-09-12T04:35:23.7251202Z 
2026-09-12T04:35:23.7251782Z [verify] contracts/ingestion/v1.1.0 :: validate
2026-09-12T04:35:24.2632620Z 
2026-09-12T04:35:24.2633192Z > @ushso/ingestion-contract-v1-1@1.1.0 validate
2026-09-12T04:35:24.2633793Z > node tools/validate-package.mjs
2026-09-12T04:35:24.2634015Z 
2026-09-12T04:35:24.2634121Z {
2026-09-12T04:35:24.2634471Z   "receipt_version": "ingestion-validation.v1",
2026-09-12T04:35:24.2635125Z   "package_version": "1.1.0",
2026-09-12T04:35:24.2635429Z   "mode": "fixture_offline",
2026-09-12T04:35:24.2635718Z   "offline": true,
2026-09-12T04:35:24.2635977Z   "valid": true,
2026-09-12T04:35:24.2636219Z   "schema_count": 17,
2026-09-12T04:35:24.2636631Z   "valid_fixture_count": 22,
2026-09-12T04:35:24.2636982Z   "adversarial_fixture_count": 33,
2026-09-12T04:35:24.2637352Z   "compatibility_fixture_count": 5,
2026-09-12T04:35:24.2637725Z   "transition_case_count": 50,
2026-09-12T04:35:24.2638085Z   "transition_state_count": 30,
2026-09-12T04:35:24.2638428Z   "positive_check_count": 244,
2026-09-12T04:35:24.2638754Z   "negative_check_count": 36,
2026-09-12T04:35:24.2639054Z   "failed_count": 0,
2026-09-12T04:35:24.2639328Z   "manifest_verified": true,
2026-09-12T04:35:24.2639797Z   "manifest_raw_file_sha256": "c1458a43d98eecf8f0ab10ae4573d6da0eb88d197cdb1823b8aa6e7cda4683b9",
2026-09-12T04:35:24.2640380Z   "manifest_canonical_json_sha256": "fc22ca364018b346aef4f7b080f2416d7ecb647ed455e9454aa30da7114540db",
2026-09-12T04:35:24.2640847Z   "canonicalization_algorithm": "ushso-canonical-json.v1",
2026-09-12T04:35:24.2641252Z   "commands": [
2026-09-12T04:35:24.2641509Z     "npm run manifest --prefix contracts/ingestion/v1.1.0",
2026-09-12T04:35:24.2641832Z     "npm test --prefix contracts/ingestion/v1.1.0",
2026-09-12T04:35:24.2642139Z     "npm run validate --prefix contracts/ingestion/v1.1.0"
2026-09-12T04:35:24.2642403Z   ],
2026-09-12T04:35:24.2642565Z   "checks": [
2026-09-12T04:35:24.2642890Z     "draft-2020-12-strict-schema-compilation",
2026-09-12T04:35:24.2643161Z     "unexpected-property-rejection",
2026-09-12T04:35:24.2643432Z     "exact-enum-and-state-transition-coverage",
2026-09-12T04:35:24.2643707Z     "deterministic-idempotency-keys",
2026-09-12T04:35:24.2643970Z     "lease-attempt-and-retry-fencing",
2026-09-12T04:35:24.2644197Z     "four-clock-separation",
2026-09-12T04:35:24.2644603Z     "conditional-http-304-reuse",
2026-09-12T04:35:24.2645012Z     "content-addressed-metadata-capture",
2026-09-12T04:35:24.2645290Z     "zero-source-payload-truth-boundary",
2026-09-12T04:35:24.2645549Z     "complete-enumeration-checkpoint-cas",
2026-09-12T04:35:24.2645811Z     "last-known-good-publication-barrier",
2026-09-12T04:35:24.2646080Z     "transactional-outbox-duplicate-delivery",
2026-09-12T04:35:24.2646603Z     "durable-dlq-and-replay-lineage",
2026-09-12T04:35:24.2646886Z     "pause-drain-zero-fetch",
2026-09-12T04:35:24.2647126Z     "raw-and-canonical-digest-taxonomy",
2026-09-12T04:35:24.2647397Z     "cloudflare-workflow-instance-id-boundary",
2026-09-12T04:35:24.2647661Z     "v1-0-predecessor-byte-pins",
2026-09-12T04:35:24.2647928Z     "non-erratum-schema-structural-equivalence",
2026-09-12T04:35:24.2648201Z     "strict-subset-no-remap-compatibility"
2026-09-12T04:35:24.2648497Z   ],
2026-09-12T04:35:24.2648718Z   "predecessor_verification": {
2026-09-12T04:35:24.2648939Z     "package_version": "1.0.0",
2026-09-12T04:35:24.2649346Z     "manifest_raw_file_sha256": "842888bae6092da9d00982bed4186a43ceb6aeace9f837947c5a4eb6e0da9886",
2026-09-12T04:35:24.2649926Z     "validation_receipt_raw_file_sha256": "665174c8ec848ae93fdb8034010f03892b2771aa67b777b361526dd6f396f8e8",
2026-09-12T04:35:24.2650704Z     "harvest_run_schema_raw_file_sha256": "9ff550bc27f9e70e418c8a586b0798eeafa122357ec8e9d99c4dc2a4b566f959",
2026-09-12T04:35:24.2651269Z     "semantics_raw_file_sha256": "26801e00b82be3668e3befcf756881d1795fe8739c04237596cda8026b507639",
2026-09-12T04:35:24.2651884Z     "successor_semantics_raw_file_sha256": "26801e00b82be3668e3befcf756881d1795fe8739c04237596cda8026b507639",
2026-09-12T04:35:24.2652413Z     "predecessor_validation_valid": true,
2026-09-12T04:35:24.2652665Z     "non_erratum_schema_count": 13,
2026-09-12T04:35:24.2652910Z     "non_erratum_schemas_match": true,
2026-09-12T04:35:24.2653125Z     "all_match": true
2026-09-12T04:35:24.2653297Z   },
2026-09-12T04:35:24.2653525Z   "compatibility_results": [
2026-09-12T04:35:24.2653785Z     {
2026-09-12T04:35:24.2654093Z       "case_id": "wp4_generated_id",
2026-09-12T04:35:24.2654337Z       "expected_v1_0_valid": true,
2026-09-12T04:35:24.2654560Z       "observed_v1_0_valid": true,
2026-09-12T04:35:24.2654793Z       "expected_v1_1_valid": true,
2026-09-12T04:35:24.2655005Z       "observed_v1_1_valid": true,
2026-09-12T04:35:24.2655244Z       "expected_upgrade_action": "version_only",
2026-09-12T04:35:24.2655637Z       "observed_upgrade_action": "version_only",
2026-09-12T04:35:24.2655901Z       "observed_error_code": null,
2026-09-12T04:35:24.2656099Z       "passed": true
2026-09-12T04:35:24.2656268Z     },
2026-09-12T04:35:24.2656707Z     {
2026-09-12T04:35:24.2656949Z       "case_id": "provider_length_boundary_100",
2026-09-12T04:35:24.2657229Z       "expected_v1_0_valid": true,
2026-09-12T04:35:24.2657557Z       "observed_v1_0_valid": true,
2026-09-12T04:35:24.2657783Z       "expected_v1_1_valid": true,
2026-09-12T04:35:24.2658000Z       "observed_v1_1_valid": true,
2026-09-12T04:35:24.2658244Z       "expected_upgrade_action": "version_only",
2026-09-12T04:35:24.2658506Z       "observed_upgrade_action": "version_only",
2026-09-12T04:35:24.2658744Z       "observed_error_code": null,
2026-09-12T04:35:24.2658946Z       "passed": true
2026-09-12T04:35:24.2659114Z     },
2026-09-12T04:35:24.2659306Z     {
2026-09-12T04:35:24.2659579Z       "case_id": "legacy_dot_is_audit_only",
2026-09-12T04:35:24.2659819Z       "expected_v1_0_valid": true,
2026-09-12T04:35:24.2660037Z       "observed_v1_0_valid": true,
2026-09-12T04:35:24.2660256Z       "expected_v1_1_valid": false,
2026-09-12T04:35:24.2660477Z       "observed_v1_1_valid": false,
2026-09-12T04:35:24.2660738Z       "expected_upgrade_action": "retain_v1_0_audit_only",
2026-09-12T04:35:24.2661159Z       "observed_upgrade_action": "retain_v1_0_audit_only",
2026-09-12T04:35:24.2661531Z       "observed_error_code": "WORKFLOW_INSTANCE_ID_PROVIDER_INCOMPATIBLE",
2026-09-12T04:35:24.2661825Z       "passed": true
2026-09-12T04:35:24.2662136Z     },
2026-09-12T04:35:24.2662290Z     {
2026-09-12T04:35:24.2662487Z       "case_id": "legacy_colon_is_audit_only",
2026-09-12T04:35:24.2662743Z       "expected_v1_0_valid": true,
2026-09-12T04:35:24.2662964Z       "observed_v1_0_valid": true,
2026-09-12T04:35:24.2663183Z       "expected_v1_1_valid": false,
2026-09-12T04:35:24.2663520Z       "observed_v1_1_valid": false,
2026-09-12T04:35:24.2663801Z       "expected_upgrade_action": "retain_v1_0_audit_only",
2026-09-12T04:35:24.2664105Z       "observed_upgrade_action": "retain_v1_0_audit_only",
2026-09-12T04:35:24.2664474Z       "observed_error_code": "WORKFLOW_INSTANCE_ID_PROVIDER_INCOMPATIBLE",
2026-09-12T04:35:24.2664768Z       "passed": true
2026-09-12T04:35:24.2664951Z     },
2026-09-12T04:35:24.2665101Z     {
2026-09-12T04:35:24.2665298Z       "case_id": "legacy_length_101_is_audit_only",
2026-09-12T04:35:24.2665671Z       "expected_v1_0_valid": true,
2026-09-12T04:35:24.2665888Z       "observed_v1_0_valid": true,
2026-09-12T04:35:24.2666107Z       "expected_v1_1_valid": false,
2026-09-12T04:35:24.2666333Z       "observed_v1_1_valid": false,
2026-09-12T04:35:24.2666899Z       "expected_upgrade_action": "retain_v1_0_audit_only",
2026-09-12T04:35:24.2667285Z       "observed_upgrade_action": "retain_v1_0_audit_only",
2026-09-12T04:35:24.2667668Z       "observed_error_code": "WORKFLOW_INSTANCE_ID_PROVIDER_INCOMPATIBLE",
2026-09-12T04:35:24.2668077Z       "passed": true
2026-09-12T04:35:24.2668249Z     }
2026-09-12T04:35:24.2668400Z   ],
2026-09-12T04:35:24.2668564Z   "adversarial_results": [
2026-09-12T04:35:24.2668746Z     {
2026-09-12T04:35:24.2668941Z       "case_id": "unexpected_property_rejected",
2026-09-12T04:35:24.2669200Z       "expected_code": "SCHEMA_INVALID",
2026-09-12T04:35:24.2669522Z       "observed_code": "SCHEMA_INVALID",
2026-09-12T04:35:24.2669773Z       "passed": true
2026-09-12T04:35:24.2669942Z     },
2026-09-12T04:35:24.2670089Z     {
2026-09-12T04:35:24.2670298Z       "case_id": "query_parameter_empty_bracket_rejected",
2026-09-12T04:35:24.2670568Z       "expected_code": "SCHEMA_INVALID",
2026-09-12T04:35:24.2670927Z       "observed_code": "SCHEMA_INVALID",
2026-09-12T04:35:24.2671136Z       "passed": true
2026-09-12T04:35:24.2671334Z     },
2026-09-12T04:35:24.2671545Z     {
2026-09-12T04:35:24.2671780Z       "case_id": "query_parameter_unbalanced_bracket_rejected",
2026-09-12T04:35:24.2672060Z       "expected_code": "SCHEMA_INVALID",
2026-09-12T04:35:24.2672287Z       "observed_code": "SCHEMA_INVALID",
2026-09-12T04:35:24.2672497Z       "passed": true
2026-09-12T04:35:24.2672658Z     },
2026-09-12T04:35:24.2672798Z     {
2026-09-12T04:35:24.2673084Z       "case_id": "query_parameter_nested_bracket_rejected",
2026-09-12T04:35:24.2673428Z       "expected_code": "SCHEMA_INVALID",
2026-09-12T04:35:24.2673663Z       "observed_code": "SCHEMA_INVALID",
2026-09-12T04:35:24.2673879Z       "passed": true
2026-09-12T04:35:24.2674046Z     },
2026-09-12T04:35:24.2674194Z     {
2026-09-12T04:35:24.2674427Z       "case_id": "query_parameter_control_character_rejected",
2026-09-12T04:35:24.2674810Z       "expected_code": "SCHEMA_INVALID",
2026-09-12T04:35:24.2675112Z       "observed_code": "SCHEMA_INVALID",
2026-09-12T04:35:24.2675331Z       "passed": true
2026-09-12T04:35:24.2675495Z     },
2026-09-12T04:35:24.2675641Z     {
2026-09-12T04:35:24.2675852Z       "case_id": "query_parameter_oversized_name_rejected",
2026-09-12T04:35:24.2676116Z       "expected_code": "SCHEMA_INVALID",
2026-09-12T04:35:24.2676343Z       "observed_code": "SCHEMA_INVALID",
2026-09-12T04:35:24.2676748Z       "passed": true
2026-09-12T04:35:24.2676908Z     },
2026-09-12T04:35:24.2677093Z     {
2026-09-12T04:35:24.2677409Z       "case_id": "workflow_instance_dot_rejected_by_provider_contract",
2026-09-12T04:35:24.2677715Z       "expected_code": "SCHEMA_INVALID",
2026-09-12T04:35:24.2677950Z       "observed_code": "SCHEMA_INVALID",
2026-09-12T04:35:24.2678170Z       "passed": true
2026-09-12T04:35:24.2678334Z     },
2026-09-12T04:35:24.2678481Z     {
2026-09-12T04:35:24.2678978Z       "case_id": "workflow_instance_colon_rejected_by_provider_contract",
2026-09-12T04:35:24.2679305Z       "expected_code": "SCHEMA_INVALID",
2026-09-12T04:35:24.2679533Z       "observed_code": "SCHEMA_INVALID",
2026-09-12T04:35:24.2679743Z       "passed": true
2026-09-12T04:35:24.2679903Z     },
2026-09-12T04:35:24.2680046Z     {
2026-09-12T04:35:24.2680329Z       "case_id": "workflow_instance_over_100_rejected_by_provider_contract",
2026-09-12T04:35:24.2680766Z       "expected_code": "SCHEMA_INVALID",
2026-09-12T04:35:24.2681000Z       "observed_code": "SCHEMA_INVALID",
2026-09-12T04:35:24.2681212Z       "passed": true
2026-09-12T04:35:24.2681375Z     },
2026-09-12T04:35:24.2681518Z     {
2026-09-12T04:35:24.2681706Z       "case_id": "secret_value_not_a_locator",
2026-09-12T04:35:24.2681953Z       "expected_code": "SCHEMA_INVALID",
2026-09-12T04:35:24.2682185Z       "observed_code": "SCHEMA_INVALID",
2026-09-12T04:35:24.2682424Z       "passed": true
2026-09-12T04:35:24.2682663Z     },
2026-09-12T04:35:24.2682813Z     {
2026-09-12T04:35:24.2683025Z       "case_id": "raw_healthcare_row_payload_sentinel",
2026-09-12T04:35:24.2683285Z       "expected_code": "SCHEMA_INVALID",
2026-09-12T04:35:24.2683514Z       "observed_code": "SCHEMA_INVALID",
2026-09-12T04:35:24.2683721Z       "passed": true
2026-09-12T04:35:24.2683881Z     },
2026-09-12T04:35:24.2684072Z     {
2026-09-12T04:35:24.2684327Z       "case_id": "payload_route_purpose_forbidden",
2026-09-12T04:35:24.2684592Z       "expected_code": "SCHEMA_INVALID",
2026-09-12T04:35:24.2684818Z       "observed_code": "SCHEMA_INVALID",
2026-09-12T04:35:24.2685027Z       "passed": true
2026-09-12T04:35:24.2685189Z     },
2026-09-12T04:35:24.2685333Z     {
2026-09-12T04:35:24.2685518Z       "case_id": "missing_capture_evidence",
2026-09-12T04:35:24.2685831Z       "expected_code": "SCHEMA_INVALID",
2026-09-12T04:35:24.2686104Z       "observed_code": "SCHEMA_INVALID",
2026-09-12T04:35:24.2686318Z       "passed": true
2026-09-12T04:35:24.2686637Z     },
2026-09-12T04:35:24.2686785Z     {
2026-09-12T04:35:24.2687088Z       "case_id": "stale_lease_epoch_fenced",
2026-09-12T04:35:24.2687331Z       "expected_code": "STALE_LEASE_EPOCH",
2026-09-12T04:35:24.2687640Z       "observed_code": "STALE_LEASE_EPOCH",
2026-09-12T04:35:24.2687935Z       "passed": true
2026-09-12T04:35:24.2688097Z     },
2026-09-12T04:35:24.2688236Z     {
2026-09-12T04:35:24.2688417Z       "case_id": "stale_run_attempt_fenced",
2026-09-12T04:35:24.2688657Z       "expected_code": "STALE_RUN_ATTEMPT",
2026-09-12T04:35:24.2688893Z       "observed_code": "STALE_RUN_ATTEMPT",
2026-09-12T04:35:24.2689103Z       "passed": true
2026-09-12T04:35:24.2689345Z     },
2026-09-12T04:35:24.2689537Z     {
2026-09-12T04:35:24.2689741Z       "case_id": "partial_run_keeps_last_known_good",
2026-09-12T04:35:24.2690069Z       "expected_code": "LAST_KNOWN_GOOD_REPLACED_BY_INCOMPLETE_RUN",
2026-09-12T04:35:24.2690425Z       "observed_code": "LAST_KNOWN_GOOD_REPLACED_BY_INCOMPLETE_RUN",
2026-09-12T04:35:24.2690703Z       "passed": true
2026-09-12T04:35:24.2690913Z     },
2026-09-12T04:35:24.2691119Z     {
2026-09-12T04:35:24.2691338Z       "case_id": "publication_barrier_missing_enumeration",
2026-09-12T04:35:24.2691654Z       "expected_code": "PUBLICATION_BARRIER_INCOMPLETE",
2026-09-12T04:35:24.2691963Z       "observed_code": "PUBLICATION_BARRIER_INCOMPLETE",
2026-09-12T04:35:24.2692208Z       "passed": true
2026-09-12T04:35:24.2692376Z     },
2026-09-12T04:35:24.2692526Z     {
2026-09-12T04:35:24.2692792Z       "case_id": "cursor_expiry_cannot_seal",
2026-09-12T04:35:24.2693115Z       "expected_code": "ENUMERATION_SEAL_INCOMPLETE",
2026-09-12T04:35:24.2693399Z       "observed_code": "ENUMERATION_SEAL_INCOMPLETE",
2026-09-12T04:35:24.2693638Z       "passed": true
2026-09-12T04:35:24.2693798Z     },
2026-09-12T04:35:24.2693955Z     {
2026-09-12T04:35:24.2694171Z       "case_id": "checkpoint_cannot_advance_without_seal",
2026-09-12T04:35:24.2694516Z       "expected_code": "CHECKPOINT_ADVANCES_WITHOUT_SEALED_ENUMERATION",
2026-09-12T04:35:24.2695090Z       "observed_code": "CHECKPOINT_ADVANCES_WITHOUT_SEALED_ENUMERATION",
2026-09-12T04:35:24.2695411Z       "passed": true
2026-09-12T04:35:24.2695578Z     },
2026-09-12T04:35:24.2695726Z     {
2026-09-12T04:35:24.2695945Z       "case_id": "duplicate_delivery_conflicting_effect",
2026-09-12T04:35:24.2696255Z       "expected_code": "DUPLICATE_DELIVERY_EFFECT_CONFLICT",
2026-09-12T04:35:24.2696785Z       "observed_code": "DUPLICATE_DELIVERY_EFFECT_CONFLICT",
2026-09-12T04:35:24.2697039Z       "passed": true
2026-09-12T04:35:24.2697205Z     },
2026-09-12T04:35:24.2697352Z     {
2026-09-12T04:35:24.2697559Z       "case_id": "dlq_replay_must_allocate_new_lineage",
2026-09-12T04:35:24.2697844Z       "expected_code": "DLQ_REPLAY_RESETS_HISTORY",
2026-09-12T04:35:24.2698119Z       "observed_code": "DLQ_REPLAY_RESETS_HISTORY",
2026-09-12T04:35:24.2698423Z       "passed": true
2026-09-12T04:35:24.2698663Z     },
2026-09-12T04:35:24.2698875Z     {
2026-09-12T04:35:24.2699187Z       "case_id": "dlq_replay_preserves_original_policy",
2026-09-12T04:35:24.2699610Z       "expected_code": "DLQ_REPLAY_LINEAGE_UNRESOLVED",
2026-09-12T04:35:24.2699991Z       "observed_code": "DLQ_REPLAY_LINEAGE_UNRESOLVED",
2026-09-12T04:35:24.2700224Z       "passed": true
2026-09-12T04:35:24.2700396Z     },
2026-09-12T04:35:24.2700543Z     {
2026-09-12T04:35:24.2700756Z       "case_id": "conditional_304_requires_reused_capture",
2026-09-12T04:35:24.2701043Z       "expected_code": "CONDITIONAL_304_INVALID",
2026-09-12T04:35:24.2701314Z       "observed_code": "CONDITIONAL_304_INVALID",
2026-09-12T04:35:24.2701545Z       "passed": true
2026-09-12T04:35:24.2701715Z     },
2026-09-12T04:35:24.2701866Z     {
2026-09-12T04:35:24.2702075Z       "case_id": "four_clocks_system_before_observation",
2026-09-12T04:35:24.2702389Z       "expected_code": "FOUR_CLOCK_SYSTEM_BEFORE_OBSERVATION",
2026-09-12T04:35:24.2702715Z       "observed_code": "FOUR_CLOCK_SYSTEM_BEFORE_OBSERVATION",
2026-09-12T04:35:24.2702961Z       "passed": true
2026-09-12T04:35:24.2703134Z     },
2026-09-12T04:35:24.2703415Z     {
2026-09-12T04:35:24.2703611Z       "case_id": "four_clocks_unknown_not_inferred",
2026-09-12T04:35:24.2703911Z       "expected_code": "FOUR_CLOCK_COVERAGE_STATE_MISMATCH",
2026-09-12T04:35:24.2704222Z       "observed_code": "FOUR_CLOCK_COVERAGE_STATE_MISMATCH",
2026-09-12T04:35:24.2704465Z       "passed": true
2026-09-12T04:35:24.2704627Z     },
2026-09-12T04:35:24.2704771Z     {
2026-09-12T04:35:24.2704957Z       "case_id": "bad_terminal_run_transition",
2026-09-12T04:35:24.2705235Z       "expected_code": "STATE_TRANSITION_INVALID",
2026-09-12T04:35:24.2705512Z       "observed_code": "STATE_TRANSITION_INVALID",
2026-09-12T04:35:24.2705736Z       "passed": true
2026-09-12T04:35:24.2705899Z     },
2026-09-12T04:35:24.2706042Z     {
2026-09-12T04:35:24.2706233Z       "case_id": "pause_requires_complete_drain",
2026-09-12T04:35:24.2706802Z       "expected_code": "PAUSE_DRAIN_INCOMPLETE",
2026-09-12T04:35:24.2707177Z       "observed_code": "PAUSE_DRAIN_INCOMPLETE",
2026-09-12T04:35:24.2707405Z       "passed": true
2026-09-12T04:35:24.2707570Z     },
2026-09-12T04:35:24.2707762Z     {
2026-09-12T04:35:24.2708065Z       "case_id": "retry_cannot_ack_before_reledger_commit",
2026-09-12T04:35:24.2708497Z       "expected_code": "RELEDGER_RETRY_NOT_DURABLE",
2026-09-12T04:35:24.2708939Z       "observed_code": "RELEDGER_RETRY_NOT_DURABLE",
2026-09-12T04:35:24.2709295Z       "passed": true
2026-09-12T04:35:24.2709525Z     },
2026-09-12T04:35:24.2709725Z     {
2026-09-12T04:35:24.2710018Z       "case_id": "cursor_404_is_enumeration_failure",
2026-09-12T04:35:24.2710473Z       "expected_code": "COLLECTION_ABSENCE_MISCLASSIFIED",
2026-09-12T04:35:24.2710958Z       "observed_code": "COLLECTION_ABSENCE_MISCLASSIFIED",
2026-09-12T04:35:24.2711316Z       "passed": true
2026-09-12T04:35:24.2711557Z     },
2026-09-12T04:35:24.2711768Z     {
2026-09-12T04:35:24.2712073Z       "case_id": "capture_content_address_mismatch",
2026-09-12T04:35:24.2712683Z       "expected_code": "CAPTURE_CONTENT_ADDRESS_MISMATCH",
2026-09-12T04:35:24.2713164Z       "observed_code": "CAPTURE_CONTENT_ADDRESS_MISMATCH",
2026-09-12T04:35:24.2713477Z       "passed": true
2026-09-12T04:35:24.2713641Z     },
2026-09-12T04:35:24.2713785Z     {
2026-09-12T04:35:24.2713985Z       "case_id": "job_idempotency_key_exactness",
2026-09-12T04:35:24.2714297Z       "expected_code": "JOB_IDEMPOTENCY_KEY_MISMATCH",
2026-09-12T04:35:24.2714742Z       "observed_code": "JOB_IDEMPOTENCY_KEY_MISMATCH",
2026-09-12T04:35:24.2715097Z       "passed": true
2026-09-12T04:35:24.2715326Z     },
2026-09-12T04:35:24.2715534Z     {
2026-09-12T04:35:24.2715890Z       "case_id": "outbox_message_cannot_embed_response_body",
2026-09-12T04:35:24.2716327Z       "expected_code": "SCHEMA_INVALID",
2026-09-12T04:35:24.2716821Z       "observed_code": "SCHEMA_INVALID",
2026-09-12T04:35:24.2717150Z       "passed": true
2026-09-12T04:35:24.2717391Z     },
2026-09-12T04:35:24.2717591Z     {
2026-09-12T04:35:24.2717941Z       "case_id": "terminal_not_found_cannot_be_blindly_retried",
2026-09-12T04:35:24.2718326Z       "expected_code": "FAILURE_POLICY_DISPOSITION_MISMATCH",
2026-09-12T04:35:24.2718645Z       "observed_code": "FAILURE_POLICY_DISPOSITION_MISMATCH",
2026-09-12T04:35:24.2718892Z       "passed": true
2026-09-12T04:35:24.2719057Z     }
2026-09-12T04:35:24.2719201Z   ],
2026-09-12T04:35:24.2719363Z   "zero_action_counters": {
2026-09-12T04:35:24.2719574Z     "external_requests": 0,
2026-09-12T04:35:24.2719787Z     "source_payload_downloads": 0,
2026-09-12T04:35:24.2720020Z     "source_data_rows_captured": 0,
2026-09-12T04:35:24.2720254Z     "authorization_submissions": 0,
2026-09-12T04:35:24.2720465Z     "identity_merges": 0,
2026-09-12T04:35:24.2720654Z     "analyses_executed": 0,
2026-09-12T04:35:24.2720872Z     "raw_questions_persisted": 0,
2026-09-12T04:35:24.2721099Z     "secret_values_persisted": 0
2026-09-12T04:35:24.2721291Z   },
2026-09-12T04:35:24.2721444Z   "errors": [],
2026-09-12T04:35:24.2721613Z   "immutable": true
2026-09-12T04:35:24.2721786Z }
2026-09-12T04:35:24.3315748Z 
2026-09-12T04:35:24.3316310Z [verify] contracts/machine-toolkit/v1.0.0 :: test
2026-09-12T04:35:25.4587894Z 
2026-09-12T04:35:25.4588414Z > @ushso/machine-toolkit-contract@1.0.0 test
2026-09-12T04:35:25.4588771Z > node tests/contract.test.mjs
2026-09-12T04:35:25.4589001Z 
2026-09-12T04:35:25.4589114Z TAP version 13
2026-09-12T04:35:25.4589559Z # Subtest: all local Draft 2020-12 schemas compile in strict Ajv mode
2026-09-12T04:35:25.4590145Z ok 1 - all local Draft 2020-12 schemas compile in strict Ajv mode
2026-09-12T04:35:25.4590524Z   ---
2026-09-12T04:35:25.4590702Z   duration_ms: 362.498956
2026-09-12T04:35:25.4590905Z   type: 'test'
2026-09-12T04:35:25.4591099Z   ...
2026-09-12T04:35:25.4591545Z # Subtest: every public schema collection, string, and object is bounded
2026-09-12T04:35:25.4592193Z ok 2 - every public schema collection, string, and object is bounded
2026-09-12T04:35:25.4592469Z   ---
2026-09-12T04:35:25.4592632Z   duration_ms: 4.588338
2026-09-12T04:35:25.4592843Z   type: 'test'
2026-09-12T04:35:25.4593106Z   ...
2026-09-12T04:35:25.4593587Z # Subtest: shared coverage-cell and plan-status vocabularies preserve exact canonical parity
2026-09-12T04:35:25.4594320Z ok 3 - shared coverage-cell and plan-status vocabularies preserve exact canonical parity
2026-09-12T04:35:25.4594725Z   ---
2026-09-12T04:35:25.4594957Z   duration_ms: 0.140231
2026-09-12T04:35:25.4595232Z   type: 'test'
2026-09-12T04:35:25.4595467Z   ...
2026-09-12T04:35:25.4595800Z # Subtest: normative contract artifacts validate against closed schemas
2026-09-12T04:35:25.4596219Z ok 4 - normative contract artifacts validate against closed schemas
2026-09-12T04:35:25.4596698Z   ---
2026-09-12T04:35:25.4596934Z   duration_ms: 63.198069
2026-09-12T04:35:25.4597218Z   type: 'test'
2026-09-12T04:35:25.4597456Z   ...
2026-09-12T04:35:25.4597952Z # Subtest: manifest exposes exactly nine gated read-only capabilities and exact parity routes
2026-09-12T04:35:25.4598806Z ok 5 - manifest exposes exactly nine gated read-only capabilities and exact parity routes
2026-09-12T04:35:25.4599344Z   ---
2026-09-12T04:35:25.4599550Z   duration_ms: 0.364039
2026-09-12T04:35:25.4599736Z   type: 'test'
2026-09-12T04:35:25.4599889Z   ...
2026-09-12T04:35:25.4600400Z # Subtest: legacy discover_sources remains disabled and fails limits above twenty
2026-09-12T04:35:25.4601032Z ok 6 - legacy discover_sources remains disabled and fails limits above twenty
2026-09-12T04:35:25.4601437Z   ---
2026-09-12T04:35:25.4601593Z   duration_ms: 0.105168
2026-09-12T04:35:25.4601769Z   type: 'test'
2026-09-12T04:35:25.4601990Z   ...
2026-09-12T04:35:25.4602471Z # Subtest: fixture generation is deterministic and covers every capability
2026-09-12T04:35:25.4603038Z ok 7 - fixture generation is deterministic and covers every capability
2026-09-12T04:35:25.4603326Z   ---
2026-09-12T04:35:25.4603567Z   duration_ms: 5.785293
2026-09-12T04:35:25.4603795Z   type: 'test'
2026-09-12T04:35:25.4603946Z   ...
2026-09-12T04:35:25.4604546Z # Subtest: all input and response fixtures pass schema, semantic, and transport parity validation
2026-09-12T04:35:25.4605149Z ok 8 - all input and response fixtures pass schema, semantic, and transport parity validation
2026-09-12T04:35:25.4605700Z   ---
2026-09-12T04:35:25.4605906Z   duration_ms: 10.771321
2026-09-12T04:35:25.4606220Z   type: 'test'
2026-09-12T04:35:25.4606736Z   ...
2026-09-12T04:35:25.4607233Z # Subtest: JSON API and WebMCP share semantic snapshots despite transport fields
2026-09-12T04:35:25.4614798Z ok 9 - JSON API and WebMCP share semantic snapshots despite transport fields
2026-09-12T04:35:25.4615134Z   ---
2026-09-12T04:35:25.4615307Z   duration_ms: 2.716386
2026-09-12T04:35:25.4615590Z   type: 'test'
2026-09-12T04:35:25.4615823Z   ...
2026-09-12T04:35:25.4616307Z # Subtest: every response preserves generation pins, zero-action truth, and output limits
2026-09-12T04:35:25.4617050Z ok 10 - every response preserves generation pins, zero-action truth, and output limits
2026-09-12T04:35:25.4617388Z   ---
2026-09-12T04:35:25.4617833Z   duration_ms: 0.657181
2026-09-12T04:35:25.4618103Z   type: 'test'
2026-09-12T04:35:25.4618313Z   ...
2026-09-12T04:35:25.4618654Z # Subtest: coverage fixtures preserve unknown and prohibit unsupported absence claims
2026-09-12T04:35:25.4619191Z ok 11 - coverage fixtures preserve unknown and prohibit unsupported absence claims
2026-09-12T04:35:25.4619675Z   ---
2026-09-12T04:35:25.4619873Z   duration_ms: 0.144918
2026-09-12T04:35:25.4620053Z   type: 'test'
2026-09-12T04:35:25.4620207Z   ...
2026-09-12T04:35:25.4620529Z # Subtest: access, retrieval, joins, and comparisons preserve the product boundary
2026-09-12T04:35:25.4621230Z ok 12 - access, retrieval, joins, and comparisons preserve the product boundary
2026-09-12T04:35:25.4621550Z   ---
2026-09-12T04:35:25.4621708Z   duration_ms: 0.140743
2026-09-12T04:35:25.4621886Z   type: 'test'
2026-09-12T04:35:25.4622039Z   ...
2026-09-12T04:35:25.4622329Z # Subtest: planner gate state is a pure function of all required receipts
2026-09-12T04:35:25.4622905Z ok 13 - planner gate state is a pure function of all required receipts
2026-09-12T04:35:25.4623297Z   ---
2026-09-12T04:35:25.4623453Z   duration_ms: 0.093821
2026-09-12T04:35:25.4623631Z   type: 'test'
2026-09-12T04:35:25.4623791Z   ...
2026-09-12T04:35:25.4624159Z # Subtest: all adversarial mutations fail closed with their exact expected findings
2026-09-12T04:35:25.4624872Z ok 14 - all adversarial mutations fail closed with their exact expected findings
2026-09-12T04:35:25.4625194Z   ---
2026-09-12T04:35:25.4625353Z   duration_ms: 31.899287
2026-09-12T04:35:25.4625538Z   type: 'test'
2026-09-12T04:35:25.4625693Z   ...
2026-09-12T04:35:25.4626244Z # Subtest: canonical content digests are deterministic and distinct from exact file-byte hashes
2026-09-12T04:35:25.4627832Z ok 15 - canonical content digests are deterministic and distinct from exact file-byte hashes
2026-09-12T04:35:25.4628193Z   ---
2026-09-12T04:35:25.4628355Z   duration_ms: 0.625423
2026-09-12T04:35:25.4628665Z   type: 'test'
2026-09-12T04:35:25.4628830Z   ...
2026-09-12T04:35:25.4629296Z # Subtest: package manifest pins every included file and its aggregate content digest
2026-09-12T04:35:25.4629939Z ok 16 - package manifest pins every included file and its aggregate content digest
2026-09-12T04:35:25.4630251Z   ---
2026-09-12T04:35:25.4630410Z   duration_ms: 39.214988
2026-09-12T04:35:25.4630617Z   type: 'test'
2026-09-12T04:35:25.4630854Z   ...
2026-09-12T04:35:25.4631094Z # Subtest: full package validation gate passes
2026-09-12T04:35:25.4631515Z ok 17 - full package validation gate passes
2026-09-12T04:35:25.4631747Z   ---
2026-09-12T04:35:25.4631903Z   duration_ms: 391.575783
2026-09-12T04:35:25.4632083Z   type: 'test'
2026-09-12T04:35:25.4632238Z   ...
2026-09-12T04:35:25.4632379Z 1..17
2026-09-12T04:35:25.4632562Z # tests 17
2026-09-12T04:35:25.4632789Z # suites 0
2026-09-12T04:35:25.4632977Z # pass 17
2026-09-12T04:35:25.4633168Z # fail 0
2026-09-12T04:35:25.4633398Z # cancelled 0
2026-09-12T04:35:25.4633562Z # skipped 0
2026-09-12T04:35:25.4633716Z # todo 0
2026-09-12T04:35:25.4633882Z # duration_ms 920.14027
2026-09-12T04:35:25.5171506Z 
2026-09-12T04:35:25.5172164Z [verify] contracts/machine-toolkit/v1.0.0 :: validate
2026-09-12T04:35:26.2038743Z 
2026-09-12T04:35:26.2039360Z > @ushso/machine-toolkit-contract@1.0.0 validate
2026-09-12T04:35:26.2039882Z > node tools/validate-package.mjs
2026-09-12T04:35:26.2040116Z 
2026-09-12T04:35:26.2041596Z {"status":"pass","counts":{"local_schemas":28,"dependency_schemas":19,"tools":9,"conformance_cases":14,"adversarial_cases":33,"semantic_checks":80,"parity_cases":14,"bound_findings":0,"validation_errors":0},"package_content_digest":"sha256:689531fce20b51589a4dbb59ccc180ac492b5dc2282ec43ee6a77ca50bed2a69"}
2026-09-12T04:35:26.2607540Z 
2026-09-12T04:35:26.2608135Z [verify] contracts/machine-toolkit/v1.1.0 :: test
2026-09-12T04:35:26.8770640Z 
2026-09-12T04:35:26.8771378Z > @ushso/machine-toolkit-response-successor-v1.1@1.1.0 test
2026-09-12T04:35:26.8771887Z > node --test tests/*.test.mjs
2026-09-12T04:35:26.8772346Z 
2026-09-12T04:35:26.8772432Z TAP version 13
2026-09-12T04:35:26.8772872Z # Subtest: successor success and domain errors expose explicit unknown quota, never fabricated counters
2026-09-12T04:35:26.8773481Z ok 1 - successor success and domain errors expose explicit unknown quota, never fabricated counters
2026-09-12T04:35:26.8773855Z   ---
2026-09-12T04:35:26.8774032Z   duration_ms: 9.948931
2026-09-12T04:35:26.8774219Z   type: 'test'
2026-09-12T04:35:26.8774389Z   ...
2026-09-12T04:35:26.8774799Z # Subtest: versioned validator rejects unknown quota disguised as legacy and fabricated successor numbers
2026-09-12T04:35:26.8775400Z ok 2 - versioned validator rejects unknown quota disguised as legacy and fabricated successor numbers
2026-09-12T04:35:26.8775771Z   ---
2026-09-12T04:35:26.8775932Z   duration_ms: 1.451379
2026-09-12T04:35:26.8776107Z   type: 'test'
2026-09-12T04:35:26.8776273Z   ...
2026-09-12T04:35:26.8777100Z # Subtest: all nine successor JSON schemas validate actual unknown-error envelopes
2026-09-12T04:35:26.8777681Z ok 3 - all nine successor JSON schemas validate actual unknown-error envelopes
2026-09-12T04:35:26.8777993Z   ---
2026-09-12T04:35:26.8778167Z   duration_ms: 358.538076
2026-09-12T04:35:26.8778359Z   type: 'test'
2026-09-12T04:35:26.8778524Z   ...
2026-09-12T04:35:26.8778902Z # Subtest: malformed input and safety fallback remain unknown even when response context is absent
2026-09-12T04:35:26.8779470Z ok 4 - malformed input and safety fallback remain unknown even when response context is absent
2026-09-12T04:35:26.8779809Z   ---
2026-09-12T04:35:26.8779964Z   duration_ms: 0.969953
2026-09-12T04:35:26.8780145Z   type: 'test'
2026-09-12T04:35:26.8780303Z   ...
2026-09-12T04:35:26.8780445Z 1..4
2026-09-12T04:35:26.8780589Z # tests 4
2026-09-12T04:35:26.8780740Z # suites 0
2026-09-12T04:35:26.8780890Z # pass 4
2026-09-12T04:35:26.8781050Z # fail 0
2026-09-12T04:35:26.8781198Z # cancelled 0
2026-09-12T04:35:26.8781361Z # skipped 0
2026-09-12T04:35:26.8781657Z # todo 0
2026-09-12T04:35:26.8781833Z # duration_ms 451.466286
2026-09-12T04:35:26.9404918Z 
2026-09-12T04:35:26.9405492Z [verify] contracts/machine-toolkit/v1.1.0 :: validate
2026-09-12T04:35:27.4730528Z 
2026-09-12T04:35:27.4731290Z > @ushso/machine-toolkit-response-successor-v1.1@1.1.0 validate
2026-09-12T04:35:27.4731836Z > node tools/verify.mjs
2026-09-12T04:35:27.4732024Z 
2026-09-12T04:35:27.4733444Z {"status":"pass","compiled_response_schemas":["compare_assets","get_access_plan","get_asset","get_coverage_status","get_join_routes","get_retrieval_recipe","get_variables","plan_research","search_assets"],"approval":"pending","historical_contracts_modified":false}
2026-09-12T04:35:27.5308245Z 
2026-09-12T04:35:27.5308686Z [verify] contracts/machine-toolkit/v1.2.0 :: test
2026-09-12T04:35:27.9976666Z 
2026-09-12T04:35:27.9977369Z > @ushso/machine-toolkit-variable-identity-v1.2@1.2.0 test
2026-09-12T04:35:27.9977784Z > node --test tests/*.test.mjs
2026-09-12T04:35:27.9977930Z 
2026-09-12T04:35:27.9978035Z TAP version 13
2026-09-12T04:35:27.9978419Z # Subtest: verifier compiles the local closed schema and preserves literal semantics
2026-09-12T04:35:27.9978908Z ok 1 - verifier compiles the local closed schema and preserves literal semantics
2026-09-12T04:35:27.9979213Z   ---
2026-09-12T04:35:27.9979385Z   duration_ms: 79.468282
2026-09-12T04:35:27.9979602Z   type: 'test'
2026-09-12T04:35:27.9979839Z   ...
2026-09-12T04:35:27.9980234Z # Subtest: closed boundary rejects unauthorized fields and publication claims
2026-09-12T04:35:27.9980684Z ok 2 - closed boundary rejects unauthorized fields and publication claims
2026-09-12T04:35:27.9980973Z   ---
2026-09-12T04:35:27.9981134Z   duration_ms: 46.570005
2026-09-12T04:35:27.9981343Z   type: 'test'
2026-09-12T04:35:27.9981575Z   ...
2026-09-12T04:35:27.9981946Z # Subtest: unresolved and ambiguous mappings cannot carry a stable identity
2026-09-12T04:35:27.9982375Z ok 3 - unresolved and ambiguous mappings cannot carry a stable identity
2026-09-12T04:35:27.9982661Z   ---
2026-09-12T04:35:27.9983044Z   duration_ms: 48.598453
2026-09-12T04:35:27.9983226Z   type: 'test'
2026-09-12T04:35:27.9983437Z   ...
2026-09-12T04:35:27.9983868Z # Subtest: mapping states preserve exact and reviewed literal alternatives
2026-09-12T04:35:27.9984327Z ok 4 - mapping states preserve exact and reviewed literal alternatives
2026-09-12T04:35:27.9984614Z   ---
2026-09-12T04:35:27.9984780Z   duration_ms: 31.311739
2026-09-12T04:35:27.9984967Z   type: 'test'
2026-09-12T04:35:27.9985211Z   ...
2026-09-12T04:35:27.9985569Z # Subtest: identifier N/A differs from measurement missing or unknown units
2026-09-12T04:35:27.9986010Z ok 5 - identifier N/A differs from measurement missing or unknown units
2026-09-12T04:35:27.9986286Z   ---
2026-09-12T04:35:27.9986674Z   duration_ms: 24.667041
2026-09-12T04:35:27.9986938Z   type: 'test'
2026-09-12T04:35:27.9987165Z   ...
2026-09-12T04:35:27.9987376Z 1..5
2026-09-12T04:35:27.9987599Z # tests 5
2026-09-12T04:35:27.9987825Z # suites 0
2026-09-12T04:35:27.9988076Z # pass 5
2026-09-12T04:35:27.9988309Z # fail 0
2026-09-12T04:35:27.9988545Z # cancelled 0
2026-09-12T04:35:27.9988786Z # skipped 0
2026-09-12T04:35:27.9989029Z # todo 0
2026-09-12T04:35:27.9989288Z # duration_ms 301.213607
2026-09-12T04:35:28.0619443Z 
2026-09-12T04:35:28.0620191Z [verify] contracts/machine-toolkit/v1.2.0 :: validate
2026-09-12T04:35:28.3298490Z 
2026-09-12T04:35:28.3299056Z > @ushso/machine-toolkit-variable-identity-v1.2@1.2.0 validate
2026-09-12T04:35:28.3299421Z > node tools/verify.mjs
2026-09-12T04:35:28.3299543Z 
2026-09-12T04:35:28.3902457Z {"status":"pass","package":"@ushso/machine-toolkit-variable-identity-v1.2","version":"1.2.0","schema_id":"https://ushso.org/contracts/machine-toolkit/v1.2.0/schemas/variable-identity.schema.json","schema_version":"ushso.variable-identity.v1.2.0","schema_sha256":"e6427730b3ad04653c3be13720bd9d7903d51ca7a331b7539493c039d5021c2c","external_references":0,"publication_authorized":false,"promotion_eligible":false}
2026-09-12T04:35:28.3904149Z 
2026-09-12T04:35:28.3904970Z [verify] contracts/publication/v1.0.0 :: test
2026-09-12T04:35:29.0088067Z 
2026-09-12T04:35:29.0088643Z > @ushso/publication-contract@1.0.0 test
2026-09-12T04:35:29.0089100Z > node --test tests/*.test.mjs
2026-09-12T04:35:29.0089243Z 
2026-09-12T04:35:29.0089327Z TAP version 13
2026-09-12T04:35:29.0089692Z # Subtest: all strict Draft 2020-12 schemas compile and the complete fixture validates
2026-09-12T04:35:29.0090442Z ok 1 - all strict Draft 2020-12 schemas compile and the complete fixture validates
2026-09-12T04:35:29.0090906Z   ---
2026-09-12T04:35:29.0091105Z   duration_ms: 153.13784
2026-09-12T04:35:29.0091302Z   type: 'test'
2026-09-12T04:35:29.0091470Z   ...
2026-09-12T04:35:29.0091807Z # Subtest: W1 is exact revision membership and every obligation is acknowledged once
2026-09-12T04:35:29.0092328Z ok 2 - W1 is exact revision membership and every obligation is acknowledged once
2026-09-12T04:35:29.0092782Z   ---
2026-09-12T04:35:29.0092995Z   duration_ms: 5.723339
2026-09-12T04:35:29.0093208Z   type: 'test'
2026-09-12T04:35:29.0093380Z   ...
2026-09-12T04:35:29.0093762Z # Subtest: publication pins seven coherent immutable components and an atomic pointer transaction
2026-09-12T04:35:29.0094488Z ok 3 - publication pins seven coherent immutable components and an atomic pointer transaction
2026-09-12T04:35:29.0094962Z   ---
2026-09-12T04:35:29.0095120Z   duration_ms: 1.504108
2026-09-12T04:35:29.0095296Z   type: 'test'
2026-09-12T04:35:29.0095457Z   ...
2026-09-12T04:35:29.0095785Z # Subtest: visibility exclusions are explicit and never become absence claims
2026-09-12T04:35:29.0096648Z ok 4 - visibility exclusions are explicit and never become absence claims
2026-09-12T04:35:29.0096961Z   ---
2026-09-12T04:35:29.0097126Z   duration_ms: 1.330496
2026-09-12T04:35:29.0097309Z   type: 'test'
2026-09-12T04:35:29.0097466Z   ...
2026-09-12T04:35:29.0097799Z # Subtest: semantic projection checksum excludes generation and projection time only
2026-09-12T04:35:29.0098560Z ok 5 - semantic projection checksum excludes generation and projection time only
2026-09-12T04:35:29.0099160Z   ---
2026-09-12T04:35:29.0099314Z   duration_ms: 1.508855
2026-09-12T04:35:29.0099482Z   type: 'test'
2026-09-12T04:35:29.0099733Z   ...
2026-09-12T04:35:29.0100245Z # Subtest: retired pins serve before TTL and return restart_required at and after expiry
2026-09-12T04:35:29.0100741Z ok 6 - retired pins serve before TTL and return restart_required at and after expiry
2026-09-12T04:35:29.0101036Z   ---
2026-09-12T04:35:29.0101228Z   duration_ms: 1.277166
2026-09-12T04:35:29.0101495Z   type: 'test'
2026-09-12T04:35:29.0101653Z   ...
2026-09-12T04:35:29.0102145Z # Subtest: legacy static compatibility never fabricates unavailable coverage SEO or planning
2026-09-12T04:35:29.0102689Z ok 7 - legacy static compatibility never fabricates unavailable coverage SEO or planning
2026-09-12T04:35:29.0103015Z   ---
2026-09-12T04:35:29.0103244Z   duration_ms: 1.323846
2026-09-12T04:35:29.0103518Z   type: 'test'
2026-09-12T04:35:29.0103749Z   ...
2026-09-12T04:35:29.0104126Z # Subtest: all adversarial membership, coherence, lifecycle, and rollback mutations fail closed
2026-09-12T04:35:29.0104731Z ok 8 - all adversarial membership, coherence, lifecycle, and rollback mutations fail closed
2026-09-12T04:35:29.0105158Z   ---
2026-09-12T04:35:29.0105353Z   duration_ms: 205.520859
2026-09-12T04:35:29.0105616Z   type: 'test'
2026-09-12T04:35:29.0105771Z   ...
2026-09-12T04:35:29.0106061Z # Subtest: package manifest pins the exact bytes of every payload file
2026-09-12T04:35:29.0106709Z ok 9 - package manifest pins the exact bytes of every payload file
2026-09-12T04:35:29.0106979Z   ---
2026-09-12T04:35:29.0107217Z   duration_ms: 9.281373
2026-09-12T04:35:29.0107493Z   type: 'test'
2026-09-12T04:35:29.0107736Z   ...
2026-09-12T04:35:29.0107887Z 1..9
2026-09-12T04:35:29.0108032Z # tests 9
2026-09-12T04:35:29.0108190Z # suites 0
2026-09-12T04:35:29.0108339Z # pass 9
2026-09-12T04:35:29.0108486Z # fail 0
2026-09-12T04:35:29.0108638Z # cancelled 0
2026-09-12T04:35:29.0109075Z # skipped 0
2026-09-12T04:35:29.0109238Z # todo 0
2026-09-12T04:35:29.0109408Z # duration_ms 455.974894
2026-09-12T04:35:29.0708794Z 
2026-09-12T04:35:29.0709226Z [verify] contracts/publication/v1.0.0 :: validate
2026-09-12T04:35:29.5266633Z 
2026-09-12T04:35:29.5267031Z > @ushso/publication-contract@1.0.0 validate
2026-09-12T04:35:29.5267502Z > node tools/validate-package.mjs
2026-09-12T04:35:29.5267678Z 
2026-09-12T04:35:29.5267802Z {
2026-09-12T04:35:29.5268150Z   "receipt_version": "publication-contract-validation.v1",
2026-09-12T04:35:29.5268519Z   "package_version": "1.0.0",
2026-09-12T04:35:29.5268817Z   "mode": "fixture_offline",
2026-09-12T04:35:29.5269064Z   "valid": true,
2026-09-12T04:35:29.5269324Z   "schema_count": 16,
2026-09-12T04:35:29.5269970Z   "positive_check_count": 86,
2026-09-12T04:35:29.5270327Z   "adversarial_check_count": 29,
2026-09-12T04:35:29.5270650Z   "failed_count": 0,
2026-09-12T04:35:29.5271233Z   "fixture_digest": "f2aae63c06b7fe0b1b2723ee52531b2b2f9dbaac733706be1c2b27b4b537080b",
2026-09-12T04:35:29.5271771Z   "manifest_verified": true,
2026-09-12T04:35:29.5272364Z   "manifest_sha256": "d6310a1f1aecd942f236690e8602e1ea2811d36563a279acf16dc019b66e0dd6",
2026-09-12T04:35:29.5272927Z   "external_requests": 0,
2026-09-12T04:35:29.5273228Z   "database_writes": 0,
2026-09-12T04:35:29.5273559Z   "publication_pointer_writes": 0,
2026-09-12T04:35:29.5273860Z   "checks": [
2026-09-12T04:35:29.5274199Z     "draft-2020-12-strict-schema-compilation",
2026-09-12T04:35:29.5274688Z     "exact-canonical-revision-membership-and-digest",
2026-09-12T04:35:29.5275179Z     "complete-as-of-w1-full-snapshot-only",
2026-09-12T04:35:29.5275605Z     "seven-component-generation-coherence",
2026-09-12T04:35:29.5276036Z     "projection-obligation-acknowledgement-completeness",
2026-09-12T04:35:29.5276829Z     "deterministic-document-component-and-build-checksums",
2026-09-12T04:35:29.5277381Z     "visibility-exclusion-and-zero-absence-claim",
2026-09-12T04:35:29.5277832Z     "all-required-publication-barriers",
2026-09-12T04:35:29.5278605Z     "atomic-pointer-and-append-only-history-transaction",
2026-09-12T04:35:29.5279061Z     "active-and-n-minus-one-retention",
2026-09-12T04:35:29.5279534Z     "retired-generation-ttl-and-restart-required",
2026-09-12T04:35:29.5280023Z     "n-minus-one-worker-and-static-rollback-pins",
2026-09-12T04:35:29.5280550Z     "legacy-coverage-seo-planner-typed-unknown",
2026-09-12T04:35:29.5280966Z     "metadata-only-product-boundary",
2026-09-12T04:35:29.5281379Z     "adversarial-fixture-fail-closed",
2026-09-12T04:35:29.5281773Z     "exact-byte-package-manifest"
2026-09-12T04:35:29.5282072Z   ],
2026-09-12T04:35:29.5282306Z   "errors": [],
2026-09-12T04:35:29.5282575Z   "immutable": true
2026-09-12T04:35:29.5282819Z }
2026-09-12T04:35:29.5840346Z 
2026-09-12T04:35:29.5841000Z [verify] contracts/research-plan/v1.0.0 :: test
2026-09-12T04:35:30.1071305Z 
2026-09-12T04:35:30.1071827Z > @ushso/research-plan-contract@1.0.0 test
2026-09-12T04:35:30.1072205Z > node --test tests/*.test.mjs
2026-09-12T04:35:30.1072365Z 
2026-09-12T04:35:30.1072440Z TAP version 13
2026-09-12T04:35:30.1072757Z # Subtest: all package schemas compile as strict JSON Schema 2020-12
2026-09-12T04:35:30.1073162Z ok 1 - all package schemas compile as strict JSON Schema 2020-12
2026-09-12T04:35:30.1073431Z   ---
2026-09-12T04:35:30.1073604Z   duration_ms: 176.377363
2026-09-12T04:35:30.1073857Z   type: 'test'
2026-09-12T04:35:30.1074084Z   ...
2026-09-12T04:35:30.1074443Z # Subtest: canonical plan schema requires every section in plan 14.1 plus reason codes
2026-09-12T04:35:30.1074946Z ok 2 - canonical plan schema requires every section in plan 14.1 plus reason codes
2026-09-12T04:35:30.1075261Z   ---
2026-09-12T04:35:30.1075426Z   duration_ms: 0.620416
2026-09-12T04:35:30.1075663Z   type: 'test'
2026-09-12T04:35:30.1075905Z   ...
2026-09-12T04:35:30.1076271Z # Subtest: valid fixtures cover all statuses and pass schema plus semantic validation
2026-09-12T04:35:30.1077620Z ok 3 - valid fixtures cover all statuses and pass schema plus semantic validation
2026-09-12T04:35:30.1078121Z   ---
2026-09-12T04:35:30.1078359Z   duration_ms: 31.576589
2026-09-12T04:35:30.1078639Z   type: 'test'
2026-09-12T04:35:30.1078872Z   ...
2026-09-12T04:35:30.1079407Z # Subtest: every adversarial planner overclaim is rejected with its frozen reason codes
2026-09-12T04:35:30.1080096Z ok 4 - every adversarial planner overclaim is rejected with its frozen reason codes
2026-09-12T04:35:30.1080530Z   ---
2026-09-12T04:35:30.1080770Z   duration_ms: 39.700398
2026-09-12T04:35:30.1080965Z   type: 'test'
2026-09-12T04:35:30.1081119Z   ...
2026-09-12T04:35:30.1081470Z # Subtest: plan and critical-claim digests are deterministic and transport-independent
2026-09-12T04:35:30.1082011Z ok 5 - plan and critical-claim digests are deterministic and transport-independent
2026-09-12T04:35:30.1082416Z   ---
2026-09-12T04:35:30.1082656Z   duration_ms: 2.099225
2026-09-12T04:35:30.1082917Z   type: 'test'
2026-09-12T04:35:30.1083127Z   ...
2026-09-12T04:35:30.1083510Z # Subtest: critical projection carries exact IDs, coverage, access, operations, support, and truth
2026-09-12T04:35:30.1084327Z ok 6 - critical projection carries exact IDs, coverage, access, operations, support, and truth
2026-09-12T04:35:30.1084787Z   ---
2026-09-12T04:35:30.1084939Z   duration_ms: 0.182044
2026-09-12T04:35:30.1085123Z   type: 'test'
2026-09-12T04:35:30.1085271Z   ...
2026-09-12T04:35:30.1085772Z # Subtest: request and normalized-request contracts are bounded, closed, and digest-pinned
2026-09-12T04:35:30.1086739Z ok 7 - request and normalized-request contracts are bounded, closed, and digest-pinned
2026-09-12T04:35:30.1087097Z   ---
2026-09-12T04:35:30.1087280Z   duration_ms: 2.08261
2026-09-12T04:35:30.1087552Z   type: 'test'
2026-09-12T04:35:30.1087748Z   ...
2026-09-12T04:35:30.1088289Z # Subtest: clarification tokens are privacy-safe and reject tamper, expiry, and stale pins
2026-09-12T04:35:30.1088828Z ok 8 - clarification tokens are privacy-safe and reject tamper, expiry, and stale pins
2026-09-12T04:35:30.1089390Z   ---
2026-09-12T04:35:30.1089609Z   duration_ms: 1.97671
2026-09-12T04:35:30.1089859Z   type: 'test'
2026-09-12T04:35:30.1090041Z   ...
2026-09-12T04:35:30.1090515Z # Subtest: clarification round trips pin generation and deterministically reach ready or incomplete
2026-09-12T04:35:30.1091329Z ok 9 - clarification round trips pin generation and deterministically reach ready or incomplete
2026-09-12T04:35:30.1091802Z   ---
2026-09-12T04:35:30.1091962Z   duration_ms: 0.733306
2026-09-12T04:35:30.1092140Z   type: 'test'
2026-09-12T04:35:30.1092291Z   ...
2026-09-12T04:35:30.1092620Z # Subtest: Pennsylvania vertical slice remains exact, constrained, and non-executed
2026-09-12T04:35:30.1093380Z ok 10 - Pennsylvania vertical slice remains exact, constrained, and non-executed
2026-09-12T04:35:30.1093798Z   ---
2026-09-12T04:35:30.1093949Z   duration_ms: 0.384049
2026-09-12T04:35:30.1094125Z   type: 'test'
2026-09-12T04:35:30.1094318Z   ...
2026-09-12T04:35:30.1094756Z # Subtest: claim and digest manifests freeze auditable roots and exact hash coverage
2026-09-12T04:35:30.1095466Z ok 11 - claim and digest manifests freeze auditable roots and exact hash coverage
2026-09-12T04:35:30.1095769Z   ---
2026-09-12T04:35:30.1095920Z   duration_ms: 7.845525
2026-09-12T04:35:30.1096093Z   type: 'test'
2026-09-12T04:35:30.1096298Z   ...
2026-09-12T04:35:30.1097040Z # Subtest: package manifest uses raw-byte hashes and canonical self-digest
2026-09-12T04:35:30.1097743Z ok 12 - package manifest uses raw-byte hashes and canonical self-digest
2026-09-12T04:35:30.1098087Z   ---
2026-09-12T04:35:30.1098310Z   duration_ms: 11.57372
2026-09-12T04:35:30.1098569Z   type: 'test'
2026-09-12T04:35:30.1098761Z   ...
2026-09-12T04:35:30.1099053Z # Subtest: validation receipt pins the exact successful package manifest
2026-09-12T04:35:30.1099604Z ok 13 - validation receipt pins the exact successful package manifest
2026-09-12T04:35:30.1100023Z   ---
2026-09-12T04:35:30.1100393Z   duration_ms: 1.321202
2026-09-12T04:35:30.1100574Z   type: 'test'
2026-09-12T04:35:30.1100727Z   ...
2026-09-12T04:35:30.1100869Z 1..13
2026-09-12T04:35:30.1101020Z # tests 13
2026-09-12T04:35:30.1101170Z # suites 0
2026-09-12T04:35:30.1101315Z # pass 13
2026-09-12T04:35:30.1101466Z # fail 0
2026-09-12T04:35:30.1101691Z # cancelled 0
2026-09-12T04:35:30.1101907Z # skipped 0
2026-09-12T04:35:30.1102146Z # todo 0
2026-09-12T04:35:30.1102343Z # duration_ms 354.896031
2026-09-12T04:35:30.1694425Z 
2026-09-12T04:35:30.1694873Z [verify] contracts/research-plan/v1.0.0 :: validate
2026-09-12T04:35:30.6312895Z 
2026-09-12T04:35:30.6313392Z > @ushso/research-plan-contract@1.0.0 validate
2026-09-12T04:35:30.6313754Z > node tools/validate-package.mjs
2026-09-12T04:35:30.6313913Z 
2026-09-12T04:35:30.6314287Z validated 19 schemas, 7 plans, 25 adversarial cases, and 7 token cases
2026-09-12T04:35:30.6947875Z 
2026-09-12T04:35:30.6948468Z [verify] contracts/tooling/v1.0.0 :: test
2026-09-12T04:35:31.1918249Z 
2026-09-12T04:35:31.1918833Z > @ushso/contract-tooling@1.0.0 test
2026-09-12T04:35:31.1919325Z > node --test tests/*.test.mjs
2026-09-12T04:35:31.1919549Z 
2026-09-12T04:35:31.1919639Z TAP version 13
2026-09-12T04:35:31.1920102Z # Subtest: RFC 8785 canonicalization vectors match byte-for-byte
2026-09-12T04:35:31.1920570Z ok 1 - RFC 8785 canonicalization vectors match byte-for-byte
2026-09-12T04:35:31.1920930Z   ---
2026-09-12T04:35:31.1921145Z   duration_ms: 5.782318
2026-09-12T04:35:31.1921430Z   type: 'test'
2026-09-12T04:35:31.1921648Z   ...
2026-09-12T04:35:31.1922233Z # Subtest: canonicalization preserves array order and normalizes finite ECMAScript numbers
2026-09-12T04:35:31.1923110Z ok 2 - canonicalization preserves array order and normalizes finite ECMAScript numbers
2026-09-12T04:35:31.1923597Z   ---
2026-09-12T04:35:31.1923864Z   duration_ms: 0.71633
2026-09-12T04:35:31.1924146Z   type: 'test'
2026-09-12T04:35:31.1924379Z   ...
2026-09-12T04:35:31.1924916Z # Subtest: strict JSON parsing rejects decoded duplicate keys and unsafe I-JSON
2026-09-12T04:35:31.1925925Z ok 3 - strict JSON parsing rejects decoded duplicate keys and unsafe I-JSON
2026-09-12T04:35:31.1926536Z   ---
2026-09-12T04:35:31.1926761Z   duration_ms: 0.479814
2026-09-12T04:35:31.1927013Z   type: 'test'
2026-09-12T04:35:31.1927200Z   ...
2026-09-12T04:35:31.1927554Z # Subtest: strict parser preserves __proto__ as data without prototype pollution
2026-09-12T04:35:31.1928023Z ok 4 - strict parser preserves __proto__ as data without prototype pollution
2026-09-12T04:35:31.1928333Z   ---
2026-09-12T04:35:31.1928518Z   duration_ms: 0.243687
2026-09-12T04:35:31.1928700Z   type: 'test'
2026-09-12T04:35:31.1928866Z   ...
2026-09-12T04:35:31.1929250Z # Subtest: canonicalization rejects accessors and non-enumerable object state without invoking it
2026-09-12T04:35:31.1929820Z ok 5 - canonicalization rejects accessors and non-enumerable object state without invoking it
2026-09-12T04:35:31.1930152Z   ---
2026-09-12T04:35:31.1930305Z   duration_ms: 0.39155
2026-09-12T04:35:31.1930490Z   type: 'test'
2026-09-12T04:35:31.1930648Z   ...
2026-09-12T04:35:31.1930940Z # Subtest: typed byte and canonical digests are distinct and deterministic
2026-09-12T04:35:31.1931360Z ok 6 - typed byte and canonical digests are distinct and deterministic
2026-09-12T04:35:31.1931628Z   ---
2026-09-12T04:35:31.1931782Z   duration_ms: 1.633053
2026-09-12T04:35:31.1931958Z   type: 'test'
2026-09-12T04:35:31.1932116Z   ...
2026-09-12T04:35:31.1932445Z # Subtest: JSONL set digest is row-order independent and rejects duplicate semantic rows
2026-09-12T04:35:31.1932931Z ok 7 - JSONL set digest is row-order independent and rejects duplicate semantic rows
2026-09-12T04:35:31.1933228Z   ---
2026-09-12T04:35:31.1933376Z   duration_ms: 1.241011
2026-09-12T04:35:31.1933544Z   type: 'test'
2026-09-12T04:35:31.1933699Z   ...
2026-09-12T04:35:31.1933974Z # Subtest: package content digest is path-order independent and typed
2026-09-12T04:35:31.1934366Z ok 8 - package content digest is path-order independent and typed
2026-09-12T04:35:31.1934799Z   ---
2026-09-12T04:35:31.1934956Z   duration_ms: 0.732745
2026-09-12T04:35:31.1935128Z   type: 'test'
2026-09-12T04:35:31.1935286Z   ...
2026-09-12T04:35:31.1935556Z # Subtest: Ajv 2020 registry enforces exact dependency and format pins
2026-09-12T04:35:31.1935938Z ok 9 - Ajv 2020 registry enforces exact dependency and format pins
2026-09-12T04:35:31.1936190Z   ---
2026-09-12T04:35:31.1936339Z   duration_ms: 79.60037
2026-09-12T04:35:31.1936732Z   type: 'test'
2026-09-12T04:35:31.1936891Z   ...
2026-09-12T04:35:31.1937155Z # Subtest: strict schema mode rejects unknown keywords and formats
2026-09-12T04:35:31.1937525Z ok 10 - strict schema mode rejects unknown keywords and formats
2026-09-12T04:35:31.1937787Z   ---
2026-09-12T04:35:31.1937942Z   duration_ms: 39.72885
2026-09-12T04:35:31.1938118Z   type: 'test'
2026-09-12T04:35:31.1938278Z   ...
2026-09-12T04:35:31.1938540Z # Subtest: valid and adversarial fixture manifest passes in full
2026-09-12T04:35:31.1938910Z ok 11 - valid and adversarial fixture manifest passes in full
2026-09-12T04:35:31.1939159Z   ---
2026-09-12T04:35:31.1939310Z   duration_ms: 49.42575
2026-09-12T04:35:31.1939551Z   type: 'test'
2026-09-12T04:35:31.1939785Z   ...
2026-09-12T04:35:31.1940335Z # Subtest: public schema bounds audit passes bounded schemas and rejects unbounded surfaces
2026-09-12T04:35:31.1940948Z ok 12 - public schema bounds audit passes bounded schemas and rejects unbounded surfaces
2026-09-12T04:35:31.1941271Z   ---
2026-09-12T04:35:31.1941427Z   duration_ms: 30.441657
2026-09-12T04:35:31.1941613Z   type: 'test'
2026-09-12T04:35:31.1941829Z   ...
2026-09-12T04:35:31.1942308Z # Subtest: package inventory is deterministic and keeps digest domains explicit
2026-09-12T04:35:31.1943025Z ok 13 - package inventory is deterministic and keeps digest domains explicit
2026-09-12T04:35:31.1943464Z   ---
2026-09-12T04:35:31.1943681Z   duration_ms: 35.008323
2026-09-12T04:35:31.1943939Z   type: 'test'
2026-09-12T04:35:31.1944168Z   ...
2026-09-12T04:35:31.1944672Z # Subtest: topological helpers are deterministic and reject cycles or dangling edges
2026-09-12T04:35:31.1945604Z ok 14 - topological helpers are deterministic and reject cycles or dangling edges
2026-09-12T04:35:31.1946072Z   ---
2026-09-12T04:35:31.1946292Z   duration_ms: 1.642176
2026-09-12T04:35:31.1946651Z   type: 'test'
2026-09-12T04:35:31.1946871Z   ...
2026-09-12T04:35:31.1947381Z # Subtest: research-plan claim pointers resolve only auditable non-transport claims
2026-09-12T04:35:31.1948141Z ok 15 - research-plan claim pointers resolve only auditable non-transport claims
2026-09-12T04:35:31.1948600Z   ---
2026-09-12T04:35:31.1948812Z   duration_ms: 0.471441
2026-09-12T04:35:31.1949072Z   type: 'test'
2026-09-12T04:35:31.1949289Z   ...
2026-09-12T04:35:31.1949796Z # Subtest: JSON Pointer and evidence claims resolve exact values and retain failures
2026-09-12T04:35:31.1950577Z ok 16 - JSON Pointer and evidence claims resolve exact values and retain failures
2026-09-12T04:35:31.1951083Z   ---
2026-09-12T04:35:31.1951325Z   duration_ms: 0.374214
2026-09-12T04:35:31.1951588Z   type: 'test'
2026-09-12T04:35:31.1951816Z   ...
2026-09-12T04:35:31.1952041Z 1..16
2026-09-12T04:35:31.1952250Z # tests 16
2026-09-12T04:35:31.1952466Z # suites 0
2026-09-12T04:35:31.1952683Z # pass 16
2026-09-12T04:35:31.1952902Z # fail 0
2026-09-12T04:35:31.1953060Z # cancelled 0
2026-09-12T04:35:31.1953244Z # skipped 0
2026-09-12T04:35:31.1953396Z # todo 0
2026-09-12T04:35:31.1953553Z # duration_ms 330.64367
2026-09-12T04:35:31.2512328Z 
2026-09-12T04:35:31.2513259Z [verify] contracts/tooling/v1.0.0 :: validate
2026-09-12T04:35:31.5470922Z 
2026-09-12T04:35:31.5471310Z > @ushso/contract-tooling@1.0.0 validate
2026-09-12T04:35:31.5471637Z > node tools/validate-package.mjs
2026-09-12T04:35:31.5471885Z 
2026-09-12T04:35:31.5477574Z {"receipt_version":"ushso.tooling-validation-receipt.v1","package_name":"@ushso/contract-tooling","package_version":"1.0.0","validator_version":"ushso.contract-tooling-validator.v1","valid":true,"offline":true,"schema_count":5,"fixture_count":11,"valid_fixture_count":5,"adversarial_fixture_count":6,"passed_fixture_count":11,"dependency_pins_verified":true,"formats_verified":true,"public_bounds_verified":true,"schema_keyword_negatives_verified":true,"manifest_verified":true,"manifest_byte_digest":{"digest_type":"byte_sha256","algorithm":"sha256","value":"149bf1ed27b5477febaf1d9355a6c2cf9399392ce646d1ef89b6166a2021c175"},"package_content_digest":{"digest_type":"package_sha256","algorithm":"sha256","value":"085d2d111c819772fe35804683a963cbd932bdb4a11adf22ee521c1b27e07442"},"fixture_manifest_digest":{"digest_type":"canonical_json_sha256","algorithm":"sha256","value":"7b244a3926500d6917cc28329bc5a992741eda39c7f1159f1b24c6ae9bc9b46f"},"checks":["adversarial-fixture-rejection","dependency-pin-verification","deterministic-package-inventory","pinned-format-registration","public-schema-bounds","schema-2020-12-compilation","strict-keyword-and-format-rejection"],"errors":[],"external_requests":0,"immutable":true}
2026-09-12T04:35:31.6072562Z 
2026-09-12T04:35:31.6073160Z [verify] contracts/use-access/v1.0.0 :: test
2026-09-12T04:35:31.9845595Z 
2026-09-12T04:35:31.9846232Z > @hackyard/observatory-use-access-contract@1.0.0 test
2026-09-12T04:35:31.9846879Z > node --test tests/*.test.mjs
2026-09-12T04:35:31.9847094Z 
2026-09-12T04:35:31.9847199Z TAP version 13
2026-09-12T04:35:31.9847709Z # Subtest: strict schemas compile and complete fixture package validates offline
2026-09-12T04:35:31.9848301Z ok 1 - strict schemas compile and complete fixture package validates offline
2026-09-12T04:35:31.9848724Z   ---
2026-09-12T04:35:31.9848965Z   duration_ms: 114.902026
2026-09-12T04:35:31.9849234Z   type: 'test'
2026-09-12T04:35:31.9849478Z   ...
2026-09-12T04:35:31.9849928Z # Subtest: negative fixtures fail closed for LLM truth, authorization, not_found, references, ordering, and extras
2026-09-12T04:35:31.9850858Z ok 2 - negative fixtures fail closed for LLM truth, authorization, not_found, references, ordering, and extras
2026-09-12T04:35:31.9851363Z   ---
2026-09-12T04:35:31.9851760Z   duration_ms: 13.502678
2026-09-12T04:35:31.9851953Z   type: 'test'
2026-09-12T04:35:31.9852172Z   ...
2026-09-12T04:35:31.9852669Z # Subtest: source truth, use assertions, and access recipes remain separate stores
2026-09-12T04:35:31.9853294Z ok 3 - source truth, use assertions, and access recipes remain separate stores
2026-09-12T04:35:31.9853643Z   ---
2026-09-12T04:35:31.9853869Z   duration_ms: 1.234071
2026-09-12T04:35:31.9854132Z   type: 'test'
2026-09-12T04:35:31.9854380Z   ...
2026-09-12T04:35:31.9854884Z # Subtest: CMS HCRIS, PHC4 public reports, and PHC4 custom request are distinct assets and routes
2026-09-12T04:35:31.9855434Z ok 4 - CMS HCRIS, PHC4 public reports, and PHC4 custom request are distinct assets and routes
2026-09-12T04:35:31.9855906Z   ---
2026-09-12T04:35:31.9856107Z   duration_ms: 0.88833
2026-09-12T04:35:31.9856870Z   type: 'test'
2026-09-12T04:35:31.9857051Z   ...
2026-09-12T04:35:31.9857373Z # Subtest: manifest covers every payload file by exact byte count and sha256
2026-09-12T04:35:31.9857920Z ok 5 - manifest covers every payload file by exact byte count and sha256
2026-09-12T04:35:31.9858329Z   ---
2026-09-12T04:35:31.9858526Z   duration_ms: 5.801522
2026-09-12T04:35:31.9858702Z   type: 'test'
2026-09-12T04:35:31.9858866Z   ...
2026-09-12T04:35:31.9859009Z 1..5
2026-09-12T04:35:31.9859153Z # tests 5
2026-09-12T04:35:31.9859301Z # suites 0
2026-09-12T04:35:31.9859450Z # pass 5
2026-09-12T04:35:31.9859595Z # fail 0
2026-09-12T04:35:31.9859801Z # cancelled 0
2026-09-12T04:35:31.9860023Z # skipped 0
2026-09-12T04:35:31.9860268Z # todo 0
2026-09-12T04:35:31.9860462Z # duration_ms 208.209012
2026-09-12T04:35:32.0444314Z 
2026-09-12T04:35:32.0444789Z [verify] contracts/use-access/v1.0.0 :: validate
2026-09-12T04:35:32.3523542Z 
2026-09-12T04:35:32.3524246Z > @hackyard/observatory-use-access-contract@1.0.0 validate
2026-09-12T04:35:32.3524824Z > node tools/validate-package.mjs
2026-09-12T04:35:32.3525059Z 
2026-09-12T04:35:32.3525161Z {
2026-09-12T04:35:32.3525802Z   "receipt_version": "use-access-validation.v1",
2026-09-12T04:35:32.3526204Z   "package_version": "1.0.0",
2026-09-12T04:35:32.3526687Z   "mode": "fixture_offline",
2026-09-12T04:35:32.3526976Z   "offline": true,
2026-09-12T04:35:32.3527224Z   "valid": true,
2026-09-12T04:35:32.3527470Z   "schema_count": 7,
2026-09-12T04:35:32.3527736Z   "source_truth_count": 3,
2026-09-12T04:35:32.3528021Z   "use_card_count": 3,
2026-09-12T04:35:32.3528294Z   "access_recipe_count": 3,
2026-09-12T04:35:32.3528598Z   "positive_check_count": 39,
2026-09-12T04:35:32.3528898Z   "negative_check_count": 9,
2026-09-12T04:35:32.3529171Z   "failed_count": 0,
2026-09-12T04:35:32.3529359Z   "external_requests": 0,
2026-09-12T04:35:32.3529553Z   "payload_downloads": 0,
2026-09-12T04:35:32.3529733Z   "identity_merges": 0,
2026-09-12T04:35:32.3529915Z   "coverage_executions": 0,
2026-09-12T04:35:32.3530101Z   "lock_touches": 0,
2026-09-12T04:35:32.3530296Z   "authorization_present": false,
2026-09-12T04:35:32.3530518Z   "execution_allowed": false,
2026-09-12T04:35:32.3530748Z   "dependency_pin_verified": true,
2026-09-12T04:35:32.3530963Z   "manifest_verified": true,
2026-09-12T04:35:32.3531324Z   "manifest_sha256": "34d2d0aad9f82e6e45cb85346a8a8d50a4de2273a9f8de9caca19593b25ffcf0",
2026-09-12T04:35:32.3531664Z   "checks": [
2026-09-12T04:35:32.3531886Z     "draft-2020-12-strict-schema-compilation",
2026-09-12T04:35:32.3532179Z     "source-truth-use-assertion-separation",
2026-09-12T04:35:32.3532443Z     "dependency-hash-and-record-match",
2026-09-12T04:35:32.3532673Z     "no-llm-truth-boundary",
2026-09-12T04:35:32.3532962Z     "fitness-measure-unit-geography-time-evidence-semantics",
2026-09-12T04:35:32.3533310Z     "distinct-hcris-phc4-public-phc4-custom-routes",
2026-09-12T04:35:32.3533596Z     "ordered-agent-and-human-recipes",
2026-09-12T04:35:32.3533850Z     "authorization-gates-default-deny",
2026-09-12T04:35:32.3534116Z     "typed-failure-no-not-found-translation",
2026-09-12T04:35:32.3534375Z     "negative-fixture-rejection",
2026-09-12T04:35:32.3534767Z     "manifest-file-byte-hash-integrity"
2026-09-12T04:35:32.3534977Z   ],
2026-09-12T04:35:32.3535136Z   "errors": [],
2026-09-12T04:35:32.3535308Z   "immutable": true
2026-09-12T04:35:32.3535475Z }
2026-09-12T04:35:32.4161159Z 
2026-09-12T04:35:32.4161804Z [verify] evaluation/harness/v2.1.0 :: test
2026-09-12T04:35:32.6240302Z 
2026-09-12T04:35:32.6240842Z > @ushso/retrieval-evaluator-metric-successor@2.1.0 test
2026-09-12T04:35:32.6241207Z > node --test tests/*.test.mjs
2026-09-12T04:35:32.6241344Z 
2026-09-12T04:35:32.6241433Z TAP version 13
2026-09-12T04:35:32.6241781Z # Subtest: normalized DCG compares each sparse answer with its attainable ideal
2026-09-12T04:35:32.6242246Z ok 1 - normalized DCG compares each sparse answer with its attainable ideal
2026-09-12T04:35:32.6242536Z   ---
2026-09-12T04:35:32.6242718Z   duration_ms: 6.700893
2026-09-12T04:35:32.6242900Z   type: 'test'
2026-09-12T04:35:32.6243059Z   ...
2026-09-12T04:35:32.6243355Z # Subtest: duplicates retain rank slots and earn no second gain
2026-09-12T04:35:32.6243727Z ok 2 - duplicates retain rank slots and earn no second gain
2026-09-12T04:35:32.6243973Z   ---
2026-09-12T04:35:32.6244137Z   duration_ms: 0.217929
2026-09-12T04:35:32.6244312Z   type: 'test'
2026-09-12T04:35:32.6244470Z   ...
2026-09-12T04:35:32.6244689Z # Subtest: held-out and unknown cases fail closed
2026-09-12T04:35:32.6244989Z ok 3 - held-out and unknown cases fail closed
2026-09-12T04:35:32.6245215Z   ---
2026-09-12T04:35:32.6245373Z   duration_ms: 0.3912
2026-09-12T04:35:32.6245551Z   type: 'test'
2026-09-12T04:35:32.6245705Z   ...
2026-09-12T04:35:32.6245850Z 1..3
2026-09-12T04:35:32.6245997Z # tests 3
2026-09-12T04:35:32.6246145Z # suites 0
2026-09-12T04:35:32.6246296Z # pass 3
2026-09-12T04:35:32.6246605Z # fail 0
2026-09-12T04:35:32.6246762Z # cancelled 0
2026-09-12T04:35:32.6246920Z # skipped 0
2026-09-12T04:35:32.6247074Z # todo 0
2026-09-12T04:35:32.6247241Z # duration_ms 49.045993
2026-09-12T04:35:32.6880680Z 
2026-09-12T04:35:32.6881531Z [verify] evaluation/harness/v2.1.0 :: validate
2026-09-12T04:35:32.8540120Z 
2026-09-12T04:35:32.8540733Z > @ushso/retrieval-evaluator-metric-successor@2.1.0 validate
2026-09-12T04:35:32.8541224Z > node tools/validate.mjs
2026-09-12T04:35:32.8541359Z 
2026-09-12T04:35:32.8542247Z {"status":"PASS","contract_version":"ushso-retrieval-evaluator-metric-contract.v2.1.0","parent_contract_sha256":"32c826571c7e9d44dc567664030eed67c49ae60a3574850d9bd0209fa6498cda","external_requests":0,"held_out_questions_evaluated":0,"production_actions":0}
2026-09-12T04:35:32.9163491Z 
2026-09-12T04:35:32.9163991Z [verify] evaluation/bridge/v1.0.0 :: test
2026-09-12T04:35:46.9419621Z 
2026-09-12T04:35:46.9420216Z > @ushso/retrieval-evaluator-bridge@1.0.0 test
2026-09-12T04:35:46.9420770Z > node --test tests/*.test.mjs
2026-09-12T04:35:46.9420922Z 
2026-09-12T04:35:46.9421212Z TAP version 13
2026-09-12T04:35:46.9421667Z # Subtest: the bridge pins the exact 143 and 157 corpus generations
2026-09-12T04:35:46.9422387Z ok 1 - the bridge pins the exact 143 and 157 corpus generations
2026-09-12T04:35:46.9422858Z   ---
2026-09-12T04:35:46.9423190Z   duration_ms: 13794.137772
2026-09-12T04:35:46.9423522Z   type: 'test'
2026-09-12T04:35:46.9423798Z   ...
2026-09-12T04:35:46.9424302Z # Subtest: the corpus delta distinguishes records, projections, vocabulary, and routes
2026-09-12T04:35:46.9425168Z ok 2 - the corpus delta distinguishes records, projections, vocabulary, and routes
2026-09-12T04:35:46.9425664Z   ---
2026-09-12T04:35:46.9425980Z   duration_ms: 0.701528
2026-09-12T04:35:46.9426311Z   type: 'test'
2026-09-12T04:35:46.9426755Z   ...
2026-09-12T04:35:46.9427351Z # Subtest: the reviewed present-source cohort is exhaustive and preserves missing gold
2026-09-12T04:35:46.9428228Z ok 3 - the reviewed present-source cohort is exhaustive and preserves missing gold
2026-09-12T04:35:46.9428779Z   ---
2026-09-12T04:35:46.9428954Z   duration_ms: 0.14559
2026-09-12T04:35:46.9429293Z   type: 'test'
2026-09-12T04:35:46.9429595Z   ...
2026-09-12T04:35:46.9430566Z # Subtest: same-algorithm corpus lanes are directly comparable and historical recall remains 0.50
2026-09-12T04:35:46.9431579Z ok 4 - same-algorithm corpus lanes are directly comparable and historical recall remains 0.50
2026-09-12T04:35:46.9438622Z   ---
2026-09-12T04:35:46.9439326Z   duration_ms: 0.412602
2026-09-12T04:35:46.9439766Z   type: 'test'
2026-09-12T04:35:46.9440296Z   ...
2026-09-12T04:35:46.9440955Z # Subtest: the observed Worker lane is pinned but never presented as a consolidated v2 algorithm
2026-09-12T04:35:46.9441692Z ok 5 - the observed Worker lane is pinned but never presented as a consolidated v2 algorithm
2026-09-12T04:35:46.9442035Z   ---
2026-09-12T04:35:46.9442203Z   duration_ms: 0.14617
2026-09-12T04:35:46.9442387Z   type: 'test'
2026-09-12T04:35:46.9442547Z   ...
2026-09-12T04:35:46.9442965Z # Subtest: current pre-tuning quality is receipted without converting failed release targets into PASS
2026-09-12T04:35:46.9443560Z ok 6 - current pre-tuning quality is receipted without converting failed release targets into PASS
2026-09-12T04:35:46.9443932Z   ---
2026-09-12T04:35:46.9444103Z   duration_ms: 0.113281
2026-09-12T04:35:46.9444299Z   type: 'test'
2026-09-12T04:35:46.9444458Z   ...
2026-09-12T04:35:46.9444752Z # Subtest: every generated bridge artifact matches its receipt digest
2026-09-12T04:35:46.9445150Z ok 7 - every generated bridge artifact matches its receipt digest
2026-09-12T04:35:46.9445410Z   ---
2026-09-12T04:35:46.9445563Z   duration_ms: 3.160315
2026-09-12T04:35:46.9445743Z   type: 'test'
2026-09-12T04:35:46.9445900Z   ...
2026-09-12T04:35:46.9446054Z 1..7
2026-09-12T04:35:46.9446201Z # tests 7
2026-09-12T04:35:46.9446351Z # suites 0
2026-09-12T04:35:46.9446788Z # pass 7
2026-09-12T04:35:46.9446935Z # fail 0
2026-09-12T04:35:46.9447089Z # cancelled 0
2026-09-12T04:35:46.9447254Z # skipped 0
2026-09-12T04:35:46.9447413Z # todo 0
2026-09-12T04:35:46.9447586Z # duration_ms 13859.711555
2026-09-12T04:35:47.0067339Z 
2026-09-12T04:35:47.0068242Z [verify] evaluation/bridge/v1.0.0 :: validate
2026-09-12T04:36:00.9952921Z 
2026-09-12T04:36:00.9953516Z > @ushso/retrieval-evaluator-bridge@1.0.0 validate
2026-09-12T04:36:00.9953908Z > node tools/validate-bridge.mjs
2026-09-12T04:36:00.9954064Z 
2026-09-12T04:36:00.9954139Z {
2026-09-12T04:36:00.9954314Z   "status": "PASS",
2026-09-12T04:36:00.9954615Z   "package_id": "ushso-retrieval-evaluator-bridge-v1.0.0",
2026-09-12T04:36:00.9954902Z   "package_files": 22,
2026-09-12T04:36:00.9955087Z   "output_count": 14,
2026-09-12T04:36:00.9955276Z   "corpus_manifest_sha256": {
2026-09-12T04:36:00.9955612Z     "c143": "5622272ded52b0cbf039da47114142f8cb35ba634e8a6bbb9ee55b0ecd70511c",
2026-09-12T04:36:00.9956051Z     "c157": "23f704ce3e421a6eb26c2b3677d616a1ae6b4f45226233257b9a1ff676caba2b"
2026-09-12T04:36:00.9956343Z   },
2026-09-12T04:36:00.9956761Z   "algorithm_fingerprint_sha256": {
2026-09-12T04:36:00.9957222Z     "legacy": "4a42e30637bfef95f72ff7f0d57658804d48e540fc60c5a788219a67028914b3",
2026-09-12T04:36:00.9958096Z     "production_worker": "b30376f8819d5335dab0f914f18bdbb540b67af9475267db1a6f9230479184e1"
2026-09-12T04:36:00.9958614Z   },
2026-09-12T04:36:00.9959127Z   "cohort_manifest_sha256": "4ae553d0f6c1f06462fd523b368098d2d85502291cb8718f7c503f430b5205b8",
2026-09-12T04:36:00.9959684Z   "historical_full_recall_at_10": 0.5,
2026-09-12T04:36:00.9960041Z   "current_same_algorithm_pre_tuning": {
2026-09-12T04:36:00.9960387Z     "full_recall_at_3": 0.303571,
2026-09-12T04:36:00.9960710Z     "full_recall_at_10": 0.492063,
2026-09-12T04:36:00.9961044Z     "present_recall_at_5": 0.7,
2026-09-12T04:36:00.9961354Z     "present_recall_at_10": 0.794444,
2026-09-12T04:36:00.9961705Z     "present_graded_precision_at_5": 0.131111
2026-09-12T04:36:00.9962026Z   },
2026-09-12T04:36:00.9962291Z   "current_observed_worker_pre_tuning": {
2026-09-12T04:36:00.9962631Z     "full_recall_at_3": 0.371032,
2026-09-12T04:36:00.9962957Z     "full_recall_at_10": 0.515873,
2026-09-12T04:36:00.9963302Z     "present_recall_at_5": 0.705556,
2026-09-12T04:36:00.9963891Z     "present_recall_at_10": 0.827778,
2026-09-12T04:36:00.9964230Z     "present_graded_precision_at_5": 0.136111
2026-09-12T04:36:00.9964558Z   },
2026-09-12T04:36:00.9964757Z   "corpus_delta": {
2026-09-12T04:36:00.9965020Z     "added_records": 14,
2026-09-12T04:36:00.9965323Z     "changed_existing_records": 0,
2026-09-12T04:36:00.9965677Z     "changed_existing_search_documents": 37,
2026-09-12T04:36:00.9966034Z     "vocabulary_changed": true,
2026-09-12T04:36:00.9966649Z     "join_routes_identical": true
2026-09-12T04:36:00.9966942Z   },
2026-09-12T04:36:00.9967239Z   "consolidated_v2_algorithm_available": false,
2026-09-12T04:36:00.9967590Z   "external_requests": 0
2026-09-12T04:36:00.9967852Z }
2026-09-12T04:36:01.0688745Z 
2026-09-12T04:36:01.0689265Z [verify] docs/feedback/v1.0.0 :: test
2026-09-12T04:36:01.2831959Z 
2026-09-12T04:36:01.2832504Z > @ushso/tester-feedback-v1.0.0@1.0.0 test
2026-09-12T04:36:01.2833070Z > node --test tests/feedback-package.test.mjs
2026-09-12T04:36:01.2833357Z 
2026-09-12T04:36:01.2833441Z TAP version 13
2026-09-12T04:36:01.2833614Z # {
2026-09-12T04:36:01.2833909Z #   "schema_version": "ushso-tester-feedback-validation.v1.0.0",
2026-09-12T04:36:01.2834192Z #   "ok": true,
2026-09-12T04:36:01.2834401Z #   "package_version": "1.0.0",
2026-09-12T04:36:01.2834656Z #   "verified_source_hashes": {
2026-09-12T04:36:01.2835037Z #     "feedback-a": "ed6fec06342115adbec816069381281890aed5ca2a27d4520f6b0f01aa434c17",
2026-09-12T04:36:01.2835535Z #     "feedback-b": "3b0270cb42ebc64bcbb89947b915dae9afb9730cc36846626a5262a354585163"
2026-09-12T04:36:01.2835856Z #   },
2026-09-12T04:36:01.2836064Z #   "logical_paragraphs_reconciled": 156,
2026-09-12T04:36:01.2836301Z #   "topics_reconciled": 21,
2026-09-12T04:36:01.2836680Z #   "requirements_tracked": 14,
2026-09-12T04:36:01.2836910Z #   "requirement_status_counts": {
2026-09-12T04:36:01.2837135Z #     "accepted": 0,
2026-09-12T04:36:01.2837314Z #     "planned": 3,
2026-09-12T04:36:01.2837728Z #     "implemented": 11,
2026-09-12T04:36:01.2837924Z #     "verified": 0,
2026-09-12T04:36:01.2838095Z #     "rejected": 0
2026-09-12T04:36:01.2838251Z #   },
2026-09-12T04:36:01.2838412Z #   "rejected_topics": 0,
2026-09-12T04:36:01.2838593Z #   "errors": []
2026-09-12T04:36:01.2838746Z # }
2026-09-12T04:36:01.2839024Z # Subtest: exact tester sources and every logical paragraph reconcile
2026-09-12T04:36:01.2839412Z ok 1 - exact tester sources and every logical paragraph reconcile
2026-09-12T04:36:01.2839670Z   ---
2026-09-12T04:36:01.2839826Z   duration_ms: 9.301456
2026-09-12T04:36:01.2840003Z   type: 'test'
2026-09-12T04:36:01.2840154Z   ...
2026-09-12T04:36:01.2840290Z 1..1
2026-09-12T04:36:01.2840430Z # tests 1
2026-09-12T04:36:01.2840575Z # suites 0
2026-09-12T04:36:01.2840721Z # pass 1
2026-09-12T04:36:01.2840862Z # fail 0
2026-09-12T04:36:01.2841011Z # cancelled 0
2026-09-12T04:36:01.2841166Z # skipped 0
2026-09-12T04:36:01.2841310Z # todo 0
2026-09-12T04:36:01.2841467Z # duration_ms 48.388642
2026-09-12T04:36:01.3526747Z 
2026-09-12T04:36:01.3527209Z [verify] docs/feedback/v1.0.0 :: validate
2026-09-12T04:36:01.5300192Z 
2026-09-12T04:36:01.5300674Z > @ushso/tester-feedback-v1.0.0@1.0.0 validate
2026-09-12T04:36:01.5301232Z > node tools/validate-feedback-package.mjs
2026-09-12T04:36:01.5301479Z 
2026-09-12T04:36:01.5301579Z {
2026-09-12T04:36:01.5301938Z   "schema_version": "ushso-tester-feedback-validation.v1.0.0",
2026-09-12T04:36:01.5302335Z   "ok": true,
2026-09-12T04:36:01.5302563Z   "package_version": "1.0.0",
2026-09-12T04:36:01.5302760Z   "verified_source_hashes": {
2026-09-12T04:36:01.5303144Z     "feedback-a": "ed6fec06342115adbec816069381281890aed5ca2a27d4520f6b0f01aa434c17",
2026-09-12T04:36:01.5303828Z     "feedback-b": "3b0270cb42ebc64bcbb89947b915dae9afb9730cc36846626a5262a354585163"
2026-09-12T04:36:01.5304230Z   },
2026-09-12T04:36:01.5304430Z   "logical_paragraphs_reconciled": 156,
2026-09-12T04:36:01.5304656Z   "topics_reconciled": 21,
2026-09-12T04:36:01.5304876Z   "requirements_tracked": 14,
2026-09-12T04:36:01.5305506Z   "requirement_status_counts": {
2026-09-12T04:36:01.5305774Z     "accepted": 0,
2026-09-12T04:36:01.5306011Z     "planned": 3,
2026-09-12T04:36:01.5306220Z     "implemented": 11,
2026-09-12T04:36:01.5306566Z     "verified": 0,
2026-09-12T04:36:01.5306804Z     "rejected": 0
2026-09-12T04:36:01.5307047Z   },
2026-09-12T04:36:01.5307285Z   "rejected_topics": 0,
2026-09-12T04:36:01.5307554Z   "errors": []
2026-09-12T04:36:01.5307798Z }
2026-09-12T04:36:01.5907205Z 
2026-09-12T04:36:01.5907638Z [verify] verification/wp0/v1.4.0 :: test
2026-09-12T04:36:17.9642091Z 
2026-09-12T04:36:17.9642597Z > @ushso/wp0-verification-v1.4.0@1.4.0 test
2026-09-12T04:36:17.9642993Z > node --test tests/*.test.mjs
2026-09-12T04:36:17.9643178Z 
2026-09-12T04:36:17.9643258Z TAP version 13
2026-09-12T04:36:17.9643648Z # Subtest: all original historical checks and current production checks pass without approval
2026-09-12T04:36:17.9644223Z ok 1 - all original historical checks and current production checks pass without approval
2026-09-12T04:36:17.9644563Z   ---
2026-09-12T04:36:17.9644736Z   duration_ms: 16094.787777
2026-09-12T04:36:17.9644922Z   type: 'test'
2026-09-12T04:36:17.9645075Z   ...
2026-09-12T04:36:17.9645834Z # {"status":"BLOCKED_APPROVAL_PENDING","package_id":"unit-fixture-only","subject_sha256":"e4d9145f8f21059b79b2194882322e95bbff5213008e987a1c80b4e6e6c7d74b","technical_status":"PASS","release_gate_pass":false}
2026-09-12T04:36:17.9647922Z # {"status":"BLOCKED_APPROVAL_PENDING","package_id":"unit-fixture-only","subject_sha256":"e4d9145f8f21059b79b2194882322e95bbff5213008e987a1c80b4e6e6c7d74b","technical_status":"PASS","release_gate_pass":false}
2026-09-12T04:36:17.9649314Z # Subtest: CLI rejects ambiguous flags and never issues a receipt for missing or explicit pending approval
2026-09-12T04:36:17.9650283Z ok 2 - CLI rejects ambiguous flags and never issues a receipt for missing or explicit pending approval
2026-09-12T04:36:17.9650804Z   ---
2026-09-12T04:36:17.9651304Z   duration_ms: 3.096999
2026-09-12T04:36:17.9651559Z   type: 'test'
2026-09-12T04:36:17.9651779Z   ...
2026-09-12T04:36:17.9652235Z # Subtest: historical path remapping cannot substitute current algorithms
2026-09-12T04:36:17.9652883Z ok 3 - historical path remapping cannot substitute current algorithms
2026-09-12T04:36:17.9653300Z   ---
2026-09-12T04:36:17.9653514Z   duration_ms: 0.569919
2026-09-12T04:36:17.9653758Z   type: 'test'
2026-09-12T04:36:17.9653981Z   ...
2026-09-12T04:36:17.9654765Z # Subtest: @ushso/wp0-verification-v1.4.0@1.4.0: shared approval boundary refuses missing, stale, wrong-scope and tampered evidence
2026-09-12T04:36:17.9655969Z ok 4 - @ushso/wp0-verification-v1.4.0@1.4.0: shared approval boundary refuses missing, stale, wrong-scope and tampered evidence
2026-09-12T04:36:17.9656755Z   ---
2026-09-12T04:36:17.9656971Z   duration_ms: 1.496546
2026-09-12T04:36:17.9657224Z   type: 'test'
2026-09-12T04:36:17.9657442Z   ...
2026-09-12T04:36:17.9658207Z # Subtest: @ushso/wp11-verification-v1.3.0@1.3.0: shared approval boundary refuses missing, stale, wrong-scope and tampered evidence
2026-09-12T04:36:17.9659412Z ok 5 - @ushso/wp11-verification-v1.3.0@1.3.0: shared approval boundary refuses missing, stale, wrong-scope and tampered evidence
2026-09-12T04:36:17.9660079Z   ---
2026-09-12T04:36:17.9660296Z   duration_ms: 0.899556
2026-09-12T04:36:17.9660546Z   type: 'test'
2026-09-12T04:36:17.9660762Z   ...
2026-09-12T04:36:17.9661578Z # Subtest: @ushso/ci-verification-successor-v1-3@1.3.0: shared approval boundary refuses missing, stale, wrong-scope and tampered evidence
2026-09-12T04:36:17.9662881Z ok 6 - @ushso/ci-verification-successor-v1-3@1.3.0: shared approval boundary refuses missing, stale, wrong-scope and tampered evidence
2026-09-12T04:36:17.9663567Z   ---
2026-09-12T04:36:17.9663786Z   duration_ms: 0.553895
2026-09-12T04:36:17.9664044Z   type: 'test'
2026-09-12T04:36:17.9664266Z   ...
2026-09-12T04:36:17.9664459Z 1..6
2026-09-12T04:36:17.9664658Z # tests 6
2026-09-12T04:36:17.9664858Z # suites 0
2026-09-12T04:36:17.9665072Z # pass 6
2026-09-12T04:36:17.9665483Z # fail 0
2026-09-12T04:36:17.9665683Z # cancelled 0
2026-09-12T04:36:17.9665895Z # skipped 0
2026-09-12T04:36:17.9666106Z # todo 0
2026-09-12T04:36:17.9666472Z # duration_ms 16203.004597
2026-09-12T04:36:18.0409681Z 
2026-09-12T04:36:18.0410131Z [verify] verification/wp0/v1.4.0 :: validate
2026-09-12T04:36:34.1575250Z {
2026-09-12T04:36:34.1575850Z   "schema_version": "ushso.wp0-ci-attestation.v1.0.0",
2026-09-12T04:36:34.1576219Z   "status": "PASS",
2026-09-12T04:36:34.1577110Z   "package_id": "@ushso/wp0-verification-v1.4.0@1.4.0",
2026-09-12T04:36:34.1577519Z   "historical": {
2026-09-12T04:36:34.1577807Z     "package_id": "@ushso/wp0-verification-v1.4.0@1.4.0",
2026-09-12T04:36:34.1578207Z     "subject_sha256": "0098ee424bc58120f48167c580b7db19b556d0aee42929d1da56664f78993cb5",
2026-09-12T04:36:34.1578699Z     "approval_status": "approved_original_subject_only",
2026-09-12T04:36:34.1579171Z     "receipt_status": "approved_scoped_attestation",
2026-09-12T04:36:34.1579577Z     "reviewer": {
2026-09-12T04:36:34.1579872Z       "id": "github:176340565",
2026-09-12T04:36:34.1580213Z       "role": "repository_owner"
2026-09-12T04:36:34.1580501Z     },
2026-09-12T04:36:34.1580767Z     "recorded_at": "2026-09-09T13:02:53Z",
2026-09-12T04:36:34.1581210Z     "evidence_sha256": "1aed5b57042a3a3609666b7678d6d9e6d17d607850dce4ecc90b99320b25ea42",
2026-09-12T04:36:34.1581557Z     "files": {
2026-09-12T04:36:34.1581723Z       "approval": {
2026-09-12T04:36:34.1581992Z         "path": "verification/wp0/v1.4.0/approvals/approval.json",
2026-09-12T04:36:34.1582389Z         "sha256": "d1636ed70d3cff146666a54ea5f9e493e94386649d827c1a424504c244759c05"
2026-09-12T04:36:34.1582689Z       },
2026-09-12T04:36:34.1582841Z       "evidence": {
2026-09-12T04:36:34.1583084Z         "path": "verification/wp0/v1.4.0/approvals/evidence.txt",
2026-09-12T04:36:34.1583468Z         "sha256": "1aed5b57042a3a3609666b7678d6d9e6d17d607850dce4ecc90b99320b25ea42"
2026-09-12T04:36:34.1584000Z       },
2026-09-12T04:36:34.1584158Z       "receipt": {
2026-09-12T04:36:34.1584396Z         "path": "verification/wp0/v1.4.0/receipts/approved.json",
2026-09-12T04:36:34.1584757Z         "sha256": "15b79d25a52487597236c545b4f9e27be05203850b6e5076b671d6104390a5b8"
2026-09-12T04:36:34.1585038Z       }
2026-09-12T04:36:34.1585190Z     }
2026-09-12T04:36:34.1585333Z   },
2026-09-12T04:36:34.1585481Z   "current": {
2026-09-12T04:36:34.1585802Z     "subject_sha256": "ecfbe226ae269c5514bdcfb0c7fcc690c87c55650c8be32ea6799f42a060f5e1",
2026-09-12T04:36:34.1586155Z     "technical_status": "PASS",
2026-09-12T04:36:34.1586572Z     "status": "pending_authorized_review",
2026-09-12T04:36:34.1586794Z     "approval": null,
2026-09-12T04:36:34.1587024Z     "approval_status": "absent_for_current_subject",
2026-09-12T04:36:34.1587277Z     "release_gate_pass": false,
2026-09-12T04:36:34.1587472Z     "release_ready": false,
2026-09-12T04:36:34.1587688Z     "production_eligibility": false,
2026-09-12T04:36:34.1587926Z     "implementation_file_count": 606,
2026-09-12T04:36:34.1588202Z     "current_verifier_in_implementation_inventory": true
2026-09-12T04:36:34.1588436Z   },
2026-09-12T04:36:34.1588582Z   "boundaries": {
2026-09-12T04:36:34.1588776Z     "historical_approval_reused": false,
2026-09-12T04:36:34.1589026Z     "historical_receipt_overwritten": false,
2026-09-12T04:36:34.1589266Z     "current_approval_issued": false,
2026-09-12T04:36:34.1589490Z     "current_release_qualified": false,
2026-09-12T04:36:34.1589718Z     "production_authorized": false
2026-09-12T04:36:34.1589910Z   }
2026-09-12T04:36:34.1590052Z }
2026-09-12T04:36:34.2199256Z 
2026-09-12T04:36:34.2199710Z [verify] verification/wp2/v1.0.0 :: test
2026-09-12T04:36:35.4443229Z 
2026-09-12T04:36:35.4443796Z > @ushso/wp2-verification@1.0.0 test
2026-09-12T04:36:35.4444260Z > node --test --test-concurrency=1 tests/*.test.mjs
2026-09-12T04:36:35.4444543Z 
2026-09-12T04:36:35.4444650Z TAP version 13
2026-09-12T04:36:35.4445226Z # Subtest: registry freezes exactly the ten required WP2 packages and public commands
2026-09-12T04:36:35.4446153Z ok 1 - registry freezes exactly the ten required WP2 packages and public commands
2026-09-12T04:36:35.4446906Z   ---
2026-09-12T04:36:35.4447138Z   duration_ms: 3.414318
2026-09-12T04:36:35.4447372Z   type: 'test'
2026-09-12T04:36:35.4447604Z   ...
2026-09-12T04:36:35.4448078Z # Subtest: aggregate receipt schema is Draft 2020-12 and rejects unexpected properties
2026-09-12T04:36:35.4448745Z ok 2 - aggregate receipt schema is Draft 2020-12 and rejects unexpected properties
2026-09-12T04:36:35.4449184Z   ---
2026-09-12T04:36:35.4449393Z   duration_ms: 65.39961
2026-09-12T04:36:35.4449566Z   type: 'test'
2026-09-12T04:36:35.4449765Z   ...
2026-09-12T04:36:35.4450400Z # Subtest: all required package manifests, receipts, digest taxonomies, boundaries, and nonzero tests audit cleanly
2026-09-12T04:36:35.4451337Z ok 3 - all required package manifests, receipts, digest taxonomies, boundaries, and nonzero tests audit cleanly
2026-09-12T04:36:35.4451931Z   ---
2026-09-12T04:36:35.4452148Z   duration_ms: 90.940182
2026-09-12T04:36:35.4452392Z   type: 'test'
2026-09-12T04:36:35.4452601Z   ...
2026-09-12T04:36:35.4453228Z # Subtest: every required schema compiles and every root object rejects the shared unexpected-property probe
2026-09-12T04:36:35.4453953Z ok 4 - every required schema compiles and every root object rejects the shared unexpected-property probe
2026-09-12T04:36:35.4454444Z   ---
2026-09-12T04:36:35.4454593Z   duration_ms: 794.589787
2026-09-12T04:36:35.4454877Z   type: 'test'
2026-09-12T04:36:35.4455079Z   ...
2026-09-12T04:36:35.4455627Z # Subtest: shared evidence, access, coverage, plan, truth, and generation-pin semantics agree
2026-09-12T04:36:35.4456533Z ok 5 - shared evidence, access, coverage, plan, truth, and generation-pin semantics agree
2026-09-12T04:36:35.4457001Z   ---
2026-09-12T04:36:35.4457207Z   duration_ms: 18.803099
2026-09-12T04:36:35.4457450Z   type: 'test'
2026-09-12T04:36:35.4457598Z   ...
2026-09-12T04:36:35.4458373Z # Subtest: evaluator metrics, benchmark, cohort, policy, and algorithms are cryptographically pre-tuning
2026-09-12T04:36:35.4459225Z ok 6 - evaluator metrics, benchmark, cohort, policy, and algorithms are cryptographically pre-tuning
2026-09-12T04:36:35.4459778Z   ---
2026-09-12T04:36:35.4459972Z   duration_ms: 2.14947
2026-09-12T04:36:35.4460225Z   type: 'test'
2026-09-12T04:36:35.4460395Z   ...
2026-09-12T04:36:35.4460853Z # Subtest: canonical comparison used by aggregate checks is key-order invariant
2026-09-12T04:36:35.4461447Z ok 7 - canonical comparison used by aggregate checks is key-order invariant
2026-09-12T04:36:35.4461867Z   ---
2026-09-12T04:36:35.4462076Z   duration_ms: 0.686896
2026-09-12T04:36:35.4462305Z   type: 'test'
2026-09-12T04:36:35.4462558Z   ...
2026-09-12T04:36:35.4462749Z 1..7
2026-09-12T04:36:35.4462952Z # tests 7
2026-09-12T04:36:35.4463146Z # suites 0
2026-09-12T04:36:35.4463356Z # pass 7
2026-09-12T04:36:35.4463531Z # fail 0
2026-09-12T04:36:35.4463745Z # cancelled 0
2026-09-12T04:36:35.4463959Z # skipped 0
2026-09-12T04:36:35.4464186Z # todo 0
2026-09-12T04:36:35.4464356Z # duration_ms 1055.016616
2026-09-12T04:36:35.5044346Z 
2026-09-12T04:36:35.5044860Z [verify] verification/wp2/v1.0.0 :: validate
2026-09-12T04:37:17.0161793Z 
2026-09-12T04:37:17.0162294Z > @ushso/wp2-verification@1.0.0 validate
2026-09-12T04:37:17.0162618Z > node tools/validate-wp2.mjs
2026-09-12T04:37:17.0162817Z 
2026-09-12T04:37:17.0162911Z {
2026-09-12T04:37:17.0163320Z   "receipt_version": "ushso-wp2-aggregate-verification.v1.0.0",
2026-09-12T04:37:17.0163782Z   "generated_at": "2026-09-12T04:37:16.942Z",
2026-09-12T04:37:17.0164099Z   "status": "PASS",
2026-09-12T04:37:17.0164278Z   "wp2_gate_pass": true,
2026-09-12T04:37:17.0164650Z   "package_registry_sha256": "44c4b76fae7493c8ea77c37404f88a243a88578f25d2ad2bc7352a0aa5cd9a41",
2026-09-12T04:37:17.0165554Z   "verification_package_manifest_sha256": "507fbdca1cbff8889047234a9f33ee8e83b55f71fbc27e281c8f3f0a813e7142",
2026-09-12T04:37:17.0166246Z   "stabilization": {
2026-09-12T04:37:17.0167307Z     "sample_count": 3,
2026-09-12T04:37:17.0167658Z     "interval_ms": 500,
2026-09-12T04:37:17.0167980Z     "stable": true,
2026-09-12T04:37:17.0168221Z     "packages": [
2026-09-12T04:37:17.0168475Z       {
2026-09-12T04:37:17.0168771Z         "package_id": "contract-tooling",
2026-09-12T04:37:17.0169175Z         "package_json_hashes": [
2026-09-12T04:37:17.0169659Z           "ec8b31d4240832821521e025aa5f10858f324d298697a3dd56e510178c6ce919",
2026-09-12T04:37:17.0170261Z           "ec8b31d4240832821521e025aa5f10858f324d298697a3dd56e510178c6ce919",
2026-09-12T04:37:17.0170941Z           "ec8b31d4240832821521e025aa5f10858f324d298697a3dd56e510178c6ce919"
2026-09-12T04:37:17.0171263Z         ],
2026-09-12T04:37:17.0171436Z         "manifest_hashes": [
2026-09-12T04:37:17.0171832Z           "149bf1ed27b5477febaf1d9355a6c2cf9399392ce646d1ef89b6166a2021c175",
2026-09-12T04:37:17.0172495Z           "149bf1ed27b5477febaf1d9355a6c2cf9399392ce646d1ef89b6166a2021c175",
2026-09-12T04:37:17.0173053Z           "149bf1ed27b5477febaf1d9355a6c2cf9399392ce646d1ef89b6166a2021c175"
2026-09-12T04:37:17.0173570Z         ],
2026-09-12T04:37:17.0173953Z         "receipt_hashes": [
2026-09-12T04:37:17.0175855Z           "929ff4a1a27ac48510c36390f534d2c2d8eff0c66013c54be7b87993d5703731",
2026-09-12T04:37:17.0176814Z           "929ff4a1a27ac48510c36390f534d2c2d8eff0c66013c54be7b87993d5703731",
2026-09-12T04:37:17.0177447Z           "929ff4a1a27ac48510c36390f534d2c2d8eff0c66013c54be7b87993d5703731"
2026-09-12T04:37:17.0177905Z         ],
2026-09-12T04:37:17.0178206Z         "all_release_artifacts_present": true,
2026-09-12T04:37:17.0178572Z         "stable": true
2026-09-12T04:37:17.0178831Z       },
2026-09-12T04:37:17.0179065Z       {
2026-09-12T04:37:17.0179333Z         "package_id": "core-v2",
2026-09-12T04:37:17.0179671Z         "package_json_hashes": [
2026-09-12T04:37:17.0180155Z           "52e20d5c099082f556e958f6b3f116165c9b96c8eb74c0c07153a749b9e8204a",
2026-09-12T04:37:17.0180958Z           "52e20d5c099082f556e958f6b3f116165c9b96c8eb74c0c07153a749b9e8204a",
2026-09-12T04:37:17.0181529Z           "52e20d5c099082f556e958f6b3f116165c9b96c8eb74c0c07153a749b9e8204a"
2026-09-12T04:37:17.0181913Z         ],
2026-09-12T04:37:17.0182129Z         "manifest_hashes": [
2026-09-12T04:37:17.0182569Z           "e9fa39ecb829b00e465b9d897ee876b3431286b98a91ed49c1ce39d079d83e89",
2026-09-12T04:37:17.0183132Z           "e9fa39ecb829b00e465b9d897ee876b3431286b98a91ed49c1ce39d079d83e89",
2026-09-12T04:37:17.0183751Z           "e9fa39ecb829b00e465b9d897ee876b3431286b98a91ed49c1ce39d079d83e89"
2026-09-12T04:37:17.0184200Z         ],
2026-09-12T04:37:17.0184431Z         "receipt_hashes": [
2026-09-12T04:37:17.0184919Z           "c764854ea7e7bc0a13b9c1cb3d2ebecea1b65e73f0a7eb1a40587f557fcd0ead",
2026-09-12T04:37:17.0185592Z           "c764854ea7e7bc0a13b9c1cb3d2ebecea1b65e73f0a7eb1a40587f557fcd0ead",
2026-09-12T04:37:17.0186328Z           "c764854ea7e7bc0a13b9c1cb3d2ebecea1b65e73f0a7eb1a40587f557fcd0ead"
2026-09-12T04:37:17.0188083Z         ],
2026-09-12T04:37:17.0188384Z         "all_release_artifacts_present": true,
2026-09-12T04:37:17.0188719Z         "stable": true
2026-09-12T04:37:17.0188887Z       },
2026-09-12T04:37:17.0189030Z       {
2026-09-12T04:37:17.0189210Z         "package_id": "ingestion",
2026-09-12T04:37:17.0189431Z         "package_json_hashes": [
2026-09-12T04:37:17.0189738Z           "ff98eae7074fb4d922f52873dabdb8f0d316856d87659d3bf6ad51e3786b14fd",
2026-09-12T04:37:17.0190161Z           "ff98eae7074fb4d922f52873dabdb8f0d316856d87659d3bf6ad51e3786b14fd",
2026-09-12T04:37:17.0190562Z           "ff98eae7074fb4d922f52873dabdb8f0d316856d87659d3bf6ad51e3786b14fd"
2026-09-12T04:37:17.0190838Z         ],
2026-09-12T04:37:17.0191000Z         "manifest_hashes": [
2026-09-12T04:37:17.0191305Z           "842888bae6092da9d00982bed4186a43ceb6aeace9f837947c5a4eb6e0da9886",
2026-09-12T04:37:17.0191692Z           "842888bae6092da9d00982bed4186a43ceb6aeace9f837947c5a4eb6e0da9886",
2026-09-12T04:37:17.0192082Z           "842888bae6092da9d00982bed4186a43ceb6aeace9f837947c5a4eb6e0da9886"
2026-09-12T04:37:17.0192540Z         ],
2026-09-12T04:37:17.0192700Z         "receipt_hashes": [
2026-09-12T04:37:17.0193107Z           "665174c8ec848ae93fdb8034010f03892b2771aa67b777b361526dd6f396f8e8",
2026-09-12T04:37:17.0193756Z           "665174c8ec848ae93fdb8034010f03892b2771aa67b777b361526dd6f396f8e8",
2026-09-12T04:37:17.0194376Z           "665174c8ec848ae93fdb8034010f03892b2771aa67b777b361526dd6f396f8e8"
2026-09-12T04:37:17.0194816Z         ],
2026-09-12T04:37:17.0195011Z         "all_release_artifacts_present": true,
2026-09-12T04:37:17.0195229Z         "stable": true
2026-09-12T04:37:17.0195391Z       },
2026-09-12T04:37:17.0195572Z       {
2026-09-12T04:37:17.0195817Z         "package_id": "identity",
2026-09-12T04:37:17.0196132Z         "package_json_hashes": [
2026-09-12T04:37:17.0196698Z           "b70683cc653c28a988967110244c58dc5dc00483476343b4098610b1d10b1f74",
2026-09-12T04:37:17.0197312Z           "b70683cc653c28a988967110244c58dc5dc00483476343b4098610b1d10b1f74",
2026-09-12T04:37:17.0197912Z           "b70683cc653c28a988967110244c58dc5dc00483476343b4098610b1d10b1f74"
2026-09-12T04:37:17.0198314Z         ],
2026-09-12T04:37:17.0198532Z         "manifest_hashes": [
2026-09-12T04:37:17.0199002Z           "6a00edc7e2480ace3159dfe18c4c024f5c7d10a45b14b21e55defeb42ecfbf63",
2026-09-12T04:37:17.0199658Z           "6a00edc7e2480ace3159dfe18c4c024f5c7d10a45b14b21e55defeb42ecfbf63",
2026-09-12T04:37:17.0200302Z           "6a00edc7e2480ace3159dfe18c4c024f5c7d10a45b14b21e55defeb42ecfbf63"
2026-09-12T04:37:17.0200773Z         ],
2026-09-12T04:37:17.0201011Z         "receipt_hashes": [
2026-09-12T04:37:17.0201468Z           "014986f07151f81c4bb75986ef2a0937a968bf119ffe212a72c02f54565b3b5a",
2026-09-12T04:37:17.0202101Z           "014986f07151f81c4bb75986ef2a0937a968bf119ffe212a72c02f54565b3b5a",
2026-09-12T04:37:17.0202746Z           "014986f07151f81c4bb75986ef2a0937a968bf119ffe212a72c02f54565b3b5a"
2026-09-12T04:37:17.0203170Z         ],
2026-09-12T04:37:17.0203627Z         "all_release_artifacts_present": true,
2026-09-12T04:37:17.0204006Z         "stable": true
2026-09-12T04:37:17.0204206Z       },
2026-09-12T04:37:17.0204349Z       {
2026-09-12T04:37:17.0204526Z         "package_id": "publication",
2026-09-12T04:37:17.0204753Z         "package_json_hashes": [
2026-09-12T04:37:17.0205056Z           "6881b09efa8e3d503caea0a17c359e252816e9dad4ce740e5d08a574a0c9dd41",
2026-09-12T04:37:17.0205442Z           "6881b09efa8e3d503caea0a17c359e252816e9dad4ce740e5d08a574a0c9dd41",
2026-09-12T04:37:17.0205826Z           "6881b09efa8e3d503caea0a17c359e252816e9dad4ce740e5d08a574a0c9dd41"
2026-09-12T04:37:17.0206095Z         ],
2026-09-12T04:37:17.0206250Z         "manifest_hashes": [
2026-09-12T04:37:17.0206708Z           "d6310a1f1aecd942f236690e8602e1ea2811d36563a279acf16dc019b66e0dd6",
2026-09-12T04:37:17.0207092Z           "d6310a1f1aecd942f236690e8602e1ea2811d36563a279acf16dc019b66e0dd6",
2026-09-12T04:37:17.0207476Z           "d6310a1f1aecd942f236690e8602e1ea2811d36563a279acf16dc019b66e0dd6"
2026-09-12T04:37:17.0207748Z         ],
2026-09-12T04:37:17.0207899Z         "receipt_hashes": [
2026-09-12T04:37:17.0208193Z           "d9e170a4ccc1b61f9aae1d880f73dab96716992eb7464adf18adb563ce151862",
2026-09-12T04:37:17.0208578Z           "d9e170a4ccc1b61f9aae1d880f73dab96716992eb7464adf18adb563ce151862",
2026-09-12T04:37:17.0208961Z           "d9e170a4ccc1b61f9aae1d880f73dab96716992eb7464adf18adb563ce151862"
2026-09-12T04:37:17.0209237Z         ],
2026-09-12T04:37:17.0209419Z         "all_release_artifacts_present": true,
2026-09-12T04:37:17.0209632Z         "stable": true
2026-09-12T04:37:17.0209792Z       },
2026-09-12T04:37:17.0209932Z       {
2026-09-12T04:37:17.0210103Z         "package_id": "coverage",
2026-09-12T04:37:17.0210324Z         "package_json_hashes": [
2026-09-12T04:37:17.0210622Z           "fb7bd7decb5d01b2112309813dbf3c2b40587212eb4c9354d4e5694802451a81",
2026-09-12T04:37:17.0211012Z           "fb7bd7decb5d01b2112309813dbf3c2b40587212eb4c9354d4e5694802451a81",
2026-09-12T04:37:17.0211527Z           "fb7bd7decb5d01b2112309813dbf3c2b40587212eb4c9354d4e5694802451a81"
2026-09-12T04:37:17.0211805Z         ],
2026-09-12T04:37:17.0211965Z         "manifest_hashes": [
2026-09-12T04:37:17.0212265Z           "34a9988eb3e09cba5d5a4f084c7e919c6b36aa3c47f3260ee4e43ba3450b2da0",
2026-09-12T04:37:17.0212656Z           "34a9988eb3e09cba5d5a4f084c7e919c6b36aa3c47f3260ee4e43ba3450b2da0",
2026-09-12T04:37:17.0213044Z           "34a9988eb3e09cba5d5a4f084c7e919c6b36aa3c47f3260ee4e43ba3450b2da0"
2026-09-12T04:37:17.0213329Z         ],
2026-09-12T04:37:17.0213495Z         "receipt_hashes": [
2026-09-12T04:37:17.0213786Z           "9247e8361cf54bcd250998713e5a6f0808bb6137dc7d576978ee10b055196a8a",
2026-09-12T04:37:17.0214161Z           "9247e8361cf54bcd250998713e5a6f0808bb6137dc7d576978ee10b055196a8a",
2026-09-12T04:37:17.0214539Z           "9247e8361cf54bcd250998713e5a6f0808bb6137dc7d576978ee10b055196a8a"
2026-09-12T04:37:17.0214806Z         ],
2026-09-12T04:37:17.0214999Z         "all_release_artifacts_present": true,
2026-09-12T04:37:17.0215226Z         "stable": true
2026-09-12T04:37:17.0215395Z       },
2026-09-12T04:37:17.0215539Z       {
2026-09-12T04:37:17.0215721Z         "package_id": "research-plan",
2026-09-12T04:37:17.0215949Z         "package_json_hashes": [
2026-09-12T04:37:17.0216250Z           "27ac79a1bb5057913244fa298b1aabf03f42a09d943e3a325c08b65b70bfcf38",
2026-09-12T04:37:17.0216857Z           "27ac79a1bb5057913244fa298b1aabf03f42a09d943e3a325c08b65b70bfcf38",
2026-09-12T04:37:17.0217260Z           "27ac79a1bb5057913244fa298b1aabf03f42a09d943e3a325c08b65b70bfcf38"
2026-09-12T04:37:17.0217531Z         ],
2026-09-12T04:37:17.0217688Z         "manifest_hashes": [
2026-09-12T04:37:17.0217980Z           "377d4aa94ecea767495d6d0f18edd5aad4ee963574b2069e08040b05d3c3aa17",
2026-09-12T04:37:17.0218370Z           "377d4aa94ecea767495d6d0f18edd5aad4ee963574b2069e08040b05d3c3aa17",
2026-09-12T04:37:17.0218877Z           "377d4aa94ecea767495d6d0f18edd5aad4ee963574b2069e08040b05d3c3aa17"
2026-09-12T04:37:17.0219166Z         ],
2026-09-12T04:37:17.0219322Z         "receipt_hashes": [
2026-09-12T04:37:17.0219620Z           "7ca942121a3b0d395bea310ba7d4bad1b461480da3917079a365544b9a7a5db0",
2026-09-12T04:37:17.0220018Z           "7ca942121a3b0d395bea310ba7d4bad1b461480da3917079a365544b9a7a5db0",
2026-09-12T04:37:17.0220404Z           "7ca942121a3b0d395bea310ba7d4bad1b461480da3917079a365544b9a7a5db0"
2026-09-12T04:37:17.0220672Z         ],
2026-09-12T04:37:17.0220860Z         "all_release_artifacts_present": true,
2026-09-12T04:37:17.0221077Z         "stable": true
2026-09-12T04:37:17.0221241Z       },
2026-09-12T04:37:17.0221392Z       {
2026-09-12T04:37:17.0221571Z         "package_id": "machine-toolkit",
2026-09-12T04:37:17.0221800Z         "package_json_hashes": [
2026-09-12T04:37:17.0222104Z           "073ace169bcfc49863edbea8df1a61baf922f63cfa22967f03751c78a9535663",
2026-09-12T04:37:17.0222495Z           "073ace169bcfc49863edbea8df1a61baf922f63cfa22967f03751c78a9535663",
2026-09-12T04:37:17.0222888Z           "073ace169bcfc49863edbea8df1a61baf922f63cfa22967f03751c78a9535663"
2026-09-12T04:37:17.0223156Z         ],
2026-09-12T04:37:17.0223311Z         "manifest_hashes": [
2026-09-12T04:37:17.0223614Z           "4035c99c58ce46c52f134fee088167766cd5a837c9897ce87c4a4a333e684f58",
2026-09-12T04:37:17.0224027Z           "4035c99c58ce46c52f134fee088167766cd5a837c9897ce87c4a4a333e684f58",
2026-09-12T04:37:17.0224422Z           "4035c99c58ce46c52f134fee088167766cd5a837c9897ce87c4a4a333e684f58"
2026-09-12T04:37:17.0224691Z         ],
2026-09-12T04:37:17.0224843Z         "receipt_hashes": [
2026-09-12T04:37:17.0225138Z           "c3c6d7325c3bc0dd1f67a95eeef2acb90546015a96e403e9b9b464e7e0e7c987",
2026-09-12T04:37:17.0225527Z           "c3c6d7325c3bc0dd1f67a95eeef2acb90546015a96e403e9b9b464e7e0e7c987",
2026-09-12T04:37:17.0225907Z           "c3c6d7325c3bc0dd1f67a95eeef2acb90546015a96e403e9b9b464e7e0e7c987"
2026-09-12T04:37:17.0226182Z         ],
2026-09-12T04:37:17.0226498Z         "all_release_artifacts_present": true,
2026-09-12T04:37:17.0226841Z         "stable": true
2026-09-12T04:37:17.0227003Z       },
2026-09-12T04:37:17.0227143Z       {
2026-09-12T04:37:17.0227340Z         "package_id": "retrieval-evaluator-v2",
2026-09-12T04:37:17.0227587Z         "package_json_hashes": [
2026-09-12T04:37:17.0227888Z           "201a1ed7aa043bcfe3fc92cdfdd8195301e120d5e8ac25b807885c04ac303d2f",
2026-09-12T04:37:17.0228276Z           "201a1ed7aa043bcfe3fc92cdfdd8195301e120d5e8ac25b807885c04ac303d2f",
2026-09-12T04:37:17.0228659Z           "201a1ed7aa043bcfe3fc92cdfdd8195301e120d5e8ac25b807885c04ac303d2f"
2026-09-12T04:37:17.0228931Z         ],
2026-09-12T04:37:17.0229088Z         "manifest_hashes": [
2026-09-12T04:37:17.0229380Z           "2953696d7402fabb8ae0cafddf36193ce99c76e8d6f3c2e306fb4336da88a91f",
2026-09-12T04:37:17.0229772Z           "2953696d7402fabb8ae0cafddf36193ce99c76e8d6f3c2e306fb4336da88a91f",
2026-09-12T04:37:17.0230156Z           "2953696d7402fabb8ae0cafddf36193ce99c76e8d6f3c2e306fb4336da88a91f"
2026-09-12T04:37:17.0230426Z         ],
2026-09-12T04:37:17.0230582Z         "receipt_hashes": [
2026-09-12T04:37:17.0230867Z           "864b234a65de2358d888368cbdae9009c7aaeb0f2749693f2ebe6974b73d8e8b",
2026-09-12T04:37:17.0231243Z           "864b234a65de2358d888368cbdae9009c7aaeb0f2749693f2ebe6974b73d8e8b",
2026-09-12T04:37:17.0231714Z           "864b234a65de2358d888368cbdae9009c7aaeb0f2749693f2ebe6974b73d8e8b"
2026-09-12T04:37:17.0231987Z         ],
2026-09-12T04:37:17.0232172Z         "all_release_artifacts_present": true,
2026-09-12T04:37:17.0232392Z         "stable": true
2026-09-12T04:37:17.0232554Z       },
2026-09-12T04:37:17.0232696Z       {
2026-09-12T04:37:17.0232877Z         "package_id": "retrieval-bridge",
2026-09-12T04:37:17.0233108Z         "package_json_hashes": [
2026-09-12T04:37:17.0233402Z           "de8e730c86311c967a8147ad7660e698f326f9d00bd07b5d827cd9f1f58745c1",
2026-09-12T04:37:17.0233784Z           "de8e730c86311c967a8147ad7660e698f326f9d00bd07b5d827cd9f1f58745c1",
2026-09-12T04:37:17.0234269Z           "de8e730c86311c967a8147ad7660e698f326f9d00bd07b5d827cd9f1f58745c1"
2026-09-12T04:37:17.0234548Z         ],
2026-09-12T04:37:17.0234700Z         "manifest_hashes": [
2026-09-12T04:37:17.0234985Z           "5b3ac6284d09ae6718bf66151953429d010d9a2a6adb565c57917cedd3ba0698",
2026-09-12T04:37:17.0235367Z           "5b3ac6284d09ae6718bf66151953429d010d9a2a6adb565c57917cedd3ba0698",
2026-09-12T04:37:17.0235740Z           "5b3ac6284d09ae6718bf66151953429d010d9a2a6adb565c57917cedd3ba0698"
2026-09-12T04:37:17.0236005Z         ],
2026-09-12T04:37:17.0236156Z         "receipt_hashes": [
2026-09-12T04:37:17.0236606Z           "9f42e7a26555cb6ce1465a15ac9afa1913869039e01557778c768ee1120251b5",
2026-09-12T04:37:17.0237022Z           "9f42e7a26555cb6ce1465a15ac9afa1913869039e01557778c768ee1120251b5",
2026-09-12T04:37:17.0237398Z           "9f42e7a26555cb6ce1465a15ac9afa1913869039e01557778c768ee1120251b5"
2026-09-12T04:37:17.0237670Z         ],
2026-09-12T04:37:17.0237862Z         "all_release_artifacts_present": true,
2026-09-12T04:37:17.0238082Z         "stable": true
2026-09-12T04:37:17.0238245Z       }
2026-09-12T04:37:17.0238391Z     ]
2026-09-12T04:37:17.0238535Z   },
2026-09-12T04:37:17.0238713Z   "required_package_count": 10,
2026-09-12T04:37:17.0238914Z   "packages": [
2026-09-12T04:37:17.0239069Z     {
2026-09-12T04:37:17.0239246Z       "package_id": "contract-tooling",
2026-09-12T04:37:17.0239492Z       "path": "contracts/tooling/v1.0.0",
2026-09-12T04:37:17.0239730Z       "name": "@ushso/contract-tooling",
2026-09-12T04:37:17.0239942Z       "version": "1.0.0",
2026-09-12T04:37:17.0240292Z       "package_json_sha256": "ec8b31d4240832821521e025aa5f10858f324d298697a3dd56e510178c6ce919",
2026-09-12T04:37:17.0240690Z       "manifest_path": "manifests/package-manifest.json",
2026-09-12T04:37:17.0241104Z       "manifest_sha256": "149bf1ed27b5477febaf1d9355a6c2cf9399392ce646d1ef89b6166a2021c175",
2026-09-12T04:37:17.0241456Z       "manifest_entry_count": 44,
2026-09-12T04:37:17.0241688Z       "manifest_payload_bytes": 94870,
2026-09-12T04:37:17.0242083Z       "receipt_path": "validation/validation-receipt.json",
2026-09-12T04:37:17.0242474Z       "receipt_sha256": "929ff4a1a27ac48510c36390f534d2c2d8eff0c66013c54be7b87993d5703731",
2026-09-12T04:37:17.0242822Z       "digest_taxonomy_verified": true,
2026-09-12T04:37:17.0243057Z       "zero_action_assertion_count": 1,
2026-09-12T04:37:17.0243265Z       "test_file_count": 4,
2026-09-12T04:37:17.0243470Z       "declared_test_case_count": 16,
2026-09-12T04:37:17.0243677Z       "public_scripts": {
2026-09-12T04:37:17.0243897Z         "test": "node --test tests/*.test.mjs",
2026-09-12T04:37:17.0244172Z         "validate": "node tools/validate-package.mjs"
2026-09-12T04:37:17.0244401Z       },
2026-09-12T04:37:17.0244553Z       "errors": [],
2026-09-12T04:37:17.0244888Z       "source_tree_sha256": "0f8d7e0d420da2eba97e480d2cb72fe650d92100a4569925ae2f282f356a14b8",
2026-09-12T04:37:17.0245223Z       "schema_count": 5,
2026-09-12T04:37:17.0245427Z       "compiled_schema_count": 5,
2026-09-12T04:37:17.0245652Z       "root_object_schema_count": 4,
2026-09-12T04:37:17.0245887Z       "unexpected_property_probe_count": 4,
2026-09-12T04:37:17.0246265Z       "schema_ids_sha256": "6cae67a696183a1559c0fec3c5dcf8a3bf477b68d5e6caf79a5c4a96b502b234",
2026-09-12T04:37:17.0246766Z       "commands": [
2026-09-12T04:37:17.0246932Z         {
2026-09-12T04:37:17.0247086Z           "script": "test",
2026-09-12T04:37:17.0247351Z           "command": "npm test --prefix contracts/tooling/v1.0.0",
2026-09-12T04:37:17.0247612Z           "exit_code": 0,
2026-09-12T04:37:17.0247788Z           "signal": null,
2026-09-12T04:37:17.0247962Z           "timed_out": false,
2026-09-12T04:37:17.0248153Z           "duration_ms": 451,
2026-09-12T04:37:17.0248351Z           "stdout_bytes": 3512,
2026-09-12T04:37:17.0248693Z           "stdout_sha256": "95d064c2f4b5d1464aa519d302247f1636a6425497528130d0352bba9461051f",
2026-09-12T04:37:17.0249010Z           "stderr_bytes": 0,
2026-09-12T04:37:17.0249515Z           "stderr_sha256": "e3b0c44298fc1c149afbf4c8996fb92427ae41e4649b934ca495991b7852b855",
2026-09-12T04:37:17.0249874Z           "node_test_count": 16,
2026-09-12T04:37:17.0250280Z           "sealed_artifacts_before_sha256": "d1fb3abc5c49d4da71ded33db9145f8af1aa8172161fc72c2c6b9b0b20d13327",
2026-09-12T04:37:17.0250864Z           "sealed_artifacts_after_sha256": "d1fb3abc5c49d4da71ded33db9145f8af1aa8172161fc72c2c6b9b0b20d13327",
2026-09-12T04:37:17.0251267Z           "sealed_artifacts_unchanged": true,
2026-09-12T04:37:17.0251488Z           "passed": true
2026-09-12T04:37:17.0251661Z         },
2026-09-12T04:37:17.0251808Z         {
2026-09-12T04:37:17.0251981Z           "script": "validate",
2026-09-12T04:37:17.0252265Z           "command": "npm run validate --prefix contracts/tooling/v1.0.0",
2026-09-12T04:37:17.0252549Z           "exit_code": 0,
2026-09-12T04:37:17.0252727Z           "signal": null,
2026-09-12T04:37:17.0252901Z           "timed_out": false,
2026-09-12T04:37:17.0253092Z           "duration_ms": 240,
2026-09-12T04:37:17.0253299Z           "stdout_bytes": 1298,
2026-09-12T04:37:17.0253636Z           "stdout_sha256": "a91ec87412af7134cb45efb0f9c037aadf2d6c7d2c35870234f7b2f0363bcb1e",
2026-09-12T04:37:17.0253961Z           "stderr_bytes": 0,
2026-09-12T04:37:17.0254286Z           "stderr_sha256": "e3b0c44298fc1c149afbf4c8996fb92427ae41e4649b934ca495991b7852b855",
2026-09-12T04:37:17.0254622Z           "node_test_count": null,
2026-09-12T04:37:17.0255026Z           "sealed_artifacts_before_sha256": "d1fb3abc5c49d4da71ded33db9145f8af1aa8172161fc72c2c6b9b0b20d13327",
2026-09-12T04:37:17.0255595Z           "sealed_artifacts_after_sha256": "d1fb3abc5c49d4da71ded33db9145f8af1aa8172161fc72c2c6b9b0b20d13327",
2026-09-12T04:37:17.0255994Z           "sealed_artifacts_unchanged": true,
2026-09-12T04:37:17.0256208Z           "passed": true
2026-09-12T04:37:17.0256509Z         }
2026-09-12T04:37:17.0256661Z       ],
2026-09-12T04:37:17.0256815Z       "source_integrity": {
2026-09-12T04:37:17.0257171Z         "tree_sha256_before": "0f8d7e0d420da2eba97e480d2cb72fe650d92100a4569925ae2f282f356a14b8",
2026-09-12T04:37:17.0257780Z         "tree_sha256_after": "0f8d7e0d420da2eba97e480d2cb72fe650d92100a4569925ae2f282f356a14b8",
2026-09-12T04:37:17.0258125Z         "tree_unchanged": true,
2026-09-12T04:37:17.0258504Z         "receipt_tree_sha256_before": "9834a2cec0185421a8c11497966e6502e52dadd2782db81936b76e06d0fa5dc8",
2026-09-12T04:37:17.0259029Z         "receipt_tree_sha256_after": "9834a2cec0185421a8c11497966e6502e52dadd2782db81936b76e06d0fa5dc8",
2026-09-12T04:37:17.0259400Z         "receipts_unchanged": true
2026-09-12T04:37:17.0259590Z       },
2026-09-12T04:37:17.0259740Z       "status": "PASS"
2026-09-12T04:37:17.0259907Z     },
2026-09-12T04:37:17.0260055Z     {
2026-09-12T04:37:17.0260225Z       "package_id": "core-v2",
2026-09-12T04:37:17.0260439Z       "path": "contracts/core/v2.0.0",
2026-09-12T04:37:17.0260666Z       "name": "@ushso/core-contract",
2026-09-12T04:37:17.0260872Z       "version": "2.0.0",
2026-09-12T04:37:17.0261214Z       "package_json_sha256": "52e20d5c099082f556e958f6b3f116165c9b96c8eb74c0c07153a749b9e8204a",
2026-09-12T04:37:17.0261615Z       "manifest_path": "manifests/package-manifest.json",
2026-09-12T04:37:17.0262018Z       "manifest_sha256": "e9fa39ecb829b00e465b9d897ee876b3431286b98a91ed49c1ce39d079d83e89",
2026-09-12T04:37:17.0262364Z       "manifest_entry_count": 35,
2026-09-12T04:37:17.0262601Z       "manifest_payload_bytes": 224545,
2026-09-12T04:37:17.0270692Z       "receipt_path": "validation/validation-receipt.json",
2026-09-12T04:37:17.0271407Z       "receipt_sha256": "c764854ea7e7bc0a13b9c1cb3d2ebecea1b65e73f0a7eb1a40587f557fcd0ead",
2026-09-12T04:37:17.0271975Z       "digest_taxonomy_verified": true,
2026-09-12T04:37:17.0272325Z       "zero_action_assertion_count": 1,
2026-09-12T04:37:17.0272641Z       "test_file_count": 1,
2026-09-12T04:37:17.0272862Z       "declared_test_case_count": 9,
2026-09-12T04:37:17.0273079Z       "public_scripts": {
2026-09-12T04:37:17.0273481Z         "test": "node --test tests/*.test.mjs",
2026-09-12T04:37:17.0273790Z         "validate": "node tools/validate-package.mjs"
2026-09-12T04:37:17.0274031Z       },
2026-09-12T04:37:17.0274189Z       "errors": [],
2026-09-12T04:37:17.0274537Z       "source_tree_sha256": "8b97a3563c398ff8229afb0e17fd1c783f65c0e8dfb28bb0f5ed6c2173e22b43",
2026-09-12T04:37:17.0274894Z       "schema_count": 20,
2026-09-12T04:37:17.0275109Z       "compiled_schema_count": 20,
2026-09-12T04:37:17.0275354Z       "root_object_schema_count": 19,
2026-09-12T04:37:17.0275604Z       "unexpected_property_probe_count": 19,
2026-09-12T04:37:17.0275999Z       "schema_ids_sha256": "f9b77a87f2affebc80283c0d9d44c0cc7d2954a367496e6fdcf579aa45b4892c",
2026-09-12T04:37:17.0276341Z       "commands": [
2026-09-12T04:37:17.0276669Z         {
2026-09-12T04:37:17.0276836Z           "script": "test",
2026-09-12T04:37:17.0277100Z           "command": "npm test --prefix contracts/core/v2.0.0",
2026-09-12T04:37:17.0277364Z           "exit_code": 0,
2026-09-12T04:37:17.0277551Z           "signal": null,
2026-09-12T04:37:17.0277731Z           "timed_out": false,
2026-09-12T04:37:17.0277938Z           "duration_ms": 1009,
2026-09-12T04:37:17.0278149Z           "stdout_bytes": 2238,
2026-09-12T04:37:17.0278491Z           "stdout_sha256": "c6064bd7166230e970e60b0048007d893c9a807fc0925abdb1d7473019a271b2",
2026-09-12T04:37:17.0278827Z           "stderr_bytes": 0,
2026-09-12T04:37:17.0279162Z           "stderr_sha256": "e3b0c44298fc1c149afbf4c8996fb92427ae41e4649b934ca495991b7852b855",
2026-09-12T04:37:17.0279500Z           "node_test_count": 9,
2026-09-12T04:37:17.0279912Z           "sealed_artifacts_before_sha256": "7d9142f3f9ea45e0999ef7a26e5a065cc568dc99c03d0331ecdf0a175219c2d9",
2026-09-12T04:37:17.0280488Z           "sealed_artifacts_after_sha256": "7d9142f3f9ea45e0999ef7a26e5a065cc568dc99c03d0331ecdf0a175219c2d9",
2026-09-12T04:37:17.0280893Z           "sealed_artifacts_unchanged": true,
2026-09-12T04:37:17.0281119Z           "passed": true
2026-09-12T04:37:17.0281301Z         },
2026-09-12T04:37:17.0281573Z         {
2026-09-12T04:37:17.0281754Z           "script": "validate",
2026-09-12T04:37:17.0282037Z           "command": "npm run validate --prefix contracts/core/v2.0.0",
2026-09-12T04:37:17.0282312Z           "exit_code": 0,
2026-09-12T04:37:17.0282491Z           "signal": null,
2026-09-12T04:37:17.0282671Z           "timed_out": false,
2026-09-12T04:37:17.0282862Z           "duration_ms": 391,
2026-09-12T04:37:17.0283067Z           "stdout_bytes": 1237,
2026-09-12T04:37:17.0283412Z           "stdout_sha256": "bf9d4e755744a8b5afe7af8bee555cba0af738f84d843830f4a560e92c5c3ff1",
2026-09-12T04:37:17.0283746Z           "stderr_bytes": 0,
2026-09-12T04:37:17.0284081Z           "stderr_sha256": "e3b0c44298fc1c149afbf4c8996fb92427ae41e4649b934ca495991b7852b855",
2026-09-12T04:37:17.0284426Z           "node_test_count": null,
2026-09-12T04:37:17.0284844Z           "sealed_artifacts_before_sha256": "7d9142f3f9ea45e0999ef7a26e5a065cc568dc99c03d0331ecdf0a175219c2d9",
2026-09-12T04:37:17.0285571Z           "sealed_artifacts_after_sha256": "7d9142f3f9ea45e0999ef7a26e5a065cc568dc99c03d0331ecdf0a175219c2d9",
2026-09-12T04:37:17.0286040Z           "sealed_artifacts_unchanged": true,
2026-09-12T04:37:17.0286269Z           "passed": true
2026-09-12T04:37:17.0286603Z         }
2026-09-12T04:37:17.0286759Z       ],
2026-09-12T04:37:17.0286921Z       "source_integrity": {
2026-09-12T04:37:17.0287290Z         "tree_sha256_before": "8b97a3563c398ff8229afb0e17fd1c783f65c0e8dfb28bb0f5ed6c2173e22b43",
2026-09-12T04:37:17.0287802Z         "tree_sha256_after": "8b97a3563c398ff8229afb0e17fd1c783f65c0e8dfb28bb0f5ed6c2173e22b43",
2026-09-12T04:37:17.0288154Z         "tree_unchanged": true,
2026-09-12T04:37:17.0288542Z         "receipt_tree_sha256_before": "84806c372367eba909604b33e683b8f1dcfc949f6d832e100cb01f630250494a",
2026-09-12T04:37:17.0289094Z         "receipt_tree_sha256_after": "84806c372367eba909604b33e683b8f1dcfc949f6d832e100cb01f630250494a",
2026-09-12T04:37:17.0289584Z         "receipts_unchanged": true
2026-09-12T04:37:17.0289789Z       },
2026-09-12T04:37:17.0289949Z       "status": "PASS"
2026-09-12T04:37:17.0290125Z     },
2026-09-12T04:37:17.0290285Z     {
2026-09-12T04:37:17.0290467Z       "package_id": "ingestion",
2026-09-12T04:37:17.0290707Z       "path": "contracts/ingestion/v1.0.0",
2026-09-12T04:37:17.0290967Z       "name": "@ushso/ingestion-contract",
2026-09-12T04:37:17.0291190Z       "version": "1.0.0",
2026-09-12T04:37:17.0291559Z       "package_json_sha256": "ff98eae7074fb4d922f52873dabdb8f0d316856d87659d3bf6ad51e3786b14fd",
2026-09-12T04:37:17.0291969Z       "manifest_path": "manifests/package-manifest.json",
2026-09-12T04:37:17.0292379Z       "manifest_sha256": "842888bae6092da9d00982bed4186a43ceb6aeace9f837947c5a4eb6e0da9886",
2026-09-12T04:37:17.0292733Z       "manifest_entry_count": 28,
2026-09-12T04:37:17.0292964Z       "manifest_payload_bytes": 176540,
2026-09-12T04:37:17.0293250Z       "receipt_path": "validation/validation-receipt.json",
2026-09-12T04:37:17.0293654Z       "receipt_sha256": "665174c8ec848ae93fdb8034010f03892b2771aa67b777b361526dd6f396f8e8",
2026-09-12T04:37:17.0294028Z       "digest_taxonomy_verified": true,
2026-09-12T04:37:17.0294266Z       "zero_action_assertion_count": 4,
2026-09-12T04:37:17.0294480Z       "test_file_count": 1,
2026-09-12T04:37:17.0294693Z       "declared_test_case_count": 6,
2026-09-12T04:37:17.0294908Z       "public_scripts": {
2026-09-12T04:37:17.0295135Z         "test": "node --test tests/*.test.mjs",
2026-09-12T04:37:17.0295421Z         "validate": "node tools/validate-package.mjs"
2026-09-12T04:37:17.0295656Z       },
2026-09-12T04:37:17.0295814Z       "errors": [],
2026-09-12T04:37:17.0296154Z       "source_tree_sha256": "dcfc495af00c375453bd42d6d986a66ca0030d38c48e3e2f298b209a89aecb0d",
2026-09-12T04:37:17.0296666Z       "schema_count": 16,
2026-09-12T04:37:17.0296879Z       "compiled_schema_count": 16,
2026-09-12T04:37:17.0297110Z       "root_object_schema_count": 13,
2026-09-12T04:37:17.0297367Z       "unexpected_property_probe_count": 13,
2026-09-12T04:37:17.0297860Z       "schema_ids_sha256": "7b52aa583833a0824b5af51a93599d2a3733870fdc86435002c787d319bca203",
2026-09-12T04:37:17.0298195Z       "commands": [
2026-09-12T04:37:17.0298360Z         {
2026-09-12T04:37:17.0298524Z           "script": "test",
2026-09-12T04:37:17.0298802Z           "command": "npm test --prefix contracts/ingestion/v1.0.0",
2026-09-12T04:37:17.0299069Z           "exit_code": 0,
2026-09-12T04:37:17.0299251Z           "signal": null,
2026-09-12T04:37:17.0299437Z           "timed_out": false,
2026-09-12T04:37:17.0299631Z           "duration_ms": 441,
2026-09-12T04:37:17.0299833Z           "stdout_bytes": 1614,
2026-09-12T04:37:17.0300185Z           "stdout_sha256": "7292224acb6d0ebc8b279e2f2718ed204232db4f950db81ce79c673e0d70f41a",
2026-09-12T04:37:17.0300520Z           "stderr_bytes": 0,
2026-09-12T04:37:17.0300853Z           "stderr_sha256": "e3b0c44298fc1c149afbf4c8996fb92427ae41e4649b934ca495991b7852b855",
2026-09-12T04:37:17.0301195Z           "node_test_count": 6,
2026-09-12T04:37:17.0301595Z           "sealed_artifacts_before_sha256": "11e09399b2a10b0f88a414296fbd5d9ee9d1fbdd8d3d29d5a65d97f1f73163b3",
2026-09-12T04:37:17.0302172Z           "sealed_artifacts_after_sha256": "11e09399b2a10b0f88a414296fbd5d9ee9d1fbdd8d3d29d5a65d97f1f73163b3",
2026-09-12T04:37:17.0302577Z           "sealed_artifacts_unchanged": true,
2026-09-12T04:37:17.0302800Z           "passed": true
2026-09-12T04:37:17.0303060Z         },
2026-09-12T04:37:17.0303301Z         {
2026-09-12T04:37:17.0303504Z           "script": "validate",
2026-09-12T04:37:17.0303799Z           "command": "npm run validate --prefix contracts/ingestion/v1.0.0",
2026-09-12T04:37:17.0304083Z           "exit_code": 0,
2026-09-12T04:37:17.0304268Z           "signal": null,
2026-09-12T04:37:17.0304449Z           "timed_out": false,
2026-09-12T04:37:17.0304640Z           "duration_ms": 344,
2026-09-12T04:37:17.0304841Z           "stdout_bytes": 6740,
2026-09-12T04:37:17.0305304Z           "stdout_sha256": "d26deb6df9cd24cee16709272c1026335a2a5fbe0bdcc4ff95b3ce783f129007",
2026-09-12T04:37:17.0305654Z           "stderr_bytes": 0,
2026-09-12T04:37:17.0306012Z           "stderr_sha256": "e3b0c44298fc1c149afbf4c8996fb92427ae41e4649b934ca495991b7852b855",
2026-09-12T04:37:17.0306473Z           "node_test_count": null,
2026-09-12T04:37:17.0306964Z           "sealed_artifacts_before_sha256": "11e09399b2a10b0f88a414296fbd5d9ee9d1fbdd8d3d29d5a65d97f1f73163b3",
2026-09-12T04:37:17.0307540Z           "sealed_artifacts_after_sha256": "11e09399b2a10b0f88a414296fbd5d9ee9d1fbdd8d3d29d5a65d97f1f73163b3",
2026-09-12T04:37:17.0307944Z           "sealed_artifacts_unchanged": true,
2026-09-12T04:37:17.0308173Z           "passed": true
2026-09-12T04:37:17.0308347Z         }
2026-09-12T04:37:17.0308497Z       ],
2026-09-12T04:37:17.0308656Z       "source_integrity": {
2026-09-12T04:37:17.0309012Z         "tree_sha256_before": "dcfc495af00c375453bd42d6d986a66ca0030d38c48e3e2f298b209a89aecb0d",
2026-09-12T04:37:17.0309521Z         "tree_sha256_after": "dcfc495af00c375453bd42d6d986a66ca0030d38c48e3e2f298b209a89aecb0d",
2026-09-12T04:37:17.0309873Z         "tree_unchanged": true,
2026-09-12T04:37:17.0310268Z         "receipt_tree_sha256_before": "d76d4231f131fa91e66bb3a960fc5fa1dfec5028d7b721167abddf2fe779c6b0",
2026-09-12T04:37:17.0310810Z         "receipt_tree_sha256_after": "d76d4231f131fa91e66bb3a960fc5fa1dfec5028d7b721167abddf2fe779c6b0",
2026-09-12T04:37:17.0311186Z         "receipts_unchanged": true
2026-09-12T04:37:17.0311385Z       },
2026-09-12T04:37:17.0311541Z       "status": "PASS"
2026-09-12T04:37:17.0311714Z     },
2026-09-12T04:37:17.0311865Z     {
2026-09-12T04:37:17.0312036Z       "package_id": "identity",
2026-09-12T04:37:17.0312267Z       "path": "contracts/identity/v1.0.0",
2026-09-12T04:37:17.0312521Z       "name": "@ushso/identity-contract",
2026-09-12T04:37:17.0312740Z       "version": "1.0.0",
2026-09-12T04:37:17.0313084Z       "package_json_sha256": "b70683cc653c28a988967110244c58dc5dc00483476343b4098610b1d10b1f74",
2026-09-12T04:37:17.0313595Z       "manifest_path": "manifests/package-manifest.json",
2026-09-12T04:37:17.0314006Z       "manifest_sha256": "6a00edc7e2480ace3159dfe18c4c024f5c7d10a45b14b21e55defeb42ecfbf63",
2026-09-12T04:37:17.0314360Z       "manifest_entry_count": 23,
2026-09-12T04:37:17.0314594Z       "manifest_payload_bytes": 176058,
2026-09-12T04:37:17.0314875Z       "receipt_path": "validation/validation-receipt.json",
2026-09-12T04:37:17.0315271Z       "receipt_sha256": "014986f07151f81c4bb75986ef2a0937a968bf119ffe212a72c02f54565b3b5a",
2026-09-12T04:37:17.0315620Z       "digest_taxonomy_verified": true,
2026-09-12T04:37:17.0315851Z       "zero_action_assertion_count": 4,
2026-09-12T04:37:17.0316065Z       "test_file_count": 1,
2026-09-12T04:37:17.0316271Z       "declared_test_case_count": 8,
2026-09-12T04:37:17.0316637Z       "public_scripts": {
2026-09-12T04:37:17.0316865Z         "test": "node --test tests/*.test.mjs",
2026-09-12T04:37:17.0317150Z         "validate": "node tools/validate-package.mjs"
2026-09-12T04:37:17.0317390Z       },
2026-09-12T04:37:17.0317554Z       "errors": [],
2026-09-12T04:37:17.0317899Z       "source_tree_sha256": "3e3acba487c62bf0a49df2e3e7fc0ce55e8142e3d8e891ea26d684b3f9796ed3",
2026-09-12T04:37:17.0318250Z       "schema_count": 13,
2026-09-12T04:37:17.0318456Z       "compiled_schema_count": 13,
2026-09-12T04:37:17.0318684Z       "root_object_schema_count": 12,
2026-09-12T04:37:17.0318935Z       "unexpected_property_probe_count": 12,
2026-09-12T04:37:17.0319315Z       "schema_ids_sha256": "b106a2af62a4a1b01956e8772c2c90d6341a053cdb5e06fef82ba865246cdaaa",
2026-09-12T04:37:17.0319645Z       "commands": [
2026-09-12T04:37:17.0319807Z         {
2026-09-12T04:37:17.0319975Z           "script": "test",
2026-09-12T04:37:17.0320243Z           "command": "npm test --prefix contracts/identity/v1.0.0",
2026-09-12T04:37:17.0320510Z           "exit_code": 0,
2026-09-12T04:37:17.0320689Z           "signal": null,
2026-09-12T04:37:17.0320869Z           "timed_out": false,
2026-09-12T04:37:17.0321180Z           "duration_ms": 415,
2026-09-12T04:37:17.0321392Z           "stdout_bytes": 1845,
2026-09-12T04:37:17.0321747Z           "stdout_sha256": "f41454c5c31df48145cf2fe7c1bed41b4ac409a93be9e46a9a23edb6efc55e20",
2026-09-12T04:37:17.0322086Z           "stderr_bytes": 0,
2026-09-12T04:37:17.0322421Z           "stderr_sha256": "e3b0c44298fc1c149afbf4c8996fb92427ae41e4649b934ca495991b7852b855",
2026-09-12T04:37:17.0322756Z           "node_test_count": 8,
2026-09-12T04:37:17.0323147Z           "sealed_artifacts_before_sha256": "cb9577976d67ea06861cfb1897143a47d6671ed979c65c65ece8e5a843230ec7",
2026-09-12T04:37:17.0323710Z           "sealed_artifacts_after_sha256": "cb9577976d67ea06861cfb1897143a47d6671ed979c65c65ece8e5a843230ec7",
2026-09-12T04:37:17.0324108Z           "sealed_artifacts_unchanged": true,
2026-09-12T04:37:17.0324333Z           "passed": true
2026-09-12T04:37:17.0324511Z         },
2026-09-12T04:37:17.0324662Z         {
2026-09-12T04:37:17.0324835Z           "script": "validate",
2026-09-12T04:37:17.0325132Z           "command": "npm run validate --prefix contracts/identity/v1.0.0",
2026-09-12T04:37:17.0325413Z           "exit_code": 0,
2026-09-12T04:37:17.0325591Z           "signal": null,
2026-09-12T04:37:17.0325767Z           "timed_out": false,
2026-09-12T04:37:17.0325953Z           "duration_ms": 319,
2026-09-12T04:37:17.0326152Z           "stdout_bytes": 2736,
2026-09-12T04:37:17.0326607Z           "stdout_sha256": "68a0443bdbc998b3bedf0da72e094e8aad90ce3e5db4409c8593ec6ab14bbe75",
2026-09-12T04:37:17.0326943Z           "stderr_bytes": 0,
2026-09-12T04:37:17.0327276Z           "stderr_sha256": "e3b0c44298fc1c149afbf4c8996fb92427ae41e4649b934ca495991b7852b855",
2026-09-12T04:37:17.0327614Z           "node_test_count": null,
2026-09-12T04:37:17.0328009Z           "sealed_artifacts_before_sha256": "cb9577976d67ea06861cfb1897143a47d6671ed979c65c65ece8e5a843230ec7",
2026-09-12T04:37:17.0328567Z           "sealed_artifacts_after_sha256": "cb9577976d67ea06861cfb1897143a47d6671ed979c65c65ece8e5a843230ec7",
2026-09-12T04:37:17.0329076Z           "sealed_artifacts_unchanged": true,
2026-09-12T04:37:17.0329297Z           "passed": true
2026-09-12T04:37:17.0329472Z         }
2026-09-12T04:37:17.0329620Z       ],
2026-09-12T04:37:17.0329779Z       "source_integrity": {
2026-09-12T04:37:17.0330141Z         "tree_sha256_before": "3e3acba487c62bf0a49df2e3e7fc0ce55e8142e3d8e891ea26d684b3f9796ed3",
2026-09-12T04:37:17.0330640Z         "tree_sha256_after": "3e3acba487c62bf0a49df2e3e7fc0ce55e8142e3d8e891ea26d684b3f9796ed3",
2026-09-12T04:37:17.0330990Z         "tree_unchanged": true,
2026-09-12T04:37:17.0331364Z         "receipt_tree_sha256_before": "dd1316e88c747740b7b19075989414416199fad1ba7cc3aacc4b621166825983",
2026-09-12T04:37:17.0332132Z         "receipt_tree_sha256_after": "dd1316e88c747740b7b19075989414416199fad1ba7cc3aacc4b621166825983",
2026-09-12T04:37:17.0332511Z         "receipts_unchanged": true
2026-09-12T04:37:17.0332708Z       },
2026-09-12T04:37:17.0332869Z       "status": "PASS"
2026-09-12T04:37:17.0333046Z     },
2026-09-12T04:37:17.0333194Z     {
2026-09-12T04:37:17.0333388Z       "package_id": "publication",
2026-09-12T04:37:17.0333632Z       "path": "contracts/publication/v1.0.0",
2026-09-12T04:37:17.0333890Z       "name": "@ushso/publication-contract",
2026-09-12T04:37:17.0334108Z       "version": "1.0.0",
2026-09-12T04:37:17.0334456Z       "package_json_sha256": "6881b09efa8e3d503caea0a17c359e252816e9dad4ce740e5d08a574a0c9dd41",
2026-09-12T04:37:17.0334859Z       "manifest_path": "manifests/package-manifest.json",
2026-09-12T04:37:17.0335263Z       "manifest_sha256": "d6310a1f1aecd942f236690e8602e1ea2811d36563a279acf16dc019b66e0dd6",
2026-09-12T04:37:17.0335612Z       "manifest_entry_count": 28,
2026-09-12T04:37:17.0335837Z       "manifest_payload_bytes": 274414,
2026-09-12T04:37:17.0336113Z       "receipt_path": "validation/validation-receipt.json",
2026-09-12T04:37:17.0336750Z       "receipt_sha256": "d9e170a4ccc1b61f9aae1d880f73dab96716992eb7464adf18adb563ce151862",
2026-09-12T04:37:17.0337125Z       "digest_taxonomy_verified": true,
2026-09-12T04:37:17.0337358Z       "zero_action_assertion_count": 3,
2026-09-12T04:37:17.0337566Z       "test_file_count": 1,
2026-09-12T04:37:17.0337774Z       "declared_test_case_count": 9,
2026-09-12T04:37:17.0337985Z       "public_scripts": {
2026-09-12T04:37:17.0338212Z         "test": "node --test tests/*.test.mjs",
2026-09-12T04:37:17.0338493Z         "validate": "node tools/validate-package.mjs"
2026-09-12T04:37:17.0338723Z       },
2026-09-12T04:37:17.0338877Z       "errors": [],
2026-09-12T04:37:17.0339212Z       "source_tree_sha256": "bcdb4fa21a302a58ce18f6314df14cc04903b378f2fa225623c938ed4b6a9353",
2026-09-12T04:37:17.0339553Z       "schema_count": 16,
2026-09-12T04:37:17.0339760Z       "compiled_schema_count": 16,
2026-09-12T04:37:17.0339986Z       "root_object_schema_count": 15,
2026-09-12T04:37:17.0340228Z       "unexpected_property_probe_count": 15,
2026-09-12T04:37:17.0340614Z       "schema_ids_sha256": "af53deabdd89a03e9f450c1a48ba695fe9d3bf852f59bdb2d5b94799f007835f",
2026-09-12T04:37:17.0340951Z       "commands": [
2026-09-12T04:37:17.0341112Z         {
2026-09-12T04:37:17.0341278Z           "script": "test",
2026-09-12T04:37:17.0341550Z           "command": "npm test --prefix contracts/publication/v1.0.0",
2026-09-12T04:37:17.0341823Z           "exit_code": 0,
2026-09-12T04:37:17.0342002Z           "signal": null,
2026-09-12T04:37:17.0342184Z           "timed_out": false,
2026-09-12T04:37:17.0342386Z           "duration_ms": 583,
2026-09-12T04:37:17.0342591Z           "stdout_bytes": 2184,
2026-09-12T04:37:17.0342940Z           "stdout_sha256": "9a0a15613a23078f846575726827ef4df7a7e4163dfa4cc22798fefa3b9f32a3",
2026-09-12T04:37:17.0343285Z           "stderr_bytes": 0,
2026-09-12T04:37:17.0343626Z           "stderr_sha256": "e3b0c44298fc1c149afbf4c8996fb92427ae41e4649b934ca495991b7852b855",
2026-09-12T04:37:17.0343964Z           "node_test_count": 9,
2026-09-12T04:37:17.0344364Z           "sealed_artifacts_before_sha256": "2e6a3061d065e6137d8734570c7dd99aba1f4a878a5b0aef694e57f09e52f9ce",
2026-09-12T04:37:17.0345081Z           "sealed_artifacts_after_sha256": "2e6a3061d065e6137d8734570c7dd99aba1f4a878a5b0aef694e57f09e52f9ce",
2026-09-12T04:37:17.0345487Z           "sealed_artifacts_unchanged": true,
2026-09-12T04:37:17.0345715Z           "passed": true
2026-09-12T04:37:17.0345895Z         },
2026-09-12T04:37:17.0346049Z         {
2026-09-12T04:37:17.0346220Z           "script": "validate",
2026-09-12T04:37:17.0346617Z           "command": "npm run validate --prefix contracts/publication/v1.0.0",
2026-09-12T04:37:17.0346912Z           "exit_code": 0,
2026-09-12T04:37:17.0347093Z           "signal": null,
2026-09-12T04:37:17.0347274Z           "timed_out": false,
2026-09-12T04:37:17.0347463Z           "duration_ms": 414,
2026-09-12T04:37:17.0347665Z           "stdout_bytes": 1431,
2026-09-12T04:37:17.0348020Z           "stdout_sha256": "b233bddaaadbd830bc952e98cfba47f737ac1f4befb1104d009006ce7739e85a",
2026-09-12T04:37:17.0348360Z           "stderr_bytes": 0,
2026-09-12T04:37:17.0348692Z           "stderr_sha256": "e3b0c44298fc1c149afbf4c8996fb92427ae41e4649b934ca495991b7852b855",
2026-09-12T04:37:17.0349033Z           "node_test_count": null,
2026-09-12T04:37:17.0349430Z           "sealed_artifacts_before_sha256": "2e6a3061d065e6137d8734570c7dd99aba1f4a878a5b0aef694e57f09e52f9ce",
2026-09-12T04:37:17.0349988Z           "sealed_artifacts_after_sha256": "2e6a3061d065e6137d8734570c7dd99aba1f4a878a5b0aef694e57f09e52f9ce",
2026-09-12T04:37:17.0350380Z           "sealed_artifacts_unchanged": true,
2026-09-12T04:37:17.0350599Z           "passed": true
2026-09-12T04:37:17.0350772Z         }
2026-09-12T04:37:17.0350918Z       ],
2026-09-12T04:37:17.0351076Z       "source_integrity": {
2026-09-12T04:37:17.0351439Z         "tree_sha256_before": "bcdb4fa21a302a58ce18f6314df14cc04903b378f2fa225623c938ed4b6a9353",
2026-09-12T04:37:17.0351937Z         "tree_sha256_after": "bcdb4fa21a302a58ce18f6314df14cc04903b378f2fa225623c938ed4b6a9353",
2026-09-12T04:37:17.0352391Z         "tree_unchanged": true,
2026-09-12T04:37:17.0352780Z         "receipt_tree_sha256_before": "c822ceb0709c9826a0a7df5d4f8b4c6bacee26c3e9d30c47d068d0328d362194",
2026-09-12T04:37:17.0353327Z         "receipt_tree_sha256_after": "c822ceb0709c9826a0a7df5d4f8b4c6bacee26c3e9d30c47d068d0328d362194",
2026-09-12T04:37:17.0353710Z         "receipts_unchanged": true
2026-09-12T04:37:17.0353906Z       },
2026-09-12T04:37:17.0354060Z       "status": "PASS"
2026-09-12T04:37:17.0354232Z     },
2026-09-12T04:37:17.0354381Z     {
2026-09-12T04:37:17.0354555Z       "package_id": "coverage",
2026-09-12T04:37:17.0354781Z       "path": "contracts/coverage/v1.0.0",
2026-09-12T04:37:17.0355030Z       "name": "@ushso/coverage-contract",
2026-09-12T04:37:17.0355246Z       "version": "1.0.0",
2026-09-12T04:37:17.0355594Z       "package_json_sha256": "fb7bd7decb5d01b2112309813dbf3c2b40587212eb4c9354d4e5694802451a81",
2026-09-12T04:37:17.0355997Z       "manifest_path": "manifests/package-manifest.json",
2026-09-12T04:37:17.0356564Z       "manifest_sha256": "34a9988eb3e09cba5d5a4f084c7e919c6b36aa3c47f3260ee4e43ba3450b2da0",
2026-09-12T04:37:17.0356937Z       "manifest_entry_count": 24,
2026-09-12T04:37:17.0357165Z       "manifest_payload_bytes": 338463,
2026-09-12T04:37:17.0357444Z       "receipt_path": "validation/validation-receipt.json",
2026-09-12T04:37:17.0357841Z       "receipt_sha256": "9247e8361cf54bcd250998713e5a6f0808bb6137dc7d576978ee10b055196a8a",
2026-09-12T04:37:17.0358199Z       "digest_taxonomy_verified": true,
2026-09-12T04:37:17.0358433Z       "zero_action_assertion_count": 1,
2026-09-12T04:37:17.0358643Z       "test_file_count": 1,
2026-09-12T04:37:17.0358852Z       "declared_test_case_count": 8,
2026-09-12T04:37:17.0359064Z       "public_scripts": {
2026-09-12T04:37:17.0359291Z         "test": "node --test tests/*.test.mjs",
2026-09-12T04:37:17.0359575Z         "validate": "node tools/validate-package.mjs"
2026-09-12T04:37:17.0359804Z       },
2026-09-12T04:37:17.0359958Z       "errors": [],
2026-09-12T04:37:17.0360453Z       "source_tree_sha256": "82e2084a7a88c9bba6c26d697447ed8160134218f1ec06f60d1641df7b532a29",
2026-09-12T04:37:17.0360793Z       "schema_count": 11,
2026-09-12T04:37:17.0360997Z       "compiled_schema_count": 11,
2026-09-12T04:37:17.0361227Z       "root_object_schema_count": 10,
2026-09-12T04:37:17.0361469Z       "unexpected_property_probe_count": 10,
2026-09-12T04:37:17.0361850Z       "schema_ids_sha256": "368491523e13540b81e55beb4d6dfcbf3f08c5f53ff6bea001bcb4d4a932267f",
2026-09-12T04:37:17.0362179Z       "commands": [
2026-09-12T04:37:17.0362343Z         {
2026-09-12T04:37:17.0362506Z           "script": "test",
2026-09-12T04:37:17.0362771Z           "command": "npm test --prefix contracts/coverage/v1.0.0",
2026-09-12T04:37:17.0363037Z           "exit_code": 0,
2026-09-12T04:37:17.0363218Z           "signal": null,
2026-09-12T04:37:17.0363398Z           "timed_out": false,
2026-09-12T04:37:17.0363606Z           "duration_ms": 1138,
2026-09-12T04:37:17.0363814Z           "stdout_bytes": 2058,
2026-09-12T04:37:17.0364165Z           "stdout_sha256": "d857c39e1e7e3154b4eca3df70fadb0732603b38bf629c510c214fd6592ba967",
2026-09-12T04:37:17.0364491Z           "stderr_bytes": 0,
2026-09-12T04:37:17.0364831Z           "stderr_sha256": "e3b0c44298fc1c149afbf4c8996fb92427ae41e4649b934ca495991b7852b855",
2026-09-12T04:37:17.0365167Z           "node_test_count": 8,
2026-09-12T04:37:17.0365555Z           "sealed_artifacts_before_sha256": "7819d7634752ff269eaf6989aef38d8493987ab8940dc9e03217e61c7ba4ca0a",
2026-09-12T04:37:17.0366114Z           "sealed_artifacts_after_sha256": "7819d7634752ff269eaf6989aef38d8493987ab8940dc9e03217e61c7ba4ca0a",
2026-09-12T04:37:17.0366668Z           "sealed_artifacts_unchanged": true,
2026-09-12T04:37:17.0366891Z           "passed": true
2026-09-12T04:37:17.0367068Z         },
2026-09-12T04:37:17.0367218Z         {
2026-09-12T04:37:17.0367390Z           "script": "validate",
2026-09-12T04:37:17.0367911Z           "command": "npm run validate --prefix contracts/coverage/v1.0.0",
2026-09-12T04:37:17.0368211Z           "exit_code": 0,
2026-09-12T04:37:17.0368388Z           "signal": null,
2026-09-12T04:37:17.0368566Z           "timed_out": false,
2026-09-12T04:37:17.0368756Z           "duration_ms": 671,
2026-09-12T04:37:17.0368959Z           "stdout_bytes": 7303,
2026-09-12T04:37:17.0369301Z           "stdout_sha256": "2aadcfcc9e08a89c5ab293e5dfa3f7fd79fc13bd93c38792afa4681153015cfb",
2026-09-12T04:37:17.0369637Z           "stderr_bytes": 0,
2026-09-12T04:37:17.0369966Z           "stderr_sha256": "e3b0c44298fc1c149afbf4c8996fb92427ae41e4649b934ca495991b7852b855",
2026-09-12T04:37:17.0370304Z           "node_test_count": null,
2026-09-12T04:37:17.0370695Z           "sealed_artifacts_before_sha256": "7819d7634752ff269eaf6989aef38d8493987ab8940dc9e03217e61c7ba4ca0a",
2026-09-12T04:37:17.0371244Z           "sealed_artifacts_after_sha256": "7819d7634752ff269eaf6989aef38d8493987ab8940dc9e03217e61c7ba4ca0a",
2026-09-12T04:37:17.0371641Z           "sealed_artifacts_unchanged": true,
2026-09-12T04:37:17.0371869Z           "passed": true
2026-09-12T04:37:17.0372041Z         }
2026-09-12T04:37:17.0372190Z       ],
2026-09-12T04:37:17.0372347Z       "source_integrity": {
2026-09-12T04:37:17.0372696Z         "tree_sha256_before": "82e2084a7a88c9bba6c26d697447ed8160134218f1ec06f60d1641df7b532a29",
2026-09-12T04:37:17.0373187Z         "tree_sha256_after": "82e2084a7a88c9bba6c26d697447ed8160134218f1ec06f60d1641df7b532a29",
2026-09-12T04:37:17.0373531Z         "tree_unchanged": true,
2026-09-12T04:37:17.0373913Z         "receipt_tree_sha256_before": "1f05c6e34dec9b54f263fd4a73a77cc04ab757246d4cb7967998cb2f3ff439c4",
2026-09-12T04:37:17.0374453Z         "receipt_tree_sha256_after": "1f05c6e34dec9b54f263fd4a73a77cc04ab757246d4cb7967998cb2f3ff439c4",
2026-09-12T04:37:17.0374827Z         "receipts_unchanged": true
2026-09-12T04:37:17.0375017Z       },
2026-09-12T04:37:17.0375173Z       "status": "PASS"
2026-09-12T04:37:17.0375342Z     },
2026-09-12T04:37:17.0375490Z     {
2026-09-12T04:37:17.0375673Z       "package_id": "research-plan",
2026-09-12T04:37:17.0376047Z       "path": "contracts/research-plan/v1.0.0",
2026-09-12T04:37:17.0376320Z       "name": "@ushso/research-plan-contract",
2026-09-12T04:37:17.0376633Z       "version": "1.0.0",
2026-09-12T04:37:17.0376979Z       "package_json_sha256": "27ac79a1bb5057913244fa298b1aabf03f42a09d943e3a325c08b65b70bfcf38",
2026-09-12T04:37:17.0377378Z       "manifest_path": "manifests/package-manifest.json",
2026-09-12T04:37:17.0377786Z       "manifest_sha256": "377d4aa94ecea767495d6d0f18edd5aad4ee963574b2069e08040b05d3c3aa17",
2026-09-12T04:37:17.0378141Z       "manifest_entry_count": 38,
2026-09-12T04:37:17.0378367Z       "manifest_payload_bytes": 294536,
2026-09-12T04:37:17.0378647Z       "receipt_path": "validation/validation-receipt.json",
2026-09-12T04:37:17.0379040Z       "receipt_sha256": "7ca942121a3b0d395bea310ba7d4bad1b461480da3917079a365544b9a7a5db0",
2026-09-12T04:37:17.0379391Z       "digest_taxonomy_verified": true,
2026-09-12T04:37:17.0379629Z       "zero_action_assertion_count": 1,
2026-09-12T04:37:17.0379842Z       "test_file_count": 1,
2026-09-12T04:37:17.0380050Z       "declared_test_case_count": 13,
2026-09-12T04:37:17.0380259Z       "public_scripts": {
2026-09-12T04:37:17.0380478Z         "test": "node --test tests/*.test.mjs",
2026-09-12T04:37:17.0380757Z         "validate": "node tools/validate-package.mjs"
2026-09-12T04:37:17.0380994Z       },
2026-09-12T04:37:17.0381145Z       "errors": [],
2026-09-12T04:37:17.0381472Z       "source_tree_sha256": "38f444e52e2b1731c9b115a332e55e15c39987a5960b3a35104e583db6cfd170",
2026-09-12T04:37:17.0381802Z       "schema_count": 19,
2026-09-12T04:37:17.0382003Z       "compiled_schema_count": 19,
2026-09-12T04:37:17.0382231Z       "root_object_schema_count": 17,
2026-09-12T04:37:17.0382471Z       "unexpected_property_probe_count": 17,
2026-09-12T04:37:17.0382856Z       "schema_ids_sha256": "78de0fd9467c7184f4b7efc24f2d15e0c7713fb0e5c42e691b2faeb473f62e05",
2026-09-12T04:37:17.0383314Z       "commands": [
2026-09-12T04:37:17.0383492Z         {
2026-09-12T04:37:17.0383655Z           "script": "test",
2026-09-12T04:37:17.0383948Z           "command": "npm test --prefix contracts/research-plan/v1.0.0",
2026-09-12T04:37:17.0384225Z           "exit_code": 0,
2026-09-12T04:37:17.0384410Z           "signal": null,
2026-09-12T04:37:17.0384591Z           "timed_out": false,
2026-09-12T04:37:17.0384785Z           "duration_ms": 465,
2026-09-12T04:37:17.0384991Z           "stdout_bytes": 3047,
2026-09-12T04:37:17.0385343Z           "stdout_sha256": "2501cfc22145b3fce5d0473228db4d68fd307c71f36d5d778a4797bda6cc824f",
2026-09-12T04:37:17.0385753Z           "stderr_bytes": 0,
2026-09-12T04:37:17.0386314Z           "stderr_sha256": "e3b0c44298fc1c149afbf4c8996fb92427ae41e4649b934ca495991b7852b855",
2026-09-12T04:37:17.0386806Z           "node_test_count": 13,
2026-09-12T04:37:17.0387212Z           "sealed_artifacts_before_sha256": "e4f66baa87eaf5095c1a60c098c4a108792938626c9acf7aa33e92dc339b7ba5",
2026-09-12T04:37:17.0387797Z           "sealed_artifacts_after_sha256": "e4f66baa87eaf5095c1a60c098c4a108792938626c9acf7aa33e92dc339b7ba5",
2026-09-12T04:37:17.0388204Z           "sealed_artifacts_unchanged": true,
2026-09-12T04:37:17.0388431Z           "passed": true
2026-09-12T04:37:17.0388608Z         },
2026-09-12T04:37:17.0388758Z         {
2026-09-12T04:37:17.0388937Z           "script": "validate",
2026-09-12T04:37:17.0389244Z           "command": "npm run validate --prefix contracts/research-plan/v1.0.0",
2026-09-12T04:37:17.0389534Z           "exit_code": 0,
2026-09-12T04:37:17.0389716Z           "signal": null,
2026-09-12T04:37:17.0389896Z           "timed_out": false,
2026-09-12T04:37:17.0390085Z           "duration_ms": 405,
2026-09-12T04:37:17.0390291Z           "stdout_bytes": 154,
2026-09-12T04:37:17.0390632Z           "stdout_sha256": "af8c20f9fde62758a832cf3438f557fe50a25e7077901e8eeed082f99d791430",
2026-09-12T04:37:17.0390960Z           "stderr_bytes": 0,
2026-09-12T04:37:17.0391305Z           "stderr_sha256": "e3b0c44298fc1c149afbf4c8996fb92427ae41e4649b934ca495991b7852b855",
2026-09-12T04:37:17.0391862Z           "node_test_count": null,
2026-09-12T04:37:17.0392451Z           "sealed_artifacts_before_sha256": "e4f66baa87eaf5095c1a60c098c4a108792938626c9acf7aa33e92dc339b7ba5",
2026-09-12T04:37:17.0393141Z           "sealed_artifacts_after_sha256": "e4f66baa87eaf5095c1a60c098c4a108792938626c9acf7aa33e92dc339b7ba5",
2026-09-12T04:37:17.0393691Z           "sealed_artifacts_unchanged": true,
2026-09-12T04:37:17.0393924Z           "passed": true
2026-09-12T04:37:17.0394121Z         }
2026-09-12T04:37:17.0394351Z       ],
2026-09-12T04:37:17.0394542Z       "source_integrity": {
2026-09-12T04:37:17.0394897Z         "tree_sha256_before": "38f444e52e2b1731c9b115a332e55e15c39987a5960b3a35104e583db6cfd170",
2026-09-12T04:37:17.0395636Z         "tree_sha256_after": "38f444e52e2b1731c9b115a332e55e15c39987a5960b3a35104e583db6cfd170",
2026-09-12T04:37:17.0395986Z         "tree_unchanged": true,
2026-09-12T04:37:17.0396500Z         "receipt_tree_sha256_before": "292832533d9494af323475819370722cbca834f8b7d9c31d7e27a8d59548c620",
2026-09-12T04:37:17.0397050Z         "receipt_tree_sha256_after": "292832533d9494af323475819370722cbca834f8b7d9c31d7e27a8d59548c620",
2026-09-12T04:37:17.0397459Z         "receipts_unchanged": true
2026-09-12T04:37:17.0397753Z       },
2026-09-12T04:37:17.0397915Z       "status": "PASS"
2026-09-12T04:37:17.0398087Z     },
2026-09-12T04:37:17.0398242Z     {
2026-09-12T04:37:17.0398426Z       "package_id": "machine-toolkit",
2026-09-12T04:37:17.0398851Z       "path": "contracts/machine-toolkit/v1.0.0",
2026-09-12T04:37:17.0399162Z       "name": "@ushso/machine-toolkit-contract",
2026-09-12T04:37:17.0399393Z       "version": "1.0.0",
2026-09-12T04:37:17.0399751Z       "package_json_sha256": "073ace169bcfc49863edbea8df1a61baf922f63cfa22967f03751c78a9535663",
2026-09-12T04:37:17.0400434Z       "manifest_path": "contracts/package-manifest.json",
2026-09-12T04:37:17.0401046Z       "manifest_sha256": "4035c99c58ce46c52f134fee088167766cd5a837c9897ce87c4a4a333e684f58",
2026-09-12T04:37:17.0401410Z       "manifest_entry_count": 44,
2026-09-12T04:37:17.0401653Z       "manifest_payload_bytes": 340685,
2026-09-12T04:37:17.0401924Z       "receipt_path": "receipts/validation.json",
2026-09-12T04:37:17.0402322Z       "receipt_sha256": "c3c6d7325c3bc0dd1f67a95eeef2acb90546015a96e403e9b9b464e7e0e7c987",
2026-09-12T04:37:17.0402681Z       "digest_taxonomy_verified": true,
2026-09-12T04:37:17.0402911Z       "zero_action_assertion_count": 1,
2026-09-12T04:37:17.0403121Z       "test_file_count": 1,
2026-09-12T04:37:17.0403332Z       "declared_test_case_count": 18,
2026-09-12T04:37:17.0403551Z       "public_scripts": {
2026-09-12T04:37:17.0403772Z         "test": "node tests/contract.test.mjs",
2026-09-12T04:37:17.0404050Z         "validate": "node tools/validate-package.mjs"
2026-09-12T04:37:17.0404335Z       },
2026-09-12T04:37:17.0404556Z       "errors": [],
2026-09-12T04:37:17.0404990Z       "source_tree_sha256": "ada7613a171894c3ac0dd706aa6a6ea6b2c1223df8f840dcb2e06b9de0c742ba",
2026-09-12T04:37:17.0405430Z       "schema_count": 28,
2026-09-12T04:37:17.0405644Z       "compiled_schema_count": 28,
2026-09-12T04:37:17.0405877Z       "root_object_schema_count": 26,
2026-09-12T04:37:17.0406224Z       "unexpected_property_probe_count": 26,
2026-09-12T04:37:17.0406832Z       "schema_ids_sha256": "b1456567308ac6560fb19b35d889e533b1914ab28e71a8f144e127deb21e88d7",
2026-09-12T04:37:17.0407289Z       "commands": [
2026-09-12T04:37:17.0407455Z         {
2026-09-12T04:37:17.0407615Z           "script": "test",
2026-09-12T04:37:17.0407898Z           "command": "npm test --prefix contracts/machine-toolkit/v1.0.0",
2026-09-12T04:37:17.0408206Z           "exit_code": 0,
2026-09-12T04:37:17.0408475Z           "signal": null,
2026-09-12T04:37:17.0408694Z           "timed_out": false,
2026-09-12T04:37:17.0408908Z           "duration_ms": 1101,
2026-09-12T04:37:17.0409243Z           "stdout_bytes": 3782,
2026-09-12T04:37:17.0409760Z           "stdout_sha256": "4679c7d4d1ccf56f2cd521053c77175ad30ec30439aebb2f8039507f3c3603ef",
2026-09-12T04:37:17.0410384Z           "stderr_bytes": 0,
2026-09-12T04:37:17.0410732Z           "stderr_sha256": "e3b0c44298fc1c149afbf4c8996fb92427ae41e4649b934ca495991b7852b855",
2026-09-12T04:37:17.0411274Z           "node_test_count": 17,
2026-09-12T04:37:17.0411897Z           "sealed_artifacts_before_sha256": "6f00d022891d837c557617c889053cc77eef0bd1b02a3fe533d03f83dd14b546",
2026-09-12T04:37:17.0412655Z           "sealed_artifacts_after_sha256": "6f00d022891d837c557617c889053cc77eef0bd1b02a3fe533d03f83dd14b546",
2026-09-12T04:37:17.0413236Z           "sealed_artifacts_unchanged": true,
2026-09-12T04:37:17.0413539Z           "passed": true
2026-09-12T04:37:17.0413777Z         },
2026-09-12T04:37:17.0413972Z         {
2026-09-12T04:37:17.0414234Z           "script": "validate",
2026-09-12T04:37:17.0414663Z           "command": "npm run validate --prefix contracts/machine-toolkit/v1.0.0",
2026-09-12T04:37:17.0415023Z           "exit_code": 0,
2026-09-12T04:37:17.0415281Z           "signal": null,
2026-09-12T04:37:17.0415540Z           "timed_out": false,
2026-09-12T04:37:17.0415739Z           "duration_ms": 647,
2026-09-12T04:37:17.0416029Z           "stdout_bytes": 392,
2026-09-12T04:37:17.0416509Z           "stdout_sha256": "16e6202e355b6117874a79e3e60f39b033cc134d30fad25fbd6ab0b1ad7ec517",
2026-09-12T04:37:17.0417001Z           "stderr_bytes": 0,
2026-09-12T04:37:17.0417511Z           "stderr_sha256": "e3b0c44298fc1c149afbf4c8996fb92427ae41e4649b934ca495991b7852b855",
2026-09-12T04:37:17.0417979Z           "node_test_count": null,
2026-09-12T04:37:17.0418541Z           "sealed_artifacts_before_sha256": "6f00d022891d837c557617c889053cc77eef0bd1b02a3fe533d03f83dd14b546",
2026-09-12T04:37:17.0419286Z           "sealed_artifacts_after_sha256": "6f00d022891d837c557617c889053cc77eef0bd1b02a3fe533d03f83dd14b546",
2026-09-12T04:37:17.0419827Z           "sealed_artifacts_unchanged": true,
2026-09-12T04:37:17.0420125Z           "passed": true
2026-09-12T04:37:17.0420536Z         }
2026-09-12T04:37:17.0420765Z       ],
2026-09-12T04:37:17.0421000Z       "source_integrity": {
2026-09-12T04:37:17.0421466Z         "tree_sha256_before": "ada7613a171894c3ac0dd706aa6a6ea6b2c1223df8f840dcb2e06b9de0c742ba",
2026-09-12T04:37:17.0421978Z         "tree_sha256_after": "ada7613a171894c3ac0dd706aa6a6ea6b2c1223df8f840dcb2e06b9de0c742ba",
2026-09-12T04:37:17.0422333Z         "tree_unchanged": true,
2026-09-12T04:37:17.0422728Z         "receipt_tree_sha256_before": "3c8d24eb354b53beb48b6067c80e07ed0c85f2b9cb7ffdfc1f62b9ebe946da2d",
2026-09-12T04:37:17.0423323Z         "receipt_tree_sha256_after": "3c8d24eb354b53beb48b6067c80e07ed0c85f2b9cb7ffdfc1f62b9ebe946da2d",
2026-09-12T04:37:17.0423815Z         "receipts_unchanged": true
2026-09-12T04:37:17.0424017Z       },
2026-09-12T04:37:17.0424177Z       "status": "PASS"
2026-09-12T04:37:17.0424377Z     },
2026-09-12T04:37:17.0424593Z     {
2026-09-12T04:37:17.0424887Z       "package_id": "retrieval-evaluator-v2",
2026-09-12T04:37:17.0425242Z       "path": "evaluation/harness/v2.0.0",
2026-09-12T04:37:17.0425624Z       "name": "@ushso/retrieval-evaluator-v2",
2026-09-12T04:37:17.0425955Z       "version": "2.0.0",
2026-09-12T04:37:17.0426546Z       "package_json_sha256": "201a1ed7aa043bcfe3fc92cdfdd8195301e120d5e8ac25b807885c04ac303d2f",
2026-09-12T04:37:17.0427175Z       "manifest_path": "manifests/package-manifest.json",
2026-09-12T04:37:17.0427728Z       "manifest_sha256": "2953696d7402fabb8ae0cafddf36193ce99c76e8d6f3c2e306fb4336da88a91f",
2026-09-12T04:37:17.0428226Z       "manifest_entry_count": 15,
2026-09-12T04:37:17.0428596Z       "manifest_payload_bytes": 64309,
2026-09-12T04:37:17.0428946Z       "receipt_path": "validation/validation-receipt.json",
2026-09-12T04:37:17.0429513Z       "receipt_sha256": "864b234a65de2358d888368cbdae9009c7aaeb0f2749693f2ebe6974b73d8e8b",
2026-09-12T04:37:17.0430023Z       "digest_taxonomy_verified": true,
2026-09-12T04:37:17.0430357Z       "zero_action_assertion_count": 12,
2026-09-12T04:37:17.0430660Z       "test_file_count": 2,
2026-09-12T04:37:17.0431005Z       "declared_test_case_count": 7,
2026-09-12T04:37:17.0431271Z       "public_scripts": {
2026-09-12T04:37:17.0431619Z         "test": "node --test tests/*.test.mjs",
2026-09-12T04:37:17.0431902Z         "validate": "node tools/validate-package.mjs"
2026-09-12T04:37:17.0432136Z       },
2026-09-12T04:37:17.0432352Z       "errors": [],
2026-09-12T04:37:17.0432831Z       "source_tree_sha256": "3813d3f55b28e5201c46dc97f2d212f7746285a3ab196555d148fcf85d0eb0bc",
2026-09-12T04:37:17.0433175Z       "schema_count": 3,
2026-09-12T04:37:17.0433381Z       "compiled_schema_count": 3,
2026-09-12T04:37:17.0433685Z       "root_object_schema_count": 3,
2026-09-12T04:37:17.0434034Z       "unexpected_property_probe_count": 3,
2026-09-12T04:37:17.0434416Z       "schema_ids_sha256": "7226f7c2fa99b7ab850468775e8718bfa28a57391b9794bc0628dafd290fd31d",
2026-09-12T04:37:17.0434866Z       "commands": [
2026-09-12T04:37:17.0435093Z         {
2026-09-12T04:37:17.0435259Z           "script": "test",
2026-09-12T04:37:17.0435532Z           "command": "npm test --prefix evaluation/harness/v2.0.0",
2026-09-12T04:37:17.0435800Z           "exit_code": 0,
2026-09-12T04:37:17.0436052Z           "signal": null,
2026-09-12T04:37:17.0436336Z           "timed_out": false,
2026-09-12T04:37:17.0436704Z           "duration_ms": 364,
2026-09-12T04:37:17.0436988Z           "stdout_bytes": 1593,
2026-09-12T04:37:17.0437339Z           "stdout_sha256": "35bd5a8295de7f4333f5e210adcb5315a9ec8afc29473fbc63cfd99586c55168",
2026-09-12T04:37:17.0437675Z           "stderr_bytes": 0,
2026-09-12T04:37:17.0438161Z           "stderr_sha256": "e3b0c44298fc1c149afbf4c8996fb92427ae41e4649b934ca495991b7852b855",
2026-09-12T04:37:17.0438726Z           "node_test_count": 7,
2026-09-12T04:37:17.0439122Z           "sealed_artifacts_before_sha256": "67c374bb05718ed2879e19358ed21586bea94728245ec78dea6b73dfc32afa64",
2026-09-12T04:37:17.0439814Z           "sealed_artifacts_after_sha256": "67c374bb05718ed2879e19358ed21586bea94728245ec78dea6b73dfc32afa64",
2026-09-12T04:37:17.0440440Z           "sealed_artifacts_unchanged": true,
2026-09-12T04:37:17.0440674Z           "passed": true
2026-09-12T04:37:17.0440852Z         },
2026-09-12T04:37:17.0441003Z         {
2026-09-12T04:37:17.0441175Z           "script": "validate",
2026-09-12T04:37:17.0441523Z           "command": "npm run validate --prefix evaluation/harness/v2.0.0",
2026-09-12T04:37:17.0441979Z           "exit_code": 0,
2026-09-12T04:37:17.0442243Z           "signal": null,
2026-09-12T04:37:17.0442427Z           "timed_out": false,
2026-09-12T04:37:17.0442682Z           "duration_ms": 229,
2026-09-12T04:37:17.0442973Z           "stdout_bytes": 486,
2026-09-12T04:37:17.0443481Z           "stdout_sha256": "ef965bab6763e92c2d5ee16dbd3782eb66234f8909fd7d992b2f004c79569804",
2026-09-12T04:37:17.0444000Z           "stderr_bytes": 0,
2026-09-12T04:37:17.0444491Z           "stderr_sha256": "e3b0c44298fc1c149afbf4c8996fb92427ae41e4649b934ca495991b7852b855",
2026-09-12T04:37:17.0445085Z           "node_test_count": null,
2026-09-12T04:37:17.0445497Z           "sealed_artifacts_before_sha256": "67c374bb05718ed2879e19358ed21586bea94728245ec78dea6b73dfc32afa64",
2026-09-12T04:37:17.0446061Z           "sealed_artifacts_after_sha256": "67c374bb05718ed2879e19358ed21586bea94728245ec78dea6b73dfc32afa64",
2026-09-12T04:37:17.0446551Z           "sealed_artifacts_unchanged": true,
2026-09-12T04:37:17.0446914Z           "passed": true
2026-09-12T04:37:17.0447180Z         }
2026-09-12T04:37:17.0447389Z       ],
2026-09-12T04:37:17.0447623Z       "source_integrity": {
2026-09-12T04:37:17.0448051Z         "tree_sha256_before": "3813d3f55b28e5201c46dc97f2d212f7746285a3ab196555d148fcf85d0eb0bc",
2026-09-12T04:37:17.0448703Z         "tree_sha256_after": "3813d3f55b28e5201c46dc97f2d212f7746285a3ab196555d148fcf85d0eb0bc",
2026-09-12T04:37:17.0449199Z         "tree_unchanged": true,
2026-09-12T04:37:17.0449716Z         "receipt_tree_sha256_before": "15ecccb6607eea019700853f83ca28dbb565f5a81e2c0106856f1c2cb4ef6c91",
2026-09-12T04:37:17.0450775Z         "receipt_tree_sha256_after": "15ecccb6607eea019700853f83ca28dbb565f5a81e2c0106856f1c2cb4ef6c91",
2026-09-12T04:37:17.0451379Z         "receipts_unchanged": true
2026-09-12T04:37:17.0451680Z       },
2026-09-12T04:37:17.0451890Z       "status": "PASS"
2026-09-12T04:37:17.0452148Z     },
2026-09-12T04:37:17.0452304Z     {
2026-09-12T04:37:17.0452493Z       "package_id": "retrieval-bridge",
2026-09-12T04:37:17.0452746Z       "path": "evaluation/bridge/v1.0.0",
2026-09-12T04:37:17.0453016Z       "name": "@ushso/retrieval-evaluator-bridge",
2026-09-12T04:37:17.0453315Z       "version": "1.0.0",
2026-09-12T04:37:17.0453862Z       "package_json_sha256": "de8e730c86311c967a8147ad7660e698f326f9d00bd07b5d827cd9f1f58745c1",
2026-09-12T04:37:17.0454465Z       "manifest_path": "manifests/package-manifest.json",
2026-09-12T04:37:17.0455108Z       "manifest_sha256": "5b3ac6284d09ae6718bf66151953429d010d9a2a6adb565c57917cedd3ba0698",
2026-09-12T04:37:17.0455703Z       "manifest_entry_count": 22,
2026-09-12T04:37:17.0456037Z       "manifest_payload_bytes": 4926070,
2026-09-12T04:37:17.0456554Z       "receipt_path": "receipts/bridge-receipt.json",
2026-09-12T04:37:17.0457163Z       "receipt_sha256": "9f42e7a26555cb6ce1465a15ac9afa1913869039e01557778c768ee1120251b5",
2026-09-12T04:37:17.0457764Z       "digest_taxonomy_verified": true,
2026-09-12T04:37:17.0458106Z       "zero_action_assertion_count": 10,
2026-09-12T04:37:17.0458440Z       "test_file_count": 1,
2026-09-12T04:37:17.0458743Z       "declared_test_case_count": 7,
2026-09-12T04:37:17.0459077Z       "public_scripts": {
2026-09-12T04:37:17.0459403Z         "test": "node --test tests/*.test.mjs",
2026-09-12T04:37:17.0459821Z         "validate": "node tools/validate-bridge.mjs"
2026-09-12T04:37:17.0460154Z       },
2026-09-12T04:37:17.0460364Z       "errors": [],
2026-09-12T04:37:17.0460909Z       "source_tree_sha256": "8b3c3fd67a6b6bb1cba283bc3226ceea0187e5ebd836a136aa73110d37810452",
2026-09-12T04:37:17.0461581Z       "schema_count": 0,
2026-09-12T04:37:17.0461900Z       "compiled_schema_count": 0,
2026-09-12T04:37:17.0462262Z       "root_object_schema_count": 0,
2026-09-12T04:37:17.0462608Z       "unexpected_property_probe_count": 0,
2026-09-12T04:37:17.0463206Z       "schema_ids_sha256": "4f53cda18c2baa0c0354bb5f9a3ecbe5ed12ab4d8e11ba873c2f11161202b945",
2026-09-12T04:37:17.0463746Z       "commands": [
2026-09-12T04:37:17.0463988Z         {
2026-09-12T04:37:17.0464213Z           "script": "test",
2026-09-12T04:37:17.0464620Z           "command": "npm test --prefix evaluation/bridge/v1.0.0",
2026-09-12T04:37:17.0465028Z           "exit_code": 0,
2026-09-12T04:37:17.0465276Z           "signal": null,
2026-09-12T04:37:17.0465573Z           "timed_out": false,
2026-09-12T04:37:17.0465880Z           "duration_ms": 14033,
2026-09-12T04:37:17.0466174Z           "stdout_bytes": 1754,
2026-09-12T04:37:17.0466779Z           "stdout_sha256": "d107df88e4a9775d2a13c80828bfc3c3bf67fe9941538561383e5b5ddc7a3d8e",
2026-09-12T04:37:17.0467293Z           "stderr_bytes": 0,
2026-09-12T04:37:17.0467812Z           "stderr_sha256": "e3b0c44298fc1c149afbf4c8996fb92427ae41e4649b934ca495991b7852b855",
2026-09-12T04:37:17.0468344Z           "node_test_count": 7,
2026-09-12T04:37:17.0469000Z           "sealed_artifacts_before_sha256": "db3d2aa208a9affffdbfc59501cff47889deaf976bcd32f554c8a27d6a3104f2",
2026-09-12T04:37:17.0469908Z           "sealed_artifacts_after_sha256": "db3d2aa208a9affffdbfc59501cff47889deaf976bcd32f554c8a27d6a3104f2",
2026-09-12T04:37:17.0470572Z           "sealed_artifacts_unchanged": true,
2026-09-12T04:37:17.0470891Z           "passed": true
2026-09-12T04:37:17.0471165Z         },
2026-09-12T04:37:17.0471384Z         {
2026-09-12T04:37:17.0471637Z           "script": "validate",
2026-09-12T04:37:17.0472099Z           "command": "npm run validate --prefix evaluation/bridge/v1.0.0",
2026-09-12T04:37:17.0472531Z           "exit_code": 0,
2026-09-12T04:37:17.0472791Z           "signal": null,
2026-09-12T04:37:17.0473066Z           "timed_out": false,
2026-09-12T04:37:17.0473485Z           "duration_ms": 13929,
2026-09-12T04:37:17.0473807Z           "stdout_bytes": 1495,
2026-09-12T04:37:17.0474293Z           "stdout_sha256": "4a47e8f9fab973e64038bfac36f00a2e20c265d42c39dc7ffc559ac59b2d22df",
2026-09-12T04:37:17.0474750Z           "stderr_bytes": 0,
2026-09-12T04:37:17.0475280Z           "stderr_sha256": "e3b0c44298fc1c149afbf4c8996fb92427ae41e4649b934ca495991b7852b855",
2026-09-12T04:37:17.0475807Z           "node_test_count": null,
2026-09-12T04:37:17.0476588Z           "sealed_artifacts_before_sha256": "db3d2aa208a9affffdbfc59501cff47889deaf976bcd32f554c8a27d6a3104f2",
2026-09-12T04:37:17.0477486Z           "sealed_artifacts_after_sha256": "db3d2aa208a9affffdbfc59501cff47889deaf976bcd32f554c8a27d6a3104f2",
2026-09-12T04:37:17.0478176Z           "sealed_artifacts_unchanged": true,
2026-09-12T04:37:17.0478511Z           "passed": true
2026-09-12T04:37:17.0478765Z         }
2026-09-12T04:37:17.0478979Z       ],
2026-09-12T04:37:17.0479240Z       "source_integrity": {
2026-09-12T04:37:17.0479790Z         "tree_sha256_before": "8b3c3fd67a6b6bb1cba283bc3226ceea0187e5ebd836a136aa73110d37810452",
2026-09-12T04:37:17.0480630Z         "tree_sha256_after": "8b3c3fd67a6b6bb1cba283bc3226ceea0187e5ebd836a136aa73110d37810452",
2026-09-12T04:37:17.0492093Z         "tree_unchanged": true,
2026-09-12T04:37:17.0492744Z         "receipt_tree_sha256_before": "6a38ed752fafee9f7ca79e919f4e30b0886af2bd9732bfe673d8540a621078ca",
2026-09-12T04:37:17.0493668Z         "receipt_tree_sha256_after": "6a38ed752fafee9f7ca79e919f4e30b0886af2bd9732bfe673d8540a621078ca",
2026-09-12T04:37:17.0494291Z         "receipts_unchanged": true
2026-09-12T04:37:17.0494579Z       },
2026-09-12T04:37:17.0494819Z       "status": "PASS"
2026-09-12T04:37:17.0495086Z     }
2026-09-12T04:37:17.0495307Z   ],
2026-09-12T04:37:17.0495512Z   "aggregate": {
2026-09-12T04:37:17.0495778Z     "schema_count": 131,
2026-09-12T04:37:17.0496104Z     "compiled_schema_count": 131,
2026-09-12T04:37:17.0496794Z     "root_object_schema_count": 119,
2026-09-12T04:37:17.0497217Z     "unexpected_property_probes_rejected": 119,
2026-09-12T04:37:17.0497603Z     "test_file_count": 14,
2026-09-12T04:37:17.0497942Z     "declared_test_case_count": 101,
2026-09-12T04:37:17.0498297Z     "public_command_count": 20,
2026-09-12T04:37:17.0498635Z     "public_commands_passed": 20,
2026-09-12T04:37:17.0498992Z     "sealed_artifact_commands_read_only": 20,
2026-09-12T04:37:17.0499368Z     "node_tests_reported": 100,
2026-09-12T04:37:17.0499668Z     "manifest_entry_count": 301,
2026-09-12T04:37:17.0500019Z     "zero_action_assertion_count": 38
2026-09-12T04:37:17.0500338Z   },
2026-09-12T04:37:17.0500557Z   "cross_contract": {
2026-09-12T04:37:17.0500828Z     "checks": [
2026-09-12T04:37:17.0501075Z       {
2026-09-12T04:37:17.0501353Z         "check_id": "evidence-ladder-core",
2026-09-12T04:37:17.0501704Z         "passed": true,
2026-09-12T04:37:17.0502166Z         "detail": "unknown|candidate|ambiguous|documented|observed|executed|proven",
2026-09-12T04:37:17.0502824Z         "detail_sha256": "316f1e93be797d41dee738325531bb0e750190dd0592894e71701b804ee042c4"
2026-09-12T04:37:17.0503285Z       },
2026-09-12T04:37:17.0503504Z       {
2026-09-12T04:37:17.0503725Z         "check_id": "evidence-ladder-identity",
2026-09-12T04:37:17.0504069Z         "passed": true,
2026-09-12T04:37:17.0504463Z         "detail": "unknown|candidate|ambiguous|documented|observed|executed|proven",
2026-09-12T04:37:17.0505118Z         "detail_sha256": "316f1e93be797d41dee738325531bb0e750190dd0592894e71701b804ee042c4"
2026-09-12T04:37:17.0505651Z       },
2026-09-12T04:37:17.0505859Z       {
2026-09-12T04:37:17.0506199Z         "check_id": "evidence-ladder-research-plan",
2026-09-12T04:37:17.0506545Z         "passed": true,
2026-09-12T04:37:17.0506992Z         "detail": "unknown|candidate|ambiguous|documented|observed|executed|proven",
2026-09-12T04:37:17.0507765Z         "detail_sha256": "316f1e93be797d41dee738325531bb0e750190dd0592894e71701b804ee042c4"
2026-09-12T04:37:17.0508277Z       },
2026-09-12T04:37:17.0508659Z       {
2026-09-12T04:37:17.0508975Z         "check_id": "evidence-ladder-machine-toolkit",
2026-09-12T04:37:17.0509361Z         "passed": true,
2026-09-12T04:37:17.0509820Z         "detail": "unknown|candidate|ambiguous|documented|observed|executed|proven",
2026-09-12T04:37:17.0510476Z         "detail_sha256": "316f1e93be797d41dee738325531bb0e750190dd0592894e71701b804ee042c4"
2026-09-12T04:37:17.0510986Z       },
2026-09-12T04:37:17.0511203Z       {
2026-09-12T04:37:17.0511551Z         "check_id": "access-class-compatible-extension",
2026-09-12T04:37:17.0511915Z         "passed": true,
2026-09-12T04:37:17.0513187Z         "detail": "{\"allowed_extension\":\"report_only\",\"core\":[\"public\",\"registration\",\"application\",\"dua\",\"licensed\",\"paid\",\"unknown\"],\"planning_and_machine\":[\"public\",\"registration\",\"application\",\"dua\",\"licensed\",\"paid\",\"report_only\",\"unknown\"]}",
2026-09-12T04:37:17.0514572Z         "detail_sha256": "3e53750d8a8404fda4fde2e7ea78c8c8e1c934b9a20074bf1c0879337fbc4637"
2026-09-12T04:37:17.0515044Z       },
2026-09-12T04:37:17.0515270Z       {
2026-09-12T04:37:17.0515507Z         "check_id": "coverage-cell-state-parity",
2026-09-12T04:37:17.0515872Z         "passed": true,
2026-09-12T04:37:17.0516542Z         "detail": "[\"integrated\",\"candidate\",\"navigation_only\",\"evidence_gap\",\"inaccessible\",\"unknown\",\"not_assessed\"]",
2026-09-12T04:37:17.0517317Z         "detail_sha256": "e4313e3ed8ddc439e522749821326d6834aca37d461823aa47d85a4c23defaac"
2026-09-12T04:37:17.0517649Z       },
2026-09-12T04:37:17.0517801Z       {
2026-09-12T04:37:17.0518082Z         "check_id": "plan-status-parity",
2026-09-12T04:37:17.0518377Z         "passed": true,
2026-09-12T04:37:17.0519023Z         "detail": "[\"unsupported\",\"clarification_required\",\"incomplete\",\"ready_with_constraints\",\"ready\"]",
2026-09-12T04:37:17.0520000Z         "detail_sha256": "d5b86d58165d86a5cc7c9eca429bac5862359e80e350e82ea7e6420e98581d44"
2026-09-12T04:37:17.0520553Z       },
2026-09-12T04:37:17.0520763Z       {
2026-09-12T04:37:17.0521068Z         "check_id": "truth-boundary-exact-parity",
2026-09-12T04:37:17.0521448Z         "passed": true,
2026-09-12T04:37:17.0522245Z         "detail": "[\"source_requests_made\",\"execution_authorized_by_ushso\",\"retrieval_executed\",\"payloads_acquired\",\"analysis_executed\",\"identity_merges_performed\"]",
2026-09-12T04:37:17.0523329Z         "detail_sha256": "ee8ee5ef203252e221c3d7081f2d8c9dae16cd4fd2d4e4e9117d396c4c699f49"
2026-09-12T04:37:17.0523834Z       },
2026-09-12T04:37:17.0524041Z       {
2026-09-12T04:37:17.0524397Z         "check_id": "generation-and-snapshot-pin-parity",
2026-09-12T04:37:17.0524795Z         "passed": true,
2026-09-12T04:37:17.0526890Z         "detail": "{\"coverage\":[\"registry_revision\",\"canonical_revision\",\"index_generation\"],\"machine\":[\"publication_manifest_id\",\"registry_revision\",\"index_generation\",\"coverage_snapshot_id\",\"candidate_snapshot_id\",\"canonical_as_of\"],\"planner\":[\"publication_manifest_id\",\"registry_revision_id\",\"index_generation\",\"coverage_snapshot_id\",\"candidate_snapshot_id\",\"canonical_as_of\"],\"publication\":\"generation_id\"}",
2026-09-12T04:37:17.0528935Z         "detail_sha256": "b49b5d6e6435a746823fa280e761d7bfc34aab5549b0b7ebe9443e9bbc35d399"
2026-09-12T04:37:17.0529444Z       },
2026-09-12T04:37:17.0529663Z       {
2026-09-12T04:37:17.0530015Z         "check_id": "evidence-identifier-contract-core",
2026-09-12T04:37:17.0530379Z         "passed": true,
2026-09-12T04:37:17.0530815Z         "detail": "{\"evidence_id_nodes\":2,\"evidence_reference_nodes\":18}",
2026-09-12T04:37:17.0531444Z         "detail_sha256": "9e4f48721574fcb4c8e74ef0439e23736755362465c156a9a4e930928a5a1311"
2026-09-12T04:37:17.0531894Z       },
2026-09-12T04:37:17.0531964Z       {
2026-09-12T04:37:17.0532237Z         "check_id": "evidence-identifier-contract-identity",
2026-09-12T04:37:17.0532334Z         "passed": true,
2026-09-12T04:37:17.0532649Z         "detail": "{\"evidence_id_nodes\":2,\"evidence_reference_nodes\":10}",
2026-09-12T04:37:17.0533173Z         "detail_sha256": "2618865981cb5522e1d70c2c6c581018a064ce928ef92dbd4ec24b5591a67594"
2026-09-12T04:37:17.0533278Z       },
2026-09-12T04:37:17.0533372Z       {
2026-09-12T04:37:17.0533622Z         "check_id": "evidence-identifier-contract-research-plan",
2026-09-12T04:37:17.0533734Z         "passed": true,
2026-09-12T04:37:17.0533997Z         "detail": "{\"evidence_id_nodes\":1,\"evidence_reference_nodes\":24}",
2026-09-12T04:37:17.0534326Z         "detail_sha256": "017c503b75d325b1b7958e05b3033baef9a56f7369f18882967e906750fc2eb1"
2026-09-12T04:37:17.0534446Z       },
2026-09-12T04:37:17.0534541Z       {
2026-09-12T04:37:17.0534806Z         "check_id": "evidence-identifier-contract-machine-toolkit",
2026-09-12T04:37:17.0534911Z         "passed": true,
2026-09-12T04:37:17.0535166Z         "detail": "{\"evidence_id_nodes\":1,\"evidence_reference_nodes\":26}",
2026-09-12T04:37:17.0535543Z         "detail_sha256": "c3abf10dbf7eb7143acee1454d6f4436b561fb76cd5e2a4d986b1946b783a004"
2026-09-12T04:37:17.0535645Z       }
2026-09-12T04:37:17.0535745Z     ],
2026-09-12T04:37:17.0535845Z     "errors": [],
2026-09-12T04:37:17.0535970Z     "passed": true
2026-09-12T04:37:17.0536070Z   },
2026-09-12T04:37:17.0536190Z   "evaluator_freeze": {
2026-09-12T04:37:17.0536289Z     "passed": true,
2026-09-12T04:37:17.0536623Z     "metric_contract_frozen_at": "2026-08-30T00:00:00.000Z",
2026-09-12T04:37:17.0536807Z     "policy_reviewed_at": "2026-08-30T00:00:00.000Z",
2026-09-12T04:37:17.0536998Z     "cohort_generated_at": "2026-08-30T00:00:00.000Z",
2026-09-12T04:37:17.0537111Z     "tuning_started": false,
2026-09-12T04:37:17.0537275Z     "release_gate_status": "FAIL_PRE_TUNING",
2026-09-12T04:37:17.0537457Z     "ranking_optimization_performed": false,
2026-09-12T04:37:17.0537627Z     "consolidated_v2_algorithm_available": false,
2026-09-12T04:37:17.0537783Z     "benchmark_mutation_allowed": false,
2026-09-12T04:37:17.0538049Z     "hashes": {
2026-09-12T04:37:17.0538398Z       "metric_contract_sha256": "32c826571c7e9d44dc567664030eed67c49ae60a3574850d9bd0209fa6498cda",
2026-09-12T04:37:17.0538647Z       "benchmark_pin_sha256": "89804a56123cb19fff40468e5fcdc05a2753ff0b4b38541386bda239cd2de398",
2026-09-12T04:37:17.0538881Z       "policy_sha256": "9bb97170ae1f9a8ff7833fcc060298282f12fbb8f164fdd5b9b9dfcaddf3c688",
2026-09-12T04:37:17.0539126Z       "cohort_manifest_sha256": "4ae553d0f6c1f06462fd523b368098d2d85502291cb8718f7c503f430b5205b8",
2026-09-12T04:37:17.0539366Z       "algorithm_pins_sha256": "a65b739262625d88656cc579eabc95b508f6ef04a68e6d8fc29d4e7017314d13",
2026-09-12T04:37:17.0539606Z       "bridge_receipt_sha256": "9f42e7a26555cb6ce1465a15ac9afa1913869039e01557778c768ee1120251b5"
2026-09-12T04:37:17.0539676Z     },
2026-09-12T04:37:17.0539747Z     "errors": []
2026-09-12T04:37:17.0539815Z   },
2026-09-12T04:37:17.0539898Z   "execution_boundary": {
2026-09-12T04:37:17.0539975Z     "external_requests": 0,
2026-09-12T04:37:17.0540058Z     "paid_actions": 0,
2026-09-12T04:37:17.0540164Z     "source_packages_mutated": 0,
2026-09-12T04:37:17.0540257Z     "source_receipts_mutated": 0,
2026-09-12T04:37:17.0540395Z     "sealed_artifact_mutations_in_temporary_mirror": 0,
2026-09-12T04:37:17.0540564Z     "sealed_artifacts_globally_unchanged_in_temporary_mirror": true,
2026-09-12T04:37:17.0540686Z     "commands_executed_in_temporary_mirror": true
2026-09-12T04:37:17.0540755Z   },
2026-09-12T04:37:17.0540824Z   "errors": []
2026-09-12T04:37:17.0540900Z }
2026-09-12T04:37:17.0849580Z 
2026-09-12T04:37:17.0849890Z [verify] verification/wp3/v1.0.0 :: test
2026-09-12T04:37:28.9601639Z 
2026-09-12T04:37:28.9602188Z > @ushso/verification-wp3@1.0.0 test
2026-09-12T04:37:28.9602739Z > node --test --test-concurrency=1 tests/*.test.mjs
2026-09-12T04:37:28.9602979Z 
2026-09-12T04:37:28.9603053Z TAP version 13
2026-09-12T04:37:28.9603425Z # Subtest: WP3 generic runner executes every safe offline/static lane in both domains
2026-09-12T04:37:28.9603949Z ok 1 - WP3 generic runner executes every safe offline/static lane in both domains
2026-09-12T04:37:28.9604487Z   ---
2026-09-12T04:37:28.9604654Z   duration_ms: 11351.912523
2026-09-12T04:37:28.9604843Z   type: 'test'
2026-09-12T04:37:28.9604998Z   ...
2026-09-12T04:37:28.9605357Z # Subtest: WP3 aggregate validates both receipt domains and names excluded lanes explicitly
2026-09-12T04:37:28.9605932Z ok 2 - WP3 aggregate validates both receipt domains and names excluded lanes explicitly
2026-09-12T04:37:28.9606587Z   ---
2026-09-12T04:37:28.9606813Z   duration_ms: 275.033108
2026-09-12T04:37:28.9607088Z   type: 'test'
2026-09-12T04:37:28.9607312Z   ...
2026-09-12T04:37:28.9607542Z 1..2
2026-09-12T04:37:28.9607732Z # tests 2
2026-09-12T04:37:28.9607946Z # suites 0
2026-09-12T04:37:28.9608175Z # pass 2
2026-09-12T04:37:28.9608394Z # fail 0
2026-09-12T04:37:28.9608599Z # cancelled 0
2026-09-12T04:37:28.9608861Z # skipped 0
2026-09-12T04:37:28.9609068Z # todo 0
2026-09-12T04:37:28.9609330Z # duration_ms 11710.345003
2026-09-12T04:37:29.0200399Z 
2026-09-12T04:37:29.0201105Z [verify] verification/wp3/v1.0.0 :: validate
2026-09-12T04:37:29.4903413Z 
2026-09-12T04:37:29.4903836Z > @ushso/verification-wp3@1.0.0 validate
2026-09-12T04:37:29.4904308Z > node tools/validate-wp3.mjs
2026-09-12T04:37:29.4904499Z 
2026-09-12T04:37:29.4904598Z {
2026-09-12T04:37:29.4905000Z   "schema_version": "ushso-wp3-aggregate-local-validation.v1.0.0",
2026-09-12T04:37:29.4905423Z   "status": "pass",
2026-09-12T04:37:29.4905724Z   "scope": "offline_static_and_receipted_local_evidence",
2026-09-12T04:37:29.4906099Z   "domains": {
2026-09-12T04:37:29.4906340Z     "infrastructure": {
2026-09-12T04:37:29.4906729Z       "status": "pass",
2026-09-12T04:37:29.4906995Z       "receipt_count": 7,
2026-09-12T04:37:29.4907279Z       "counts": {
2026-09-12T04:37:29.4907500Z         "environments": 2,
2026-09-12T04:37:29.4907764Z         "neon_projects": 2,
2026-09-12T04:37:29.4908055Z         "workers": 6,
2026-09-12T04:37:29.4908627Z         "sql_created_worker_logins_per_environment": 6,
2026-09-12T04:37:29.4909077Z         "rendered_wrangler_configs": 12,
2026-09-12T04:37:29.4909341Z         "queues": 5,
2026-09-12T04:37:29.4909567Z         "dlqs": 5,
2026-09-12T04:37:29.4909863Z         "dlq_sink_consumers_per_environment": 5,
2026-09-12T04:37:29.4910290Z         "hyperdrive_semantic_profiles_per_environment": 2,
2026-09-12T04:37:29.4910729Z         "hyperdrive_configs_per_environment": 8,
2026-09-12T04:37:29.4911106Z         "r2_buckets_per_environment": 2,
2026-09-12T04:37:29.4911420Z         "event_fields": 14,
2026-09-12T04:37:29.4911900Z         "alerts": 13,
2026-09-12T04:37:29.4912202Z         "recovery_controls": 8,
2026-09-12T04:37:29.4912409Z         "slos": 11
2026-09-12T04:37:29.4912577Z       }
2026-09-12T04:37:29.4912773Z     },
2026-09-12T04:37:29.4913032Z     "database": {
2026-09-12T04:37:29.4913279Z       "status": "pass",
2026-09-12T04:37:29.4913525Z       "receipt_count": 4,
2026-09-12T04:37:29.4913834Z       "migration_count": 7,
2026-09-12T04:37:29.4914441Z       "local_suite_sha256": "a70b549eea6298fa157be8c88a7363d042e1921d1375a73529e5535098e41a29"
2026-09-12T04:37:29.4915016Z     }
2026-09-12T04:37:29.4915236Z   },
2026-09-12T04:37:29.4915416Z   "excluded_lanes": [
2026-09-12T04:37:29.4915677Z     {
2026-09-12T04:37:29.4916002Z       "id": "database_local_docker_rehearsal",
2026-09-12T04:37:29.4916575Z       "generic_runner_execution": "excluded_explicit_opt_in",
2026-09-12T04:37:29.4917214Z       "command": "npm run test:db:local-docker --prefix verification/wp3/v1.0.0",
2026-09-12T04:37:29.4918062Z       "evidence": "verification/wp3/v1.0.0/db/results/local-suite.json"
2026-09-12T04:37:29.4918549Z     },
2026-09-12T04:37:29.4918798Z     {
2026-09-12T04:37:29.4919119Z       "id": "terraform_provider_schema_validation",
2026-09-12T04:37:29.4919619Z       "generic_runner_execution": "excluded_receipt_verified",
2026-09-12T04:37:29.4920229Z       "evidence": "verification/wp3/v1.0.0/receipts/provider-capability-review.json"
2026-09-12T04:37:29.4920742Z     },
2026-09-12T04:37:29.4921233Z     {
2026-09-12T04:37:29.4921535Z       "id": "managed_plan_apply_behavior_and_recovery",
2026-09-12T04:37:29.4922094Z       "generic_runner_execution": "pending_external_authorization",
2026-09-12T04:37:29.4922595Z       "authorization_gates": [
2026-09-12T04:37:29.4922893Z         "AUTH-01",
2026-09-12T04:37:29.4923148Z         "AUTH-02",
2026-09-12T04:37:29.4923406Z         "AUTH-03",
2026-09-12T04:37:29.4923646Z         "AUTH-05",
2026-09-12T04:37:29.4923907Z         "AUTH-11"
2026-09-12T04:37:29.4924143Z       ]
2026-09-12T04:37:29.4924360Z     }
2026-09-12T04:37:29.4924572Z   ]
2026-09-12T04:37:29.4924790Z }
2026-09-12T04:37:29.5499137Z 
2026-09-12T04:37:29.5499769Z [verify] verification/wp4/v1.0.0 :: test
2026-09-12T04:37:29.8701685Z 
2026-09-12T04:37:29.8702204Z > @ushso/verification-wp4@1.0.0 test
2026-09-12T04:37:29.8702537Z > node --test tests/*.test.mjs
2026-09-12T04:37:29.8702685Z 
2026-09-12T04:37:29.8702762Z TAP version 13
2026-09-12T04:37:29.8703188Z # Subtest: WP4 scheduler entrypoint adapts the Cloudflare event without resolving bindings
2026-09-12T04:37:29.8703865Z ok 1 - WP4 scheduler entrypoint adapts the Cloudflare event without resolving bindings
2026-09-12T04:37:29.8704337Z   ---
2026-09-12T04:37:29.8704585Z   duration_ms: 1.324867
2026-09-12T04:37:29.8704802Z   type: 'test'
2026-09-12T04:37:29.8704957Z   ...
2026-09-12T04:37:29.8705283Z # Subtest: WP4 harvest entrypoint routes a Queue batch through injected consumers
2026-09-12T04:37:29.8705865Z ok 2 - WP4 harvest entrypoint routes a Queue batch through injected consumers
2026-09-12T04:37:29.8706320Z   ---
2026-09-12T04:37:29.8706669Z   duration_ms: 0.680626
2026-09-12T04:37:29.8706864Z   type: 'test'
2026-09-12T04:37:29.8707020Z   ...
2026-09-12T04:37:29.8707396Z # Subtest: disabled foundation defaults fail closed and expose only the authorized Workflow factory
2026-09-12T04:37:29.8708537Z ok 3 - disabled foundation defaults fail closed and expose only the authorized Workflow factory
2026-09-12T04:37:29.8709141Z   ---
2026-09-12T04:37:29.8709377Z   duration_ms: 0.563159
2026-09-12T04:37:29.8709611Z   type: 'test'
2026-09-12T04:37:29.8709850Z   ...
2026-09-12T04:37:29.8710388Z # Subtest: WP4 source-bound receipt is deterministic and honest about external work
2026-09-12T04:37:29.8711189Z ok 4 - WP4 source-bound receipt is deterministic and honest about external work
2026-09-12T04:37:29.8711612Z   ---
2026-09-12T04:37:29.8711865Z   duration_ms: 56.998638
2026-09-12T04:37:29.8712151Z   type: 'test'
2026-09-12T04:37:29.8712386Z   ...
2026-09-12T04:37:29.8713048Z # Subtest: WP4 executable controls prove retry, identity, capture, pause, unknown-send, and DLQ invariants
2026-09-12T04:37:29.8714070Z ok 5 - WP4 executable controls prove retry, identity, capture, pause, unknown-send, and DLQ invariants
2026-09-12T04:37:29.8714607Z   ---
2026-09-12T04:37:29.8714834Z   duration_ms: 13.187253
2026-09-12T04:37:29.8715107Z   type: 'test'
2026-09-12T04:37:29.8715339Z   ...
2026-09-12T04:37:29.8715855Z # Subtest: receipt CLI is a write-free wrapper around the deterministic generator
2026-09-12T04:37:29.8716685Z ok 6 - receipt CLI is a write-free wrapper around the deterministic generator
2026-09-12T04:37:29.8717138Z   ---
2026-09-12T04:37:29.8717368Z   duration_ms: 0.213532
2026-09-12T04:37:29.8717635Z   type: 'test'
2026-09-12T04:37:29.8717861Z   ...
2026-09-12T04:37:29.8718474Z # Subtest: the complete ingestion package fault-injection suite remains explicitly discoverable
2026-09-12T04:37:29.8719345Z ok 7 - the complete ingestion package fault-injection suite remains explicitly discoverable
2026-09-12T04:37:29.8719861Z   ---
2026-09-12T04:37:29.8720117Z   duration_ms: 0.223837
2026-09-12T04:37:29.8720394Z   type: 'test'
2026-09-12T04:37:29.8720632Z   ...
2026-09-12T04:37:29.8720841Z 1..7
2026-09-12T04:37:29.8721060Z # tests 7
2026-09-12T04:37:29.8721299Z # suites 0
2026-09-12T04:37:29.8721529Z # pass 7
2026-09-12T04:37:29.8721751Z # fail 0
2026-09-12T04:37:29.8721988Z # cancelled 0
2026-09-12T04:37:29.8722240Z # skipped 0
2026-09-12T04:37:29.8722688Z # todo 0
2026-09-12T04:37:29.8722951Z # duration_ms 147.186562
2026-09-12T04:37:29.9330757Z 
2026-09-12T04:37:29.9331513Z [verify] verification/wp4/v1.0.0 :: validate
2026-09-12T04:37:30.1529481Z 
2026-09-12T04:37:30.1530058Z > @ushso/verification-wp4@1.0.0 validate
2026-09-12T04:37:30.1530522Z > node tools/verify-wp4.mjs
2026-09-12T04:37:30.1530785Z 
2026-09-12T04:37:30.1530883Z {
2026-09-12T04:37:30.1531323Z   "receipt_version": "ushso-wp4-offline-verification-receipt.v1.0.0",
2026-09-12T04:37:30.1531822Z   "work_package": "WP4",
2026-09-12T04:37:30.1532114Z   "status": "pass_local",
2026-09-12T04:37:30.1532575Z   "evidence_scope": "offline_synthetic_fault_injection_and_static_sql",
2026-09-12T04:37:30.1533098Z   "determinism": "source_bound_no_wall_clock",
2026-09-12T04:37:30.1533783Z   "implementation_fingerprint": "8d065af84d1b99fc5c56ef4d432bbe3adfe5fa277533e2ec6478cfedce47e93c",
2026-09-12T04:37:30.1534303Z   "implementation_fingerprint_algorithm": "sha256(path\\0sha256\\n)",
2026-09-12T04:37:30.1534611Z   "verified_file_count": 43,
2026-09-12T04:37:30.1534809Z   "verified_files": [
2026-09-12T04:37:30.1534979Z     {
2026-09-12T04:37:30.1535227Z       "file": "db/migrations/0002_ingest_runs_jobs_captures.sql",
2026-09-12T04:37:30.1535643Z       "byte_sha256": "d503c3c2283d4c1edc34ae8688a8586197ca55af950575fdc0f49c6b83c26c97"
2026-09-12T04:37:30.1535964Z     },
2026-09-12T04:37:30.1536109Z     {
2026-09-12T04:37:30.1536534Z       "file": "db/migrations/0003_ops_outbox_processed_events_dead_letters.sql",
2026-09-12T04:37:30.1537018Z       "byte_sha256": "89e5957af56d41ea2e75be3531e1151cd530c2fc4476e9801556be30b0f8d922"
2026-09-12T04:37:30.1537531Z     },
2026-09-12T04:37:30.1537681Z     {
2026-09-12T04:37:30.1537978Z       "file": "db/queries/lease-due-sources.sql",
2026-09-12T04:37:30.1538490Z       "byte_sha256": "2293be464022aba88659ccf977380c083399ea46e6129a2ccb5629b8ff26ace0"
2026-09-12T04:37:30.1538999Z     },
2026-09-12T04:37:30.1539204Z     {
2026-09-12T04:37:30.1539740Z       "file": "db/queries/lease-jobs.sql",
2026-09-12T04:37:30.1540399Z       "byte_sha256": "46f9d3e11e6d23b8c4cd651ae1726fdf67f45d69359e4d5713fe0e30e377aad3"
2026-09-12T04:37:30.1540889Z     },
2026-09-12T04:37:30.1541111Z     {
2026-09-12T04:37:30.1541380Z       "file": "db/queries/lease-outbox.sql",
2026-09-12T04:37:30.1541991Z       "byte_sha256": "b1352539b9faa88faebebabb44766317588123613acc5367bb2bc0604c76136c"
2026-09-12T04:37:30.1542498Z     },
2026-09-12T04:37:30.1542699Z     {
2026-09-12T04:37:30.1543023Z       "file": "db/queries/reconcile-workflows.sql",
2026-09-12T04:37:30.1543609Z       "byte_sha256": "8005590d962dad791d1ce2ed1940afb893b8c585748e41c2824101a01233a684"
2026-09-12T04:37:30.1544038Z     },
2026-09-12T04:37:30.1544244Z     {
2026-09-12T04:37:30.1544569Z       "file": "db/queries/recover-expired-leases.sql",
2026-09-12T04:37:30.1545157Z       "byte_sha256": "f7e04f5ba9040917dd103ab6969bbf83e866a1bd0e8f359dc03315905412a1cb"
2026-09-12T04:37:30.1545676Z     },
2026-09-12T04:37:30.1545901Z     {
2026-09-12T04:37:30.1546167Z       "file": "db/queries/recover-expired-outbox-leases.sql",
2026-09-12T04:37:30.1546983Z       "byte_sha256": "f7f48384648631564011b321915518edc9ee3a1b3621ee74f2b246546b2e88b6"
2026-09-12T04:37:30.1547498Z     },
2026-09-12T04:37:30.1547710Z     {
2026-09-12T04:37:30.1548030Z       "file": "packages/ingestion/package.json",
2026-09-12T04:37:30.1548626Z       "byte_sha256": "52f6f2d8cd754575b098933b98bc253adfb8602bfe2cb61997d70db620802501"
2026-09-12T04:37:30.1549093Z     },
2026-09-12T04:37:30.1549307Z     {
2026-09-12T04:37:30.1549660Z       "file": "packages/ingestion/src/audit-principal.mjs",
2026-09-12T04:37:30.1550242Z       "byte_sha256": "a06495cfcf473ccde6b91552a7cd49768ba9104eba96e1bce194f19aebee75e8"
2026-09-12T04:37:30.1550765Z     },
2026-09-12T04:37:30.1550976Z     {
2026-09-12T04:37:30.1551260Z       "file": "packages/ingestion/src/common.mjs",
2026-09-12T04:37:30.1551852Z       "byte_sha256": "b9d881927621a993557e791490d316b688cdbfadb5961ff3ba2a8f06555b8b51"
2026-09-12T04:37:30.1552567Z     },
2026-09-12T04:37:30.1552783Z     {
2026-09-12T04:37:30.1553114Z       "file": "packages/ingestion/src/dead-letter.mjs",
2026-09-12T04:37:30.1553708Z       "byte_sha256": "0e1c96599da830288d865865e2aea9b81a1d34feacea3bd33482f43d4bfa219d"
2026-09-12T04:37:30.1554233Z     },
2026-09-12T04:37:30.1554455Z     {
2026-09-12T04:37:30.1554833Z       "file": "packages/ingestion/src/dlq-observation-ingress.mjs",
2026-09-12T04:37:30.1555485Z       "byte_sha256": "711e76dc25858311a919d13e4af8de5e0f17e8087e94e9d3d03785ada977ca31"
2026-09-12T04:37:30.1555987Z     },
2026-09-12T04:37:30.1556178Z     {
2026-09-12T04:37:30.1556801Z       "file": "packages/ingestion/src/dlq-sink-policy.mjs",
2026-09-12T04:37:30.1557468Z       "byte_sha256": "dc71659e18a0802876136d550d0256e5485713df8bc27d2ba5a82fcd118696bd"
2026-09-12T04:37:30.1557940Z     },
2026-09-12T04:37:30.1558180Z     {
2026-09-12T04:37:30.1558530Z       "file": "packages/ingestion/src/failure-policy.mjs",
2026-09-12T04:37:30.1559189Z       "byte_sha256": "0dd6bb7afe0eeef6c3aaa422054f71b26b9954dac5a4cf766209cb1d6a741e85"
2026-09-12T04:37:30.1559699Z     },
2026-09-12T04:37:30.1559919Z     {
2026-09-12T04:37:30.1560272Z       "file": "packages/ingestion/src/harvest-workflow.mjs",
2026-09-12T04:37:30.1560859Z       "byte_sha256": "db4431256cbf4139bfec7dc3e91742ecb72e198dee294d8f6f3ae08dbb98d266"
2026-09-12T04:37:30.1561394Z     },
2026-09-12T04:37:30.1561608Z     {
2026-09-12T04:37:30.1562000Z       "file": "packages/ingestion/src/in-memory-control-plane.mjs",
2026-09-12T04:37:30.1562629Z       "byte_sha256": "bbdb163c998411b4c518d69e086a091925f2836ff32446cd0a06751b9a20d9dd"
2026-09-12T04:37:30.1563137Z     },
2026-09-12T04:37:30.1563350Z     {
2026-09-12T04:37:30.1563637Z       "file": "packages/ingestion/src/index.mjs",
2026-09-12T04:37:30.1564193Z       "byte_sha256": "0f25a3c48b376f5b62d365eb9889ea9705d007ee575ed6a7acea402b83ca1efd"
2026-09-12T04:37:30.1564693Z     },
2026-09-12T04:37:30.1564920Z     {
2026-09-12T04:37:30.1565396Z       "file": "packages/ingestion/src/message-contract.mjs",
2026-09-12T04:37:30.1566058Z       "byte_sha256": "fef1fc3141f08f6315f827571c80140f198b0cb3a6ffb5ed6d48814e91e36c68"
2026-09-12T04:37:30.1566670Z     },
2026-09-12T04:37:30.1566889Z     {
2026-09-12T04:37:30.1567117Z       "file": "packages/ingestion/src/origin-control.mjs",
2026-09-12T04:37:30.1567583Z       "byte_sha256": "b501e050c851715591683617695860d917187593ab62ae769046e70945bbc828"
2026-09-12T04:37:30.1568040Z     },
2026-09-12T04:37:30.1568252Z     {
2026-09-12T04:37:30.1568590Z       "file": "packages/ingestion/src/outbox-dispatcher.mjs",
2026-09-12T04:37:30.1569250Z       "byte_sha256": "b8645a52929a00e0be65acb3aec3d6156c87df677fd51cd1b8cd5f2b20dc872c"
2026-09-12T04:37:30.1569704Z     },
2026-09-12T04:37:30.1569898Z     {
2026-09-12T04:37:30.1570203Z       "file": "packages/ingestion/src/ports.mjs",
2026-09-12T04:37:30.1570791Z       "byte_sha256": "3f832c244528602ac5dbfa7769b5906ff72610859ecd2ab5ca440c5b9739394c"
2026-09-12T04:37:30.1571279Z     },
2026-09-12T04:37:30.1571468Z     {
2026-09-12T04:37:30.1571759Z       "file": "packages/ingestion/src/postgres-control-store.mjs",
2026-09-12T04:37:30.1572441Z       "byte_sha256": "00cd03bf6e1b81ceb1eb15073370fa6c7cff022cca2bbfc306483a7b8c5918c1"
2026-09-12T04:37:30.1572958Z     },
2026-09-12T04:37:30.1573164Z     {
2026-09-12T04:37:30.1573490Z       "file": "packages/ingestion/src/queue-consumer.mjs",
2026-09-12T04:37:30.1574090Z       "byte_sha256": "edeb6e052bf5dd0de181c24e108a96272f6ca7cf5da3dda05ec5c83ab9b2711d"
2026-09-12T04:37:30.1574607Z     },
2026-09-12T04:37:30.1574819Z     {
2026-09-12T04:37:30.1575205Z       "file": "packages/ingestion/src/queue-retention-reconciler.mjs",
2026-09-12T04:37:30.1575854Z       "byte_sha256": "a69ed847a8a0a9a68ade90b2355b829fc36bf505e71c1dbc9c411ccaeb6f0491"
2026-09-12T04:37:30.1576484Z     },
2026-09-12T04:37:30.1576721Z     {
2026-09-12T04:37:30.1577082Z       "file": "packages/ingestion/src/redaction.mjs",
2026-09-12T04:37:30.1577698Z       "byte_sha256": "0d42af1a5c7d912c93284ae7e74dc9bf568ffa110fe7a0b2b9d05db76eee8ebc"
2026-09-12T04:37:30.1578405Z     },
2026-09-12T04:37:30.1578621Z     {
2026-09-12T04:37:30.1578944Z       "file": "packages/ingestion/src/retention-gc.mjs",
2026-09-12T04:37:30.1579481Z       "byte_sha256": "0d222d12884384b250d6ab87114af011aaa20a9d9c56323d213f290b69154eac"
2026-09-12T04:37:30.1579987Z     },
2026-09-12T04:37:30.1580197Z     {
2026-09-12T04:37:30.1580496Z       "file": "packages/ingestion/src/scheduler.mjs",
2026-09-12T04:37:30.1581079Z       "byte_sha256": "62155eefa91e4678477839c309b084afb9557f273bfe5281236fbc0b9c44dbeb"
2026-09-12T04:37:30.1581517Z     },
2026-09-12T04:37:30.1581727Z     {
2026-09-12T04:37:30.1582060Z       "file": "packages/ingestion/src/source-control.mjs",
2026-09-12T04:37:30.1582670Z       "byte_sha256": "ddc0ff01425714e18575b756c35353e0fe9f1cb8d2b5ced996a60e865cda0b31"
2026-09-12T04:37:30.1583144Z     },
2026-09-12T04:37:30.1583363Z     {
2026-09-12T04:37:30.1583707Z       "file": "packages/ingestion/src/workflow-reconciler.mjs",
2026-09-12T04:37:30.1584332Z       "byte_sha256": "aa599771791859487fc327a415047109def4280a025d4462357727920d5202c6"
2026-09-12T04:37:30.1584779Z     },
2026-09-12T04:37:30.1584961Z     {
2026-09-12T04:37:30.1585402Z       "file": "packages/ingestion/tests/adversarial-control-plane.test.mjs",
2026-09-12T04:37:30.1586129Z       "byte_sha256": "b4343585132ee96631b5eb2edca404f98f20b496dd374c190c3b886e25634ac6"
2026-09-12T04:37:30.1586760Z     },
2026-09-12T04:37:30.1586982Z     {
2026-09-12T04:37:30.1587299Z       "file": "packages/ingestion/tests/helpers.mjs",
2026-09-12T04:37:30.1587921Z       "byte_sha256": "85139bdc1e4e90fc808c8fcdb82530fe0ec075bb1d27d0648a2055c7ce8029fb"
2026-09-12T04:37:30.1588409Z     },
2026-09-12T04:37:30.1588621Z     {
2026-09-12T04:37:30.1588957Z       "file": "packages/ingestion/tests/outbox-queue-dlq.test.mjs",
2026-09-12T04:37:30.1589626Z       "byte_sha256": "62a201c389b514eae0d38e47e85489142fa68ea7450c2e45056ac001bf9120ae"
2026-09-12T04:37:30.1590275Z     },
2026-09-12T04:37:30.1590489Z     {
2026-09-12T04:37:30.1590925Z       "file": "packages/ingestion/tests/postgres-control-store.test.mjs",
2026-09-12T04:37:30.1591602Z       "byte_sha256": "85487b15d4d1fd5197281ebf9dc57a9592d0ed82a715128e9a880131bf949ba8"
2026-09-12T04:37:30.1592065Z     },
2026-09-12T04:37:30.1592281Z     {
2026-09-12T04:37:30.1592668Z       "file": "packages/ingestion/tests/retention-workers-policy.test.mjs",
2026-09-12T04:37:30.1593372Z       "byte_sha256": "c63469e9bd632301c1fc8513d5e7becb7715612993ad761321e5e0731445a87c"
2026-09-12T04:37:30.1593818Z     },
2026-09-12T04:37:30.1594029Z     {
2026-09-12T04:37:30.1594386Z       "file": "packages/ingestion/tests/scheduler-workflow.test.mjs",
2026-09-12T04:37:30.1595058Z       "byte_sha256": "e20761bd0495c48e5b1ab9cc181f2a2508ac4ca6585b97dd62b8d47e6b773c61"
2026-09-12T04:37:30.1595584Z     },
2026-09-12T04:37:30.1595762Z     {
2026-09-12T04:37:30.1596208Z       "file": "packages/ingestion/tests/source-origin-gc-redaction.test.mjs",
2026-09-12T04:37:30.1597044Z       "byte_sha256": "8cd6a6be2425a44460c6f177aae2730e34819ca29cff7e18a7bfec36bdd19109"
2026-09-12T04:37:30.1597529Z     },
2026-09-12T04:37:30.1597713Z     {
2026-09-12T04:37:30.1598023Z       "file": "services/harvest-worker/README.md",
2026-09-12T04:37:30.1598588Z       "byte_sha256": "586671ca0f0db9a75f854969ca29a8da0302eabfd12a08886f7187bedb2e4db4"
2026-09-12T04:37:30.1599100Z     },
2026-09-12T04:37:30.1599301Z     {
2026-09-12T04:37:30.1599601Z       "file": "services/harvest-worker/index.mjs",
2026-09-12T04:37:30.1600172Z       "byte_sha256": "38222bcd96419731f94ab7b48200c003c41fb0a49cced965cfaedf070e8435cf"
2026-09-12T04:37:30.1600650Z     },
2026-09-12T04:37:30.1600833Z     {
2026-09-12T04:37:30.1601141Z       "file": "services/harvest-worker/worker.mjs",
2026-09-12T04:37:30.1601731Z       "byte_sha256": "d1764dd656f4780263b93e9d827cdbeb5c02d9ab55caae3c7d4f1f808255209a"
2026-09-12T04:37:30.1602201Z     },
2026-09-12T04:37:30.1602398Z     {
2026-09-12T04:37:30.1602725Z       "file": "services/scheduler-worker/README.md",
2026-09-12T04:37:30.1603502Z       "byte_sha256": "a4a3e5f6d7d58bd138b7e9d32f127559d95d09c22b48e36f7e3ee64631d4949e"
2026-09-12T04:37:30.1604002Z     },
2026-09-12T04:37:30.1604203Z     {
2026-09-12T04:37:30.1604489Z       "file": "services/scheduler-worker/index.mjs",
2026-09-12T04:37:30.1605030Z       "byte_sha256": "ae445ee6be8366c13d701394968739c4c1ab4b267ee9eb6fd488b61da7a2586b"
2026-09-12T04:37:30.1605536Z     },
2026-09-12T04:37:30.1605751Z     {
2026-09-12T04:37:30.1606055Z       "file": "services/scheduler-worker/worker.mjs",
2026-09-12T04:37:30.1606801Z       "byte_sha256": "2aea3088068da001995da070ec987da6d606a5cb51d02702e512430611a780df"
2026-09-12T04:37:30.1607260Z     }
2026-09-12T04:37:30.1607458Z   ],
2026-09-12T04:37:30.1607973Z   "verifier_fingerprint": "f4e4589a649dbe2e002cab27ed97a9392d3774695035036ee1233f58f7d3b98f",
2026-09-12T04:37:30.1608496Z   "verifier_file_count": 10,
2026-09-12T04:37:30.1608790Z   "controls": {
2026-09-12T04:37:30.1609103Z     "transport_retry_and_non_recursive_dlq": {
2026-09-12T04:37:30.1609487Z       "status": "pass_local",
2026-09-12T04:37:30.1609861Z       "initial_delivery_attempts": 1,
2026-09-12T04:37:30.1610163Z       "transport_retries": 5,
2026-09-12T04:37:30.1610522Z       "maximum_delivery_attempts": 6,
2026-09-12T04:37:30.1610928Z       "recursive_dead_letter_queue_allowed": false
2026-09-12T04:37:30.1611241Z     },
2026-09-12T04:37:30.1611503Z     "workflow_identity_v1_1": {
2026-09-12T04:37:30.1611816Z       "status": "pass_local",
2026-09-12T04:37:30.1612194Z       "policy_version": "workflow-instance.v1.1",
2026-09-12T04:37:30.1612694Z       "sample_id": "harvest-run_4923a0d4fbcd0c8beacba79c618166f6-1",
2026-09-12T04:37:30.1613123Z       "deterministic": true,
2026-09-12T04:37:30.1613391Z       "length": 46,
2026-09-12T04:37:30.1613630Z       "maximum_length": 100,
2026-09-12T04:37:30.1613959Z       "runtime_and_sql_fenced": true
2026-09-12T04:37:30.1614246Z     },
2026-09-12T04:37:30.1614677Z     "per_capture_normalization": {
2026-09-12T04:37:30.1615014Z       "status": "pass_local",
2026-09-12T04:37:30.1615346Z       "first_run_required_captures": 2,
2026-09-12T04:37:30.1615702Z       "reused_run_required_captures": 1,
2026-09-12T04:37:30.1616112Z       "zero_capture_run_required_captures": 0,
2026-09-12T04:37:30.1616623Z       "unique_normalization_jobs": 2,
2026-09-12T04:37:30.1617027Z       "unique_normalization_outbox_events": 2,
2026-09-12T04:37:30.1617423Z       "explicit_run_capture_requirements": 3,
2026-09-12T04:37:30.1617856Z       "sealed_manifest_sql_fenced": true
2026-09-12T04:37:30.1618168Z     },
2026-09-12T04:37:30.1618408Z     "pause_zero_fetch": {
2026-09-12T04:37:30.1618703Z       "status": "pass_local",
2026-09-12T04:37:30.1619021Z       "paused_state": "paused",
2026-09-12T04:37:30.1619330Z       "scheduler_leased_sources": 0,
2026-09-12T04:37:30.1619678Z       "source_fetches_after_pause": 0,
2026-09-12T04:37:30.1620116Z       "fetch_authorization_failed_closed": true
2026-09-12T04:37:30.1620475Z     },
2026-09-12T04:37:30.1620742Z     "unknown_send_retention": {
2026-09-12T04:37:30.1621054Z       "status": "pass_local",
2026-09-12T04:37:30.1621356Z       "physical_sends": 1,
2026-09-12T04:37:30.1621634Z       "immediate_resends": 0,
2026-09-12T04:37:30.1621974Z       "durable_state": "published",
2026-09-12T04:37:30.1622483Z       "safe_detail_code": "OUTBOX_SEND_OUTCOME_UNKNOWN_AWAITING_QUEUE_RETENTION",
2026-09-12T04:37:30.1622965Z       "queue_retention_ms": 345600000,
2026-09-12T04:37:30.1623306Z       "sql_recovery_fenced": true
2026-09-12T04:37:30.1623606Z     },
2026-09-12T04:37:30.1623864Z     "dlq_final_page_and_reconstruction": {
2026-09-12T04:37:30.1624220Z       "status": "pass_local",
2026-09-12T04:37:30.1624485Z       "final_delivery_action": "retry",
2026-09-12T04:37:30.1624873Z       "final_configured_delivery": true,
2026-09-12T04:37:30.1625265Z       "queue_message_assumed_permanently_unavailable": true,
2026-09-12T04:37:30.1625812Z       "reconstruction_source": "postgresql_run_job_outbox_failure_evidence",
2026-09-12T04:37:30.1626667Z       "reconstructed_from_durable_postgresql_evidence": true,
2026-09-12T04:37:30.1627091Z       "reconstructed_dead_letter_committed": true,
2026-09-12T04:37:30.1627512Z       "transport_delivery_attempts": 6
2026-09-12T04:37:30.1627795Z     },
2026-09-12T04:37:30.1628038Z     "service_composition": {
2026-09-12T04:37:30.1628303Z       "status": "pass_static_markers",
2026-09-12T04:37:30.1628732Z       "dependency_injected_service_boundaries": "pass_local",
2026-09-12T04:37:30.1629109Z       "present_count": 2,
2026-09-12T04:37:30.1629365Z       "expected_count": 2,
2026-09-12T04:37:30.1629650Z       "entrypoints": [
2026-09-12T04:37:30.1629871Z         {
2026-09-12T04:37:30.1630115Z           "id": "scheduler",
2026-09-12T04:37:30.1630429Z           "file": "services/scheduler-worker/worker.mjs",
2026-09-12T04:37:30.1630811Z           "status": "pass_static_markers"
2026-09-12T04:37:30.1631126Z         },
2026-09-12T04:37:30.1631327Z         {
2026-09-12T04:37:30.1631550Z           "id": "harvest",
2026-09-12T04:37:30.1631857Z           "file": "services/harvest-worker/worker.mjs",
2026-09-12T04:37:30.1632279Z           "status": "pass_static_markers"
2026-09-12T04:37:30.1632553Z         }
2026-09-12T04:37:30.1632763Z       ]
2026-09-12T04:37:30.1632969Z     },
2026-09-12T04:37:30.1633199Z     "sql_query_parity": {
2026-09-12T04:37:30.1633495Z       "status": "pass_static",
2026-09-12T04:37:30.1633892Z       "workflow_start_owned_only_by_reconciler": true,
2026-09-12T04:37:30.1634305Z       "inclusive_job_lease_expiry": true,
2026-09-12T04:37:30.1634689Z       "cron_scheduled_slot_is_caller_supplied": true,
2026-09-12T04:37:30.1635118Z       "lease_clock_inputs_are_caller_supplied": true
2026-09-12T04:37:30.1635451Z     }
2026-09-12T04:37:30.1635683Z   },
2026-09-12T04:37:30.1635869Z   "zero_action": {
2026-09-12T04:37:30.1636148Z     "network_calls": 0,
2026-09-12T04:37:30.1636567Z     "authoritative_source_fetches": 0,
2026-09-12T04:37:30.1637077Z     "host_ports_bound": 0,
2026-09-12T04:37:30.1637430Z     "managed_database_connections": 0,
2026-09-12T04:37:30.1637811Z     "managed_resource_mutations": 0,
2026-09-12T04:37:30.1638105Z     "deployments": 0,
2026-09-12T04:37:30.1638425Z     "paid_infrastructure_actions": 0,
2026-09-12T04:37:30.1638767Z     "secrets_processed": 0
2026-09-12T04:37:30.1639019Z   },
2026-09-12T04:37:30.1639247Z   "managed_integration": {
2026-09-12T04:37:30.1639608Z     "status": "pending_external_authorization",
2026-09-12T04:37:30.1639973Z     "authorization_gates": [
2026-09-12T04:37:30.1640261Z       {
2026-09-12T04:37:30.1640484Z         "id": "AUTH-03",
2026-09-12T04:37:30.1640720Z         "authorized": false,
2026-09-12T04:37:30.1641018Z         "status": "not_requested"
2026-09-12T04:37:30.1641305Z       }
2026-09-12T04:37:30.1641479Z     ],
2026-09-12T04:37:30.1641758Z     "managed_postgresql_executed": false,
2026-09-12T04:37:30.1642141Z     "cloudflare_queues_executed": false,
2026-09-12T04:37:30.1642532Z     "cloudflare_workflows_executed": false,
2026-09-12T04:37:30.1642896Z     "hyperdrive_executed": false,
2026-09-12T04:37:30.1643190Z     "deployment_performed": false,
2026-09-12T04:37:30.1643502Z     "paid_infrastructure_used": false
2026-09-12T04:37:30.1643791Z   }
2026-09-12T04:37:30.1643982Z }
2026-09-12T04:37:30.2208435Z 
2026-09-12T04:37:30.2209138Z [verify] verification/wp5/v1.0.0 :: test
2026-09-12T04:37:30.6076203Z 
2026-09-12T04:37:30.6076837Z > @ushso/verification-wp5@1.0.0 test
2026-09-12T04:37:30.6077294Z > node --test tests/*.test.mjs
2026-09-12T04:37:30.6077487Z 
2026-09-12T04:37:30.6077575Z TAP version 13
2026-09-12T04:37:30.6078140Z # Subtest: pinned implementation fingerprint matches current connector bytes
2026-09-12T04:37:30.6078895Z ok 1 - pinned implementation fingerprint matches current connector bytes
2026-09-12T04:37:30.6079398Z   ---
2026-09-12T04:37:30.6079644Z   duration_ms: 12.333355
2026-09-12T04:37:30.6079919Z   type: 'test'
2026-09-12T04:37:30.6080167Z   ...
2026-09-12T04:37:30.6081063Z # Subtest: delivery-wave receipt exactly matches executable adapters, descriptors, fixtures, and registries
2026-09-12T04:37:30.6082044Z ok 2 - delivery-wave receipt exactly matches executable adapters, descriptors, fixtures, and registries
2026-09-12T04:37:30.6082647Z   ---
2026-09-12T04:37:30.6082882Z   duration_ms: 58.793004
2026-09-12T04:37:30.6083131Z   type: 'test'
2026-09-12T04:37:30.6083363Z   ...
2026-09-12T04:37:30.6083901Z # Subtest: legacy Dataverse/DataCite parity receipt matches the pinned canonical corpus
2026-09-12T04:37:30.6084681Z ok 3 - legacy Dataverse/DataCite parity receipt matches the pinned canonical corpus
2026-09-12T04:37:30.6085136Z   ---
2026-09-12T04:37:30.6085360Z   duration_ms: 11.576504
2026-09-12T04:37:30.6085619Z   type: 'test'
2026-09-12T04:37:30.6085864Z   ...
2026-09-12T04:37:30.6086234Z # Subtest: fixture matrix receipt exactly matches executable matrix
2026-09-12T04:37:30.6087019Z ok 4 - fixture matrix receipt exactly matches executable matrix
2026-09-12T04:37:30.6087441Z   ---
2026-09-12T04:37:30.6087679Z   duration_ms: 59.210463
2026-09-12T04:37:30.6087944Z   type: 'test'
2026-09-12T04:37:30.6088176Z   ...
2026-09-12T04:37:30.6088684Z # Subtest: request/capture receipt exactly matches executable reconciliation audit
2026-09-12T04:37:30.6089400Z ok 5 - request/capture receipt exactly matches executable reconciliation audit
2026-09-12T04:37:30.6089858Z   ---
2026-09-12T04:37:30.6090070Z   duration_ms: 4.628108
2026-09-12T04:37:30.6090338Z   type: 'test'
2026-09-12T04:37:30.6090565Z   ...
2026-09-12T04:37:30.6091005Z # Subtest: activation receipt claims only fixture and local integration passes
2026-09-12T04:37:30.6091760Z ok 6 - activation receipt claims only fixture and local integration passes
2026-09-12T04:37:30.6092167Z   ---
2026-09-12T04:37:30.6092324Z   duration_ms: 0.627596
2026-09-12T04:37:30.6092510Z   type: 'test'
2026-09-12T04:37:30.6092662Z   ...
2026-09-12T04:37:30.6093190Z # Subtest: evidence ledger is complete, path-resolved, and honest about external work
2026-09-12T04:37:30.6093872Z ok 7 - evidence ledger is complete, path-resolved, and honest about external work
2026-09-12T04:37:30.6094185Z   ---
2026-09-12T04:37:30.6094339Z   duration_ms: 6.003522
2026-09-12T04:37:30.6094515Z   type: 'test'
2026-09-12T04:37:30.6094666Z   ...
2026-09-12T04:37:30.6094949Z # Subtest: zero-payload and R2 receipts do not overclaim live execution
2026-09-12T04:37:30.6095389Z ok 8 - zero-payload and R2 receipts do not overclaim live execution
2026-09-12T04:37:30.6095741Z   ---
2026-09-12T04:37:30.6095890Z   duration_ms: 0.654848
2026-09-12T04:37:30.6096065Z   type: 'test'
2026-09-12T04:37:30.6096955Z   ...
2026-09-12T04:37:30.6097357Z 1..8
2026-09-12T04:37:30.6097606Z # tests 8
2026-09-12T04:37:30.6097931Z # suites 0
2026-09-12T04:37:30.6098179Z # pass 8
2026-09-12T04:37:30.6098488Z # fail 0
2026-09-12T04:37:30.6098750Z # cancelled 0
2026-09-12T04:37:30.6099030Z # skipped 0
2026-09-12T04:37:30.6099392Z # todo 0
2026-09-12T04:37:30.6107011Z # duration_ms 217.969347
2026-09-12T04:37:30.6722942Z 
2026-09-12T04:37:30.6723620Z [verify] verification/wp5/v1.0.0 :: validate
2026-09-12T04:37:30.9824264Z 
2026-09-12T04:37:30.9829248Z > @ushso/verification-wp5@1.0.0 validate
2026-09-12T04:37:30.9829823Z > node tools/validate-wp5.mjs
2026-09-12T04:37:30.9830048Z 
2026-09-12T04:37:30.9830172Z {
2026-09-12T04:37:30.9830400Z   "status": "PASS",
2026-09-12T04:37:30.9830674Z   "work_package": "WP5",
2026-09-12T04:37:30.9831016Z   "evidence_scope": "fixture_only",
2026-09-12T04:37:30.9831399Z   "integration_level": "local_integration",
2026-09-12T04:37:30.9832087Z   "implementation_fingerprint": "df5fb94f4f3f3468ca2631a63768a4bf7711696657c88c4b7df57830e7031b99",
2026-09-12T04:37:30.9832680Z   "controls": 24,
2026-09-12T04:37:30.9832938Z   "fixture_scenarios": 18,
2026-09-12T04:37:30.9833261Z   "delivery_wave_scenarios": 10,
2026-09-12T04:37:30.9833654Z   "recorded_delivery_wave_fixtures": 18,
2026-09-12T04:37:30.9833996Z   "assertions": 145,
2026-09-12T04:37:30.9834290Z   "legacy_lane_records_reconciled": 102,
2026-09-12T04:37:30.9835012Z   "reconciled_discoveries": 2,
2026-09-12T04:37:30.9835342Z   "prohibited_captures": 0,
2026-09-12T04:37:30.9835649Z   "external_actions": 0,
2026-09-12T04:37:30.9836048Z   "live_shadow": "PENDING_EXTERNAL_AUTHORIZATION",
2026-09-12T04:37:30.9836859Z   "canary": "PENDING_EXTERNAL_AUTHORIZATION",
2026-09-12T04:37:30.9837295Z   "active": "PENDING_EXTERNAL_AUTHORIZATION"
2026-09-12T04:37:30.9837631Z }
2026-09-12T04:37:31.0480698Z 
2026-09-12T04:37:31.0481180Z [verify] verification/wp6/v1.0.0 :: test
2026-09-12T04:37:31.4431801Z 
2026-09-12T04:37:31.4432359Z > @ushso/verification-wp6@1.0.0 test
2026-09-12T04:37:31.4432826Z > node --test --test-concurrency=1 tests/*.test.mjs
2026-09-12T04:37:31.4433114Z 
2026-09-12T04:37:31.4433220Z TAP version 13
2026-09-12T04:37:31.4433649Z # Subtest: WP6 isolated PostgreSQL canonical import and parity suite
2026-09-12T04:37:31.4434663Z ok 1 - WP6 isolated PostgreSQL canonical import and parity suite # SKIP postgres:16-alpine is unavailable locally; network pulls are forbidden: Error response from daemon: No such image: postgres:16-alpine
2026-09-12T04:37:31.4435326Z   ---
2026-09-12T04:37:31.4435574Z   duration_ms: 133.075236
2026-09-12T04:37:31.4435856Z   type: 'test'
2026-09-12T04:37:31.4436092Z   ...
2026-09-12T04:37:31.4436944Z # WP6 database evidence unavailable: postgres:16-alpine is unavailable locally; network pulls are forbidden: Error response from daemon: No such image: postgres:16-alpine
2026-09-12T04:37:31.4438072Z # Subtest: WP6 database preflight unavailability is classified separately from a passing receipt
2026-09-12T04:37:31.4438956Z ok 2 - WP6 database preflight unavailability is classified separately from a passing receipt
2026-09-12T04:37:31.4439448Z   ---
2026-09-12T04:37:31.4439607Z   duration_ms: 2.529845
2026-09-12T04:37:31.4439788Z   type: 'test'
2026-09-12T04:37:31.4439945Z   ...
2026-09-12T04:37:31.4440088Z 1..2
2026-09-12T04:37:31.4440237Z # tests 2
2026-09-12T04:37:31.4440636Z # suites 0
2026-09-12T04:37:31.4440798Z # pass 1
2026-09-12T04:37:31.4441020Z # fail 0
2026-09-12T04:37:31.4441231Z # cancelled 0
2026-09-12T04:37:31.4441453Z # skipped 1
2026-09-12T04:37:31.4441675Z # todo 0
2026-09-12T04:37:31.4441911Z # duration_ms 225.225663
2026-09-12T04:37:31.5016599Z 
2026-09-12T04:37:31.5017200Z [verify] verification/wp6/v1.0.0 :: validate
2026-09-12T04:37:33.5187881Z 
2026-09-12T04:37:33.5188422Z > @ushso/verification-wp6@1.0.0 validate
2026-09-12T04:37:33.5188801Z > node tools/validate-static.mjs
2026-09-12T04:37:33.5188949Z 
2026-09-12T04:37:33.5189026Z {
2026-09-12T04:37:33.5189197Z   "status": "pass",
2026-09-12T04:37:33.5189440Z   "offline": true,
2026-09-12T04:37:33.5189697Z   "migration_count": 7,
2026-09-12T04:37:33.5189965Z   "normalization_receipt": {
2026-09-12T04:37:33.5190166Z     "records": 157,
2026-09-12T04:37:33.5190334Z     "routes": 14,
2026-09-12T04:37:33.5190507Z     "automatic_merges": 0
2026-09-12T04:37:33.5190697Z   },
2026-09-12T04:37:33.5190941Z   "foundation_migration_0001_hash_preserved": true,
2026-09-12T04:37:33.5191239Z   "evidence_ledger_requirements": 11,
2026-09-12T04:37:33.5191470Z   "external_requests": 0,
2026-09-12T04:37:33.5191660Z   "payloads_acquired": 0,
2026-09-12T04:37:33.5191879Z   "analyses_executed": 0,
2026-09-12T04:37:33.5192220Z   "package_root": "verification/wp6/v1.0.0"
2026-09-12T04:37:33.5192442Z }
2026-09-12T04:37:33.5804084Z 
2026-09-12T04:37:33.5804622Z [verify] verification/wp7/v1.0.0 :: test
2026-09-12T04:37:34.0848562Z 
2026-09-12T04:37:34.0849119Z > @ushso/verification-wp7-v1@1.0.0 test
2026-09-12T04:37:34.0849464Z > node --test tests/*.test.mjs
2026-09-12T04:37:34.0849607Z 
2026-09-12T04:37:34.0849688Z TAP version 13
2026-09-12T04:37:34.0850076Z # Subtest: package outputs conform to frozen identity candidate and reversal contracts
2026-09-12T04:37:34.0850586Z ok 1 - package outputs conform to frozen identity candidate and reversal contracts
2026-09-12T04:37:34.0850898Z   ---
2026-09-12T04:37:34.0851079Z   duration_ms: 134.239555
2026-09-12T04:37:34.0851533Z   type: 'test'
2026-09-12T04:37:34.0851701Z   ...
2026-09-12T04:37:34.0852029Z # Subtest: production-shaped schema and join fixtures conform to frozen contracts
2026-09-12T04:37:34.0852499Z ok 2 - production-shaped schema and join fixtures conform to frozen contracts
2026-09-12T04:37:34.0852810Z   ---
2026-09-12T04:37:34.0852975Z   duration_ms: 60.641681
2026-09-12T04:37:34.0853158Z   type: 'test'
2026-09-12T04:37:34.0853314Z   ...
2026-09-12T04:37:34.0853642Z # Subtest: researcher-guidance outputs conform to their immutable package schemas
2026-09-12T04:37:34.0854109Z ok 3 - researcher-guidance outputs conform to their immutable package schemas
2026-09-12T04:37:34.0854398Z   ---
2026-09-12T04:37:34.0854555Z   duration_ms: 30.818205
2026-09-12T04:37:34.0854729Z   type: 'test'
2026-09-12T04:37:34.0854879Z   ...
2026-09-12T04:37:34.0855271Z # Subtest: open identity candidates remain separate in public projection inputs and enter review queues
2026-09-12T04:37:34.0855860Z ok 4 - open identity candidates remain separate in public projection inputs and enter review queues
2026-09-12T04:37:34.0856216Z   ---
2026-09-12T04:37:34.0856518Z   duration_ms: 1.105907
2026-09-12T04:37:34.0856746Z   type: 'test'
2026-09-12T04:37:34.0856901Z   ...
2026-09-12T04:37:34.0857272Z # Subtest: sealed evaluation exposes synthetic metrics while human agreement and rules stay pending
2026-09-12T04:37:34.0857829Z ok 5 - sealed evaluation exposes synthetic metrics while human agreement and rules stay pending
2026-09-12T04:37:34.0858159Z   ---
2026-09-12T04:37:34.0858314Z   duration_ms: 24.465057
2026-09-12T04:37:34.0858488Z   type: 'test'
2026-09-12T04:37:34.0858636Z   ...
2026-09-12T04:37:34.0858996Z # Subtest: every implemented WP7 requirement maps to existing implementation, tests, and receipt
2026-09-12T04:37:34.0859532Z ok 6 - every implemented WP7 requirement maps to existing implementation, tests, and receipt
2026-09-12T04:37:34.0859881Z   ---
2026-09-12T04:37:34.0860035Z   duration_ms: 4.327625
2026-09-12T04:37:34.0860354Z   type: 'test'
2026-09-12T04:37:34.0860511Z   ...
2026-09-12T04:37:34.0860809Z # Subtest: receipts do not fabricate human review or enable an identity rule
2026-09-12T04:37:34.0861231Z ok 7 - receipts do not fabricate human review or enable an identity rule
2026-09-12T04:37:34.0861512Z   ---
2026-09-12T04:37:34.0861660Z   duration_ms: 2.519739
2026-09-12T04:37:34.0861832Z   type: 'test'
2026-09-12T04:37:34.0861982Z   ...
2026-09-12T04:37:34.0862118Z 1..7
2026-09-12T04:37:34.0862260Z # tests 7
2026-09-12T04:37:34.0862405Z # suites 0
2026-09-12T04:37:34.0862559Z # pass 7
2026-09-12T04:37:34.0862699Z # fail 0
2026-09-12T04:37:34.0862844Z # cancelled 0
2026-09-12T04:37:34.0862998Z # skipped 0
2026-09-12T04:37:34.0863144Z # todo 0
2026-09-12T04:37:34.0863304Z # duration_ms 339.877916
2026-09-12T04:37:34.1469400Z 
2026-09-12T04:37:34.1469813Z [verify] verification/wp7/v1.0.0 :: validate
2026-09-12T04:37:34.4823517Z 
2026-09-12T04:37:34.4823996Z > @ushso/verification-wp7-v1@1.0.0 validate
2026-09-12T04:37:34.4824362Z > node tools/validate.mjs
2026-09-12T04:37:34.4824507Z 
2026-09-12T04:37:34.4824582Z {
2026-09-12T04:37:34.4824804Z   "package_name": "@ushso/verification-wp7-v1",
2026-09-12T04:37:34.4825207Z   "package_version": "1.0.0",
2026-09-12T04:37:34.4825515Z   "valid": true,
2026-09-12T04:37:34.4825716Z   "manifest_verified": true,
2026-09-12T04:37:34.4826129Z   "package_payload_digest_sha256": "0af170c05ab6ffa7e7effb1e7cf4093357d5ed7dc444ea6cbe6b7e3b2074ae66",
2026-09-12T04:37:34.4826716Z   "dependency_seals": {
2026-09-12T04:37:34.4827233Z     "identity": "fbf5cfe81e24c2146630b3a3baff8396a20160f11e5a201ca2f1fcaaefe04f12",
2026-09-12T04:37:34.4827933Z     "evaluation": "589ad20394ed42ceff19e8e246d36b5500e91fa66ebf92abd510654b1de4c3d7"
2026-09-12T04:37:34.4828404Z   },
2026-09-12T04:37:34.4828558Z   "aggregate_tests": {
2026-09-12T04:37:34.4828743Z     "isolation": "none",
2026-09-12T04:37:34.4828928Z     "concurrency": 1,
2026-09-12T04:37:34.4829099Z     "test_files": 8,
2026-09-12T04:37:34.4829277Z     "passed_events": 74,
2026-09-12T04:37:34.4829713Z     "failed_events": 0,
2026-09-12T04:37:34.4830046Z     "event_sha256": "65eb7f35bd3dd65d5232e2aba36a8db84ad80c0a365cedac41eb8e870b9a1d6f"
2026-09-12T04:37:34.4830547Z   },
2026-09-12T04:37:34.4830700Z   "external_gates": [
2026-09-12T04:37:34.4830866Z     {
2026-09-12T04:37:34.4831082Z       "gate_id": "identity-human-double-review",
2026-09-12T04:37:34.4831366Z       "authorization_reference": "AUTH-14",
2026-09-12T04:37:34.4831624Z       "authorization_status": "not_requested",
2026-09-12T04:37:34.4831874Z       "authorized": false,
2026-09-12T04:37:34.4832203Z       "status": "pending_external_authorization",
2026-09-12T04:37:34.4832432Z       "blocking": true,
2026-09-12T04:37:34.4832970Z       "reason": "AUTH-14 records the required future authorization and coordination boundary; it is not permission. No externally verified review is recorded."
2026-09-12T04:37:34.4833463Z     },
2026-09-12T04:37:34.4833612Z     {
2026-09-12T04:37:34.4833808Z       "gate_id": "identity-rule-enablement",
2026-09-12T04:37:34.4834184Z       "authorization_reference": null,
2026-09-12T04:37:34.4834461Z       "status": "not_required_for_candidate_only_release",
2026-09-12T04:37:34.4834712Z       "blocking": false,
2026-09-12T04:37:34.4835209Z       "reason": "Every rule remains disabled_candidate_only; future automatic enablement is optional and is not a candidate-only release blocker."
2026-09-12T04:37:34.4835726Z     },
2026-09-12T04:37:34.4835924Z     {
2026-09-12T04:37:34.4836113Z       "gate_id": "wp7-migrations-0008-0009",
2026-09-12T04:37:34.4836470Z       "authorization_reference": null,
2026-09-12T04:37:34.4836811Z       "status": "pending_wp6_dependency_clearance",
2026-09-12T04:37:34.4837048Z       "blocking": true,
2026-09-12T04:37:34.4837393Z       "reason": "WP6 owns migrations 0004-0007; db/** was not modified by this work."
2026-09-12T04:37:34.4837818Z     }
2026-09-12T04:37:34.4837963Z   ]
2026-09-12T04:37:34.4838111Z }
2026-09-12T04:37:34.5412383Z 
2026-09-12T04:37:34.5413348Z [verify] verification/wp8/v1.2.0 :: test
2026-09-12T04:37:36.0692140Z 
2026-09-12T04:37:36.0692766Z > @ushso/verification-wp8-metric-successor@1.2.0 test
2026-09-12T04:37:36.0693294Z > node --test tests/*.test.mjs
2026-09-12T04:37:36.0693504Z 
2026-09-12T04:37:36.0693613Z TAP version 13
2026-09-12T04:37:36.0694145Z # Subtest: the successor is exact, versioned, and preserves historical evidence
2026-09-12T04:37:36.0694873Z ok 1 - the successor is exact, versioned, and preserves historical evidence
2026-09-12T04:37:36.0695319Z   ---
2026-09-12T04:37:36.0695558Z   duration_ms: 1313.050562
2026-09-12T04:37:36.0695834Z   type: 'test'
2026-09-12T04:37:36.0696045Z   ...
2026-09-12T04:37:36.0696528Z # Subtest: normalized DCG clears the approved development and validation threshold
2026-09-12T04:37:36.0697119Z ok 2 - normalized DCG clears the approved development and validation threshold
2026-09-12T04:37:36.0697599Z   ---
2026-09-12T04:37:36.0697755Z   duration_ms: 0.264589
2026-09-12T04:37:36.0697963Z   type: 'test'
2026-09-12T04:37:36.0698132Z   ...
2026-09-12T04:37:36.0698485Z # Subtest: the historical fixed-slot target remains reported as infeasible
2026-09-12T04:37:36.0699001Z ok 3 - the historical fixed-slot target remains reported as infeasible
2026-09-12T04:37:36.0699294Z   ---
2026-09-12T04:37:36.0699514Z   duration_ms: 0.107632
2026-09-12T04:37:36.0699767Z   type: 'test'
2026-09-12T04:37:36.0699934Z   ...
2026-09-12T04:37:36.0700261Z # Subtest: safety, holdout, release, and production gates remain closed
2026-09-12T04:37:36.0700779Z ok 4 - safety, holdout, release, and production gates remain closed
2026-09-12T04:37:36.0701070Z   ---
2026-09-12T04:37:36.0701293Z   duration_ms: 0.158369
2026-09-12T04:37:36.0701471Z   type: 'test'
2026-09-12T04:37:36.0701625Z   ...
2026-09-12T04:37:36.0701760Z 1..4
2026-09-12T04:37:36.0701900Z # tests 4
2026-09-12T04:37:36.0702045Z # suites 0
2026-09-12T04:37:36.0702191Z # pass 4
2026-09-12T04:37:36.0702380Z # fail 0
2026-09-12T04:37:36.0702595Z # cancelled 0
2026-09-12T04:37:36.0703003Z # skipped 0
2026-09-12T04:37:36.0703150Z # todo 0
2026-09-12T04:37:36.0703394Z # duration_ms 1364.515462
2026-09-12T04:37:36.1327048Z 
2026-09-12T04:37:36.1327601Z [verify] verification/wp8/v1.2.0 :: validate
2026-09-12T04:37:37.6155449Z 
2026-09-12T04:37:37.6156096Z > @ushso/verification-wp8-metric-successor@1.2.0 validate
2026-09-12T04:37:37.6156692Z > node tools/validate.mjs
2026-09-12T04:37:37.6156828Z 
2026-09-12T04:37:37.6157331Z {"status":"PASS","metric":"present_source_normalized_dcg_at_5","score":0.929427,"historical_ceiling":0.23,"release_ready":false,"external_requests":0}
2026-09-12T04:37:37.6793432Z 
2026-09-12T04:37:37.6793830Z [verify] verification/wp9/v1.0.0 :: test
2026-09-12T04:37:38.1401686Z 
2026-09-12T04:37:38.1402571Z > @ushso/verification-wp9-v1@1.0.0 test
2026-09-12T04:37:38.1403121Z > node --test --test-concurrency=1 tests/*.test.mjs
2026-09-12T04:37:38.1403401Z 
2026-09-12T04:37:38.1403512Z TAP version 13
2026-09-12T04:37:38.1404072Z # Subtest: WP9 implementation package remains valid against frozen contracts
2026-09-12T04:37:38.1404808Z ok 1 - WP9 implementation package remains valid against frozen contracts
2026-09-12T04:37:38.1405259Z   ---
2026-09-12T04:37:38.1405485Z   duration_ms: 196.728118
2026-09-12T04:37:38.1405670Z   type: 'test'
2026-09-12T04:37:38.1405823Z   ...
2026-09-12T04:37:38.1406177Z # Subtest: verification receipt is self-consistent and accurately blocked on wording review
2026-09-12T04:37:38.1406920Z ok 2 - verification receipt is self-consistent and accurately blocked on wording review
2026-09-12T04:37:38.1407248Z   ---
2026-09-12T04:37:38.1407414Z   duration_ms: 1.469476
2026-09-12T04:37:38.1407595Z   type: 'test'
2026-09-12T04:37:38.1407746Z   ...
2026-09-12T04:37:38.1408046Z # Subtest: implementation file manifest hashes every scoped deliverable
2026-09-12T04:37:38.1408469Z ok 3 - implementation file manifest hashes every scoped deliverable
2026-09-12T04:37:38.1408738Z   ---
2026-09-12T04:37:38.1408898Z   duration_ms: 8.45658
2026-09-12T04:37:38.1409309Z   type: 'test'
2026-09-12T04:37:38.1409476Z   ...
2026-09-12T04:37:38.1409799Z # Subtest: requirement ledger has no silent omissions and names every external gap
2026-09-12T04:37:38.1410266Z ok 4 - requirement ledger has no silent omissions and names every external gap
2026-09-12T04:37:38.1410570Z   ---
2026-09-12T04:37:38.1410718Z   duration_ms: 0.69615
2026-09-12T04:37:38.1410885Z   type: 'test'
2026-09-12T04:37:38.1411039Z   ...
2026-09-12T04:37:38.1411376Z # Subtest: product-owner packet pins exact copy artifacts and no approval receipt exists
2026-09-12T04:37:38.1411871Z ok 5 - product-owner packet pins exact copy artifacts and no approval receipt exists
2026-09-12T04:37:38.1412172Z   ---
2026-09-12T04:37:38.1412320Z   duration_ms: 4.96092
2026-09-12T04:37:38.1412486Z   type: 'test'
2026-09-12T04:37:38.1412639Z   ...
2026-09-12T04:37:38.1412921Z # Subtest: WP1 adapters are preserved and reviewed SQL remains outside db
2026-09-12T04:37:38.1413332Z ok 6 - WP1 adapters are preserved and reviewed SQL remains outside db
2026-09-12T04:37:38.1413603Z   ---
2026-09-12T04:37:38.1413751Z   duration_ms: 1.051135
2026-09-12T04:37:38.1413921Z   type: 'test'
2026-09-12T04:37:38.1414072Z   ...
2026-09-12T04:37:38.1414209Z 1..6
2026-09-12T04:37:38.1414348Z # tests 6
2026-09-12T04:37:38.1414495Z # suites 0
2026-09-12T04:37:38.1414641Z # pass 6
2026-09-12T04:37:38.1414785Z # fail 0
2026-09-12T04:37:38.1414932Z # cancelled 0
2026-09-12T04:37:38.1415091Z # skipped 0
2026-09-12T04:37:38.1415237Z # todo 0
2026-09-12T04:37:38.1415398Z # duration_ms 289.930457
2026-09-12T04:37:38.2071102Z 
2026-09-12T04:37:38.2071878Z [verify] verification/wp9/v1.0.0 :: validate
2026-09-12T04:37:38.6602279Z 
2026-09-12T04:37:38.6602823Z > @ushso/verification-wp9-v1@1.0.0 validate
2026-09-12T04:37:38.6603378Z > node --test --test-concurrency=1 tests/*.test.mjs
2026-09-12T04:37:38.6603700Z 
2026-09-12T04:37:38.6603970Z TAP version 13
2026-09-12T04:37:38.6604528Z # Subtest: WP9 implementation package remains valid against frozen contracts
2026-09-12T04:37:38.6605563Z ok 1 - WP9 implementation package remains valid against frozen contracts
2026-09-12T04:37:38.6605880Z   ---
2026-09-12T04:37:38.6606052Z   duration_ms: 196.477715
2026-09-12T04:37:38.6606236Z   type: 'test'
2026-09-12T04:37:38.6606560Z   ...
2026-09-12T04:37:38.6606940Z # Subtest: verification receipt is self-consistent and accurately blocked on wording review
2026-09-12T04:37:38.6607675Z ok 2 - verification receipt is self-consistent and accurately blocked on wording review
2026-09-12T04:37:38.6608001Z   ---
2026-09-12T04:37:38.6608166Z   duration_ms: 1.327802
2026-09-12T04:37:38.6608356Z   type: 'test'
2026-09-12T04:37:38.6608515Z   ...
2026-09-12T04:37:38.6608816Z # Subtest: implementation file manifest hashes every scoped deliverable
2026-09-12T04:37:38.6609285Z ok 3 - implementation file manifest hashes every scoped deliverable
2026-09-12T04:37:38.6609670Z   ---
2026-09-12T04:37:38.6609840Z   duration_ms: 7.987433
2026-09-12T04:37:38.6610022Z   type: 'test'
2026-09-12T04:37:38.6610184Z   ...
2026-09-12T04:37:38.6610518Z # Subtest: requirement ledger has no silent omissions and names every external gap
2026-09-12T04:37:38.6611136Z ok 4 - requirement ledger has no silent omissions and names every external gap
2026-09-12T04:37:38.6611436Z   ---
2026-09-12T04:37:38.6611596Z   duration_ms: 0.628407
2026-09-12T04:37:38.6611772Z   type: 'test'
2026-09-12T04:37:38.6611925Z   ...
2026-09-12T04:37:38.6612271Z # Subtest: product-owner packet pins exact copy artifacts and no approval receipt exists
2026-09-12T04:37:38.6612773Z ok 5 - product-owner packet pins exact copy artifacts and no approval receipt exists
2026-09-12T04:37:38.6613184Z   ---
2026-09-12T04:37:38.6613371Z   duration_ms: 5.971984
2026-09-12T04:37:38.6613547Z   type: 'test'
2026-09-12T04:37:38.6613700Z   ...
2026-09-12T04:37:38.6613989Z # Subtest: WP1 adapters are preserved and reviewed SQL remains outside db
2026-09-12T04:37:38.6614406Z ok 6 - WP1 adapters are preserved and reviewed SQL remains outside db
2026-09-12T04:37:38.6614964Z   ---
2026-09-12T04:37:38.6615130Z   duration_ms: 0.724903
2026-09-12T04:37:38.6615310Z   type: 'test'
2026-09-12T04:37:38.6615461Z   ...
2026-09-12T04:37:38.6615602Z 1..6
2026-09-12T04:37:38.6615748Z # tests 6
2026-09-12T04:37:38.6615896Z # suites 0
2026-09-12T04:37:38.6616043Z # pass 6
2026-09-12T04:37:38.6616197Z # fail 0
2026-09-12T04:37:38.6616617Z # cancelled 0
2026-09-12T04:37:38.6616833Z # skipped 0
2026-09-12T04:37:38.6617073Z # todo 0
2026-09-12T04:37:38.6617345Z # duration_ms 290.235157
2026-09-12T04:37:38.7282317Z 
2026-09-12T04:37:38.7282811Z [verify] verification/wp10a/v1.0.0 :: test
2026-09-12T04:37:39.2150633Z 
2026-09-12T04:37:39.2151173Z > @ushso/wp10a-verification-v1@1.0.0 test
2026-09-12T04:37:39.2151719Z > node tests/wp10a-verification.test.mjs
2026-09-12T04:37:39.2151969Z 
2026-09-12T04:37:39.2152071Z TAP version 13
2026-09-12T04:37:39.2152509Z # Subtest: WP10A technical receipt and all component seals validate
2026-09-12T04:37:39.2153129Z ok 1 - WP10A technical receipt and all component seals validate
2026-09-12T04:37:39.2153553Z   ---
2026-09-12T04:37:39.2153772Z   duration_ms: 106.463058
2026-09-12T04:37:39.2154018Z   type: 'test'
2026-09-12T04:37:39.2154233Z   ...
2026-09-12T04:37:39.2154779Z # Subtest: receipt separately seals every required planner gold component for every split
2026-09-12T04:37:39.2155455Z ok 2 - receipt separately seals every required planner gold component for every split
2026-09-12T04:37:39.2155949Z   ---
2026-09-12T04:37:39.2156126Z   duration_ms: 119.01642
2026-09-12T04:37:39.2156908Z   type: 'test'
2026-09-12T04:37:39.2157150Z   ...
2026-09-12T04:37:39.2157581Z # Subtest: technical completion cannot be mistaken for missing owner authorization
2026-09-12T04:37:39.2158283Z ok 3 - technical completion cannot be mistaken for missing owner authorization
2026-09-12T04:37:39.2158729Z   ---
2026-09-12T04:37:39.2158928Z   duration_ms: 81.669996
2026-09-12T04:37:39.2159180Z   type: 'test'
2026-09-12T04:37:39.2159421Z   ...
2026-09-12T04:37:39.2159645Z 1..3
2026-09-12T04:37:39.2160139Z # tests 3
2026-09-12T04:37:39.2160357Z # suites 0
2026-09-12T04:37:39.2160579Z # pass 3
2026-09-12T04:37:39.2160806Z # fail 0
2026-09-12T04:37:39.2160950Z # cancelled 0
2026-09-12T04:37:39.2161194Z # skipped 0
2026-09-12T04:37:39.2161370Z # todo 0
2026-09-12T04:37:39.2161615Z # duration_ms 311.065087
2026-09-12T04:37:39.2726245Z 
2026-09-12T04:37:39.2726947Z [verify] verification/wp10a/v1.0.0 :: validate
2026-09-12T04:37:39.5505115Z 
2026-09-12T04:37:39.5505626Z > @ushso/wp10a-verification-v1@1.0.0 validate
2026-09-12T04:37:39.5505987Z > node tools/validate-receipt.mjs
2026-09-12T04:37:39.5506131Z 
2026-09-12T04:37:39.5508301Z {"status":"PASS","receipt_digest":"sha256:1696b5249ac22dac14b09d9306e6d8c5612853822f6f87dc7a706fef11615fa9","benchmark_manifest_digest":"sha256:0a83f4cc125859e7bdd003c6e7af45cfe136c10c8a3b64662058c25ed35ba7d1","package_manifest_digest":"sha256:a222818485990e0a6498d42b664bc59a229984df89e85733cd197e76110b4fca","technical_status":"PASS","governance_status":"PENDING_REQUIRED_OWNER_RATIFICATION","held_out_scoring_performed":false,"wp10b_authorized":false,"check_count":26}
2026-09-12T04:37:39.6088189Z 
2026-09-12T04:37:39.6088728Z [verify] verification/wp11/v1.3.0 :: test
2026-09-12T04:37:39.9745179Z 
2026-09-12T04:37:39.9745770Z > @ushso/wp11-verification-v1.3.0@1.3.0 test
2026-09-12T04:37:39.9746230Z > node --test tests/*.test.mjs
2026-09-12T04:37:39.9746578Z 
2026-09-12T04:37:39.9746666Z TAP version 13
2026-09-12T04:37:39.9747225Z # Subtest: candidate technical evidence passes while approval and release remain unclaimed
2026-09-12T04:37:39.9747992Z ok 1 - candidate technical evidence passes while approval and release remain unclaimed
2026-09-12T04:37:39.9748512Z   ---
2026-09-12T04:37:39.9748768Z   duration_ms: 44.876753
2026-09-12T04:37:39.9749074Z   type: 'test'
2026-09-12T04:37:39.9749307Z   ...
2026-09-12T04:37:39.9749726Z # Subtest: stale file hash or missing dependency cannot validate
2026-09-12T04:37:39.9750624Z ok 2 - stale file hash or missing dependency cannot validate
2026-09-12T04:37:39.9751059Z   ---
2026-09-12T04:37:39.9751310Z   duration_ms: 73.610605
2026-09-12T04:37:39.9751591Z   type: 'test'
2026-09-12T04:37:39.9751827Z   ...
2026-09-12T04:37:39.9752177Z # Subtest: technical evidence cannot smuggle approval
2026-09-12T04:37:39.9752693Z ok 3 - technical evidence cannot smuggle approval
2026-09-12T04:37:39.9753055Z   ---
2026-09-12T04:37:39.9753294Z   duration_ms: 0.198279
2026-09-12T04:37:39.9753548Z   type: 'test'
2026-09-12T04:37:39.9753759Z   ...
2026-09-12T04:37:39.9754165Z # Subtest: behavioral probes fail a permissive URL implementation
2026-09-12T04:37:39.9754781Z ok 4 - behavioral probes fail a permissive URL implementation
2026-09-12T04:37:39.9755189Z   ---
2026-09-12T04:37:39.9755414Z   duration_ms: 4.657523
2026-09-12T04:37:39.9755679Z   type: 'test'
2026-09-12T04:37:39.9755891Z   ...
2026-09-12T04:37:39.9756103Z 1..4
2026-09-12T04:37:39.9756318Z # tests 4
2026-09-12T04:37:39.9756735Z # suites 0
2026-09-12T04:37:39.9757167Z # pass 4
2026-09-12T04:37:39.9757406Z # fail 0
2026-09-12T04:37:39.9757631Z # cancelled 0
2026-09-12T04:37:39.9757861Z # skipped 0
2026-09-12T04:37:39.9758098Z # todo 0
2026-09-12T04:37:39.9758365Z # duration_ms 204.841551
2026-09-12T04:37:40.0329025Z 
2026-09-12T04:37:40.0329732Z [verify] verification/wp11/v1.3.0 :: validate
2026-09-12T04:37:40.2865566Z {
2026-09-12T04:37:40.2866119Z   "schema_version": "ushso.wp11-v13-attestation.v1.0.0",
2026-09-12T04:37:40.2866684Z   "status": "PASS",
2026-09-12T04:37:40.2867065Z   "package_id": "@ushso/wp11-verification-v1.3.0@1.3.0",
2026-09-12T04:37:40.2867685Z   "wrapper_package_id": "@ushso/wp11-current-attestation-adapter-v1.3.0@1.3.0",
2026-09-12T04:37:40.2868209Z   "historical": {
2026-09-12T04:37:40.2868590Z     "package_id": "@ushso/wp11-verification-v1.3.0@1.3.0",
2026-09-12T04:37:40.2869266Z     "subject_sha256": "294d8b40bb5a2dbe1f55cdfde4a60205de75ee1ffe48e0108eae69aea2db0f98",
2026-09-12T04:37:40.2869925Z     "approval_status": "approved_original_subject_only",
2026-09-12T04:37:40.2870719Z     "receipt_status": "approved_scoped_attestation",
2026-09-12T04:37:40.2871087Z     "reviewer": {
2026-09-12T04:37:40.2871367Z       "id": "github:176340565",
2026-09-12T04:37:40.2871650Z       "role": "repository_owner"
2026-09-12T04:37:40.2871838Z     },
2026-09-12T04:37:40.2872023Z     "recorded_at": "2026-09-09T13:02:53Z",
2026-09-12T04:37:40.2872396Z     "evidence_sha256": "b77cf81e309d88b52bd1ed9502f39459697c0dffa16d0c87d2889c5d5ae59422",
2026-09-12T04:37:40.2872834Z     "source_commit": "30fa0c59ecd4d3d1dd1f56cd8422c6c470e45cb0",
2026-09-12T04:37:40.2873098Z     "files": {
2026-09-12T04:37:40.2873263Z       "approval": {
2026-09-12T04:37:40.2873524Z         "path": "verification/wp11/v1.3.0/approvals/approval.json",
2026-09-12T04:37:40.2873790Z         "bytes": 674,
2026-09-12T04:37:40.2874093Z         "sha256": "c571ce5183f7a384db60d7f23dd605bcd51545e7ac38347a7b0766c67372e3d1"
2026-09-12T04:37:40.2874391Z       },
2026-09-12T04:37:40.2874542Z       "evidence": {
2026-09-12T04:37:40.2874795Z         "path": "verification/wp11/v1.3.0/approvals/evidence.txt",
2026-09-12T04:37:40.2875050Z         "bytes": 764,
2026-09-12T04:37:40.2875338Z         "sha256": "b77cf81e309d88b52bd1ed9502f39459697c0dffa16d0c87d2889c5d5ae59422"
2026-09-12T04:37:40.2875626Z       },
2026-09-12T04:37:40.2875779Z       "receipt": {
2026-09-12T04:37:40.2876022Z         "path": "verification/wp11/v1.3.0/receipts/approved.json",
2026-09-12T04:37:40.2876277Z         "bytes": 32419,
2026-09-12T04:37:40.2876732Z         "sha256": "e596e1b18a0251f611990c9752e1d12fb36cd05dab16bf55cf96e8d1fc431f9d"
2026-09-12T04:37:40.2877031Z       }
2026-09-12T04:37:40.2877176Z     },
2026-09-12T04:37:40.2877342Z     "predecessor_manifest": {
2026-09-12T04:37:40.2877677Z       "path": "verification/wp11/v1.0.0/receipts/implementation-file-manifest.json",
2026-09-12T04:37:40.2877982Z       "bytes": 7068,
2026-09-12T04:37:40.2878281Z       "sha256": "d388972dca800318aa8ad31ddca2975c0eb3d2761fdb28e82aa7545cb76576aa"
2026-09-12T04:37:40.2878737Z     },
2026-09-12T04:37:40.2878903Z     "predecessor_receipt": {
2026-09-12T04:37:40.2879208Z       "path": "verification/wp11/v1.0.0/receipts/wp11-verification.json",
2026-09-12T04:37:40.2879485Z       "bytes": 6833,
2026-09-12T04:37:40.2879777Z       "sha256": "0e75b70dc65c3b05a324d34cbe55bb90d6a7f5b7f90bc810a0770a3a44dabf60"
2026-09-12T04:37:40.2880062Z     },
2026-09-12T04:37:40.2880215Z     "previous_successor": {
2026-09-12T04:37:40.2880486Z       "path": "verification/wp11/v1.2.0/receipts/approved.json",
2026-09-12T04:37:40.2880756Z       "bytes": 32420,
2026-09-12T04:37:40.2881051Z       "sha256": "6ff262f67687cf4166af21e7e2e2ba610158f765516e2d597b77670ac2c3a3f5",
2026-09-12T04:37:40.2881429Z       "package_id": "@ushso/wp11-verification-v1.2.0@1.2.0"
2026-09-12T04:37:40.2881682Z     },
2026-09-12T04:37:40.2881833Z     "input_bindings": {
2026-09-12T04:37:40.2882015Z       "status": "PASS",
2026-09-12T04:37:40.2882250Z       "source": "retained_historical_preimage_snapshot",
2026-09-12T04:37:40.2882583Z       "source_commit": "30fa0c59ecd4d3d1dd1f56cd8422c6c470e45cb0",
2026-09-12T04:37:40.2882871Z       "historical_file_count": 154,
2026-09-12T04:37:40.2883074Z       "total_bytes": 1347732,
2026-09-12T04:37:40.2883274Z       "unchanged_count": 154,
2026-09-12T04:37:40.2883478Z       "unique_blob_count": 154,
2026-09-12T04:37:40.2883671Z       "git_required": false,
2026-09-12T04:37:40.2883885Z       "execute_retained_sources": false,
2026-09-12T04:37:40.2884251Z       "receipt_sha256": "e596e1b18a0251f611990c9752e1d12fb36cd05dab16bf55cf96e8d1fc431f9d",
2026-09-12T04:37:40.2884735Z       "subject_sha256": "294d8b40bb5a2dbe1f55cdfde4a60205de75ee1ffe48e0108eae69aea2db0f98",
2026-09-12T04:37:40.2885300Z       "snapshot_dir": "verification/research-program/ci-attestation/wp11-v1.3.0/historical-preimage-snapshot",
2026-09-12T04:37:40.2885962Z       "inventory_path": "verification/research-program/ci-attestation/wp11-v1.3.0/historical-preimage-snapshot/inventory.json"
2026-09-12T04:37:40.2886519Z     }
2026-09-12T04:37:40.2886778Z   },
2026-09-12T04:37:40.2886924Z   "current": {
2026-09-12T04:37:40.2887128Z     "subject_kind": "wp11-technical-draft",
2026-09-12T04:37:40.2887413Z     "package_id": "@ushso/wp11-verification-v1.3.0@1.3.0",
2026-09-12T04:37:40.2887803Z     "subject_sha256": "90d886a6deb7598e10c56bf6c306b8a943a45cf60c1c159315fa05c695b3ac1f",
2026-09-12T04:37:40.2888145Z     "technical_status": "PASS",
2026-09-12T04:37:40.2888372Z     "status": "pending_authorized_review",
2026-09-12T04:37:40.2888585Z     "approval": null,
2026-09-12T04:37:40.2888813Z     "approval_status": "absent_for_current_subject",
2026-09-12T04:37:40.2889062Z     "release_gate_pass": false,
2026-09-12T04:37:40.2889249Z     "release_ready": false,
2026-09-12T04:37:40.2889479Z     "production_eligibility": false,
2026-09-12T04:37:40.2889714Z     "planner_runtime_status": "disabled",
2026-09-12T04:37:40.2889930Z     "file_count": 156
2026-09-12T04:37:40.2890087Z   },
2026-09-12T04:37:40.2890228Z   "wrapper": {
2026-09-12T04:37:40.2890454Z     "subject_kind": "wp11-current-attestation-adapter",
2026-09-12T04:37:40.2890801Z     "package_id": "@ushso/wp11-current-attestation-adapter-v1.3.0@1.3.0",
2026-09-12T04:37:40.2891236Z     "subject_sha256": "05e4430f04f849b46de23f6952babef0e63ce1f2a3441cce1e3af6ffcacf9021",
2026-09-12T04:37:40.2891576Z     "technical_status": "PASS",
2026-09-12T04:37:40.2891790Z     "status": "pending_authorized_review",
2026-09-12T04:37:40.2892000Z     "approval": null,
2026-09-12T04:37:40.2892214Z     "approval_status": "absent_for_current_subject",
2026-09-12T04:37:40.2892455Z     "release_gate_pass": false,
2026-09-12T04:37:40.2892641Z     "release_ready": false,
2026-09-12T04:37:40.2892847Z     "production_eligibility": false,
2026-09-12T04:37:40.2893054Z     "implementation_files": [
2026-09-12T04:37:40.2893236Z       {
2026-09-12T04:37:40.2893434Z         "path": "scripts/run-contract-suites.mjs",
2026-09-12T04:37:40.2893661Z         "bytes": 29025,
2026-09-12T04:37:40.2894081Z         "sha256": "3a13c51986e1cd90b530465d4e8fc30cc3763a86189d06930c4dbf6f65c5e261"
2026-09-12T04:37:40.2894387Z       },
2026-09-12T04:37:40.2894530Z       {
2026-09-12T04:37:40.2894731Z         "path": "scripts/verify-wp11-attestation.mjs",
2026-09-12T04:37:40.2894964Z         "bytes": 44237,
2026-09-12T04:37:40.2895254Z         "sha256": "8e8622fadb81c17ae545d5034f549ebe56a2bd4845144c1961412d4fe94220d6"
2026-09-12T04:37:40.2895558Z       },
2026-09-12T04:37:40.2895696Z       {
2026-09-12T04:37:40.2895891Z         "path": "tests/wp11-attestation.test.mjs",
2026-09-12T04:37:40.2896114Z         "bytes": 49118,
2026-09-12T04:37:40.2896568Z         "sha256": "8ea1b498beab7ab24689eebfdca3c89d01c2f1df1c8108e8003d10b4c7d6a549"
2026-09-12T04:37:40.2896873Z       },
2026-09-12T04:37:40.2897014Z       {
2026-09-12T04:37:40.2897381Z         "path": "verification/research-program/ci-attestation/wp11-v1.3.0/historical-preimage-reader.mjs",
2026-09-12T04:37:40.2897760Z         "bytes": 11287,
2026-09-12T04:37:40.2898055Z         "sha256": "09b946ce97065e08fb3082601363563eaffae04febc02ae63fc93d04e3b850a2"
2026-09-12T04:37:40.2898344Z       },
2026-09-12T04:37:40.2898481Z       {
2026-09-12T04:37:40.2898879Z         "path": "verification/research-program/ci-attestation/wp11-v1.3.0/historical-preimage-snapshot/inventory.json",
2026-09-12T04:37:40.2899277Z         "bytes": 41674,
2026-09-12T04:37:40.2899563Z         "sha256": "46fc584ae6b494ca562455968c14ba799970c45237479b7edadb74939cd1a000"
2026-09-12T04:37:40.2899856Z       },
2026-09-12T04:37:40.2899995Z       {
2026-09-12T04:37:40.2900369Z         "path": "verification/research-program/ci-attestation/wp11-v1.3.0/named-pre-pr005-fixture/manifest.json",
2026-09-12T04:37:40.2900751Z         "bytes": 985,
2026-09-12T04:37:40.2901048Z         "sha256": "3daf892e85452f4f289c02994769881047db090ea9acd822128ff279456de043"
2026-09-12T04:37:40.2901336Z       },
2026-09-12T04:37:40.2901475Z       {
2026-09-12T04:37:40.2901853Z         "path": "verification/research-program/ci-attestation/wp11-v1.3.0/named-pre-pr005-fixture/package-lock.json",
2026-09-12T04:37:40.2902371Z         "bytes": 134511,
2026-09-12T04:37:40.2902675Z         "sha256": "37e4a9ec1fba9ab254aa7a596e1a0e3f73919cf5358717dc6e06e0478be6b20c"
2026-09-12T04:37:40.2902964Z       },
2026-09-12T04:37:40.2903101Z       {
2026-09-12T04:37:40.2903461Z         "path": "verification/research-program/ci-attestation/wp11-v1.3.0/named-pre-pr005-fixture/package.json",
2026-09-12T04:37:40.2903843Z         "bytes": 3666,
2026-09-12T04:37:40.2904134Z         "sha256": "b6c3469c7b10ecb90114199c18c3ebb293d801b8c8a3521cb25ded2fdba8d05e"
2026-09-12T04:37:40.2904420Z       },
2026-09-12T04:37:40.2904555Z       {
2026-09-12T04:37:40.2904832Z         "path": "verification/research-program/ci-attestation/wp11-v1.3.0/policy.json",
2026-09-12T04:37:40.2905137Z         "bytes": 7871,
2026-09-12T04:37:40.2905425Z         "sha256": "7b73f8638b47b91089ac0e97dc525bbde9406551499e85b2ce126fbb490c0f17"
2026-09-12T04:37:40.2905721Z       },
2026-09-12T04:37:40.2905856Z       {
2026-09-12T04:37:40.2906174Z         "path": "verification/research-program/pr-086/pr008-lock-review-072241e/review.json",
2026-09-12T04:37:40.2906669Z         "bytes": 9360,
2026-09-12T04:37:40.2906964Z         "sha256": "a4d52b75b44f7d3340e8a91ad0dc4716ce4d513b84d18edf8b4ebca656e94b3a"
2026-09-12T04:37:40.2907355Z       }
2026-09-12T04:37:40.2907495Z     ],
2026-09-12T04:37:40.2907674Z     "historical_preimage_snapshot": {
2026-09-12T04:37:40.2908121Z       "path": "verification/research-program/ci-attestation/wp11-v1.3.0/historical-preimage-snapshot/inventory.json",
2026-09-12T04:37:40.2908521Z       "file_count": 154,
2026-09-12T04:37:40.2908704Z       "total_bytes": 1347732,
2026-09-12T04:37:40.2908972Z       "source_commit": "30fa0c59ecd4d3d1dd1f56cd8422c6c470e45cb0",
2026-09-12T04:37:40.2909386Z       "receipt_sha256": "e596e1b18a0251f611990c9752e1d12fb36cd05dab16bf55cf96e8d1fc431f9d",
2026-09-12T04:37:40.2909734Z       "execute_retained_sources": false
2026-09-12T04:37:40.2909934Z     },
2026-09-12T04:37:40.2910231Z     "historical_preimage_reader": {
2026-09-12T04:37:40.2910643Z       "path": "verification/research-program/ci-attestation/wp11-v1.3.0/historical-preimage-reader.mjs"
2026-09-12T04:37:40.2910999Z     }
2026-09-12T04:37:40.2911165Z   },
2026-09-12T04:37:40.2911335Z   "current_versus_historical": {
2026-09-12T04:37:40.2911533Z     "status": "PASS",
2026-09-12T04:37:40.2911727Z     "compared_file_count": 154,
2026-09-12T04:37:40.2911919Z     "changed_count": 21,
2026-09-12T04:37:40.2912100Z     "unchanged_count": 133,
2026-09-12T04:37:40.2912280Z     "changed": [
2026-09-12T04:37:40.2912434Z       {
2026-09-12T04:37:40.2912641Z         "path": "apps/web/src/components/FacetSidebar.tsx",
2026-09-12T04:37:40.2912905Z         "historical_bytes": 3052,
2026-09-12T04:37:40.2913271Z         "historical_sha256": "6f39c4e704b44b0a4b4de5af1fb0f3f27789beb33b172095b689c599c308160d",
2026-09-12T04:37:40.2913693Z         "historical_source": "retained_historical_preimage_snapshot",
2026-09-12T04:37:40.2913980Z         "current_bytes": 5362,
2026-09-12T04:37:40.2914325Z         "current_sha256": "840d3fb29a13a2bb7535b3fded97e20be5a305e97edd89014ac57c58da7da3b3",
2026-09-12T04:37:40.2914681Z         "current_source": "current_tree",
2026-09-12T04:37:40.2914931Z         "role": "current_unapproved_input_change"
2026-09-12T04:37:40.2915149Z       },
2026-09-12T04:37:40.2915291Z       {
2026-09-12T04:37:40.2915508Z         "path": "apps/web/src/components/ResultCard.test.ts",
2026-09-12T04:37:40.2915776Z         "historical_bytes": 2568,
2026-09-12T04:37:40.2916144Z         "historical_sha256": "16226fad7dbbb87f6ca90541fcb33366b4104d8f7324e1f2373cff8446afe06d",
2026-09-12T04:37:40.2916951Z         "historical_source": "retained_historical_preimage_snapshot",
2026-09-12T04:37:40.2917402Z         "current_bytes": 8136,
2026-09-12T04:37:40.2917954Z         "current_sha256": "f80476d8ba1a0343eaceae664b0f7aa1d4312105779b1c54cd5e2d91bbd85978",
2026-09-12T04:37:40.2918320Z         "current_source": "current_tree",
2026-09-12T04:37:40.2918583Z         "role": "current_unapproved_input_change"
2026-09-12T04:37:40.2918933Z       },
2026-09-12T04:37:40.2919078Z       {
2026-09-12T04:37:40.2919334Z         "path": "apps/web/src/components/ResultCard.tsx",
2026-09-12T04:37:40.2919702Z         "historical_bytes": 6243,
2026-09-12T04:37:40.2920062Z         "historical_sha256": "4f6c605c7e286162b494d177dceba01120d160a9205ba77588949eda87b9becb",
2026-09-12T04:37:40.2920493Z         "historical_source": "retained_historical_preimage_snapshot",
2026-09-12T04:37:40.2920778Z         "current_bytes": 6898,
2026-09-12T04:37:40.2921250Z         "current_sha256": "51f88f064f7605ae9225e457b357df2c3d609fe483de6f982758f0d786bec492",
2026-09-12T04:37:40.2921606Z         "current_source": "current_tree",
2026-09-12T04:37:40.2921854Z         "role": "current_unapproved_input_change"
2026-09-12T04:37:40.2922071Z       },
2026-09-12T04:37:40.2922210Z       {
2026-09-12T04:37:40.2922439Z         "path": "apps/web/src/data/facets.test.ts",
2026-09-12T04:37:40.2922772Z         "historical_bytes": 2749,
2026-09-12T04:37:40.2923134Z         "historical_sha256": "a54fd9fff164a131d3a6a0ceb25d846b25dad19e274352137062beb51e02dc5c",
2026-09-12T04:37:40.2923555Z         "historical_source": "retained_historical_preimage_snapshot",
2026-09-12T04:37:40.2923837Z         "current_bytes": 9931,
2026-09-12T04:37:40.2924198Z         "current_sha256": "136191e4959fcd0a286baf1b8e8cf6f3f61bf0e2128705c5fa0f4fb636d9e5b8",
2026-09-12T04:37:40.2924664Z         "current_source": "current_tree",
2026-09-12T04:37:40.2924907Z         "role": "current_unapproved_input_change"
2026-09-12T04:37:40.2925122Z       },
2026-09-12T04:37:40.2925270Z       {
2026-09-12T04:37:40.2925456Z         "path": "apps/web/src/data/facets.ts",
2026-09-12T04:37:40.2925691Z         "historical_bytes": 4045,
2026-09-12T04:37:40.2926037Z         "historical_sha256": "1faf3301244f4551a16f29ce383225483e4264270aca65d928591f475a9206c9",
2026-09-12T04:37:40.2926882Z         "historical_source": "retained_historical_preimage_snapshot",
2026-09-12T04:37:40.2927211Z         "current_bytes": 22393,
2026-09-12T04:37:40.2927563Z         "current_sha256": "b17367807d2a108c0370ce588c90b558aba2cf9c948fe0940d72afb91aaf127f",
2026-09-12T04:37:40.2927916Z         "current_source": "current_tree",
2026-09-12T04:37:40.2928278Z         "role": "current_unapproved_input_change"
2026-09-12T04:37:40.2928521Z       },
2026-09-12T04:37:40.2928662Z       {
2026-09-12T04:37:40.2928878Z         "path": "apps/web/src/lib/catalogAdapter.test.ts",
2026-09-12T04:37:40.2929143Z         "historical_bytes": 4737,
2026-09-12T04:37:40.2929496Z         "historical_sha256": "296231dce39268e55bc608dd492138adb65186a06e2819cf7a32538db31f267f",
2026-09-12T04:37:40.2930038Z         "historical_source": "retained_historical_preimage_snapshot",
2026-09-12T04:37:40.2930326Z         "current_bytes": 9499,
2026-09-12T04:37:40.2930675Z         "current_sha256": "6647d9ee262a1b9f771186915759a11c11e954fa6d3bec68b2dbde858dac4be2",
2026-09-12T04:37:40.2931030Z         "current_source": "current_tree",
2026-09-12T04:37:40.2931326Z         "role": "current_unapproved_input_change"
2026-09-12T04:37:40.2931632Z       },
2026-09-12T04:37:40.2931774Z       {
2026-09-12T04:37:40.2931977Z         "path": "apps/web/src/lib/catalogAdapter.ts",
2026-09-12T04:37:40.2932255Z         "historical_bytes": 14062,
2026-09-12T04:37:40.2932629Z         "historical_sha256": "6d5519bbb6a6d63e9cfc7ad5bdcb7c381cff6a23efd6c56a3be69ea4c3f36bda",
2026-09-12T04:37:40.2933149Z         "historical_source": "retained_historical_preimage_snapshot",
2026-09-12T04:37:40.2933477Z         "current_bytes": 16622,
2026-09-12T04:37:40.2933821Z         "current_sha256": "92e832e6ae452c1c4df6d55c51ea4421fae53c84cbd7e559fc50180d5ad2d095",
2026-09-12T04:37:40.2934180Z         "current_source": "current_tree",
2026-09-12T04:37:40.2934425Z         "role": "current_unapproved_input_change"
2026-09-12T04:37:40.2934673Z       },
2026-09-12T04:37:40.2934879Z       {
2026-09-12T04:37:40.2935134Z         "path": "apps/web/src/lib/researcherGuidance.test.tsx",
2026-09-12T04:37:40.2935533Z         "historical_bytes": 3977,
2026-09-12T04:37:40.2935892Z         "historical_sha256": "268aa7fee578fe98ce4dd8a787e03066a88c756a8a1e50f217edf23a9bfa2cf1",
2026-09-12T04:37:40.2936472Z         "historical_source": "retained_historical_preimage_snapshot",
2026-09-12T04:37:40.2936892Z         "current_bytes": 6447,
2026-09-12T04:37:40.2945386Z         "current_sha256": "4582c5b410ed4e44dd51095a6abcde4a7bfb992f2f5947169ee4736e70649f23",
2026-09-12T04:37:40.2945889Z         "current_source": "current_tree",
2026-09-12T04:37:40.2946172Z         "role": "current_unapproved_input_change"
2026-09-12T04:37:40.2946573Z       },
2026-09-12T04:37:40.2946804Z       {
2026-09-12T04:37:40.2947102Z         "path": "apps/web/src/lib/researcherGuidance.ts",
2026-09-12T04:37:40.2947504Z         "historical_bytes": 13063,
2026-09-12T04:37:40.2947928Z         "historical_sha256": "52b6964ed67bfc96f659c0bf2a071fefac7ffd847dd576ee3f13c95ae4a199fc",
2026-09-12T04:37:40.2948497Z         "historical_source": "retained_historical_preimage_snapshot",
2026-09-12T04:37:40.2948924Z         "current_bytes": 14865,
2026-09-12T04:37:40.2949405Z         "current_sha256": "bc8f67c850cdc64863e6be6b2fb6407c51f20b0448f4ee11db13762ca57748cb",
2026-09-12T04:37:40.2949782Z         "current_source": "current_tree",
2026-09-12T04:37:40.2950153Z         "role": "current_unapproved_input_change"
2026-09-12T04:37:40.2950489Z       },
2026-09-12T04:37:40.2950674Z       {
2026-09-12T04:37:40.2950992Z         "path": "apps/web/src/pages/DatasetDetailsPage.test.tsx",
2026-09-12T04:37:40.2951291Z         "historical_bytes": 1744,
2026-09-12T04:37:40.2951842Z         "historical_sha256": "ae4ba062d565fda31475e4e9733dcba97a4d4179430fe8710ac8846d1dc72b47",
2026-09-12T04:37:40.2952458Z         "historical_source": "retained_historical_preimage_snapshot",
2026-09-12T04:37:40.2952758Z         "current_bytes": 4738,
2026-09-12T04:37:40.2953455Z         "current_sha256": "d05682afa74270394f5a9b729921d906fc6ec6c5e58a742928f32f7d3eafcd72",
2026-09-12T04:37:40.2953990Z         "current_source": "current_tree",
2026-09-12T04:37:40.2954301Z         "role": "current_unapproved_input_change"
2026-09-12T04:37:40.2954651Z       },
2026-09-12T04:37:40.2954860Z       {
2026-09-12T04:37:40.2955201Z         "path": "apps/web/src/pages/DatasetDetailsPage.tsx",
2026-09-12T04:37:40.2955483Z         "historical_bytes": 25023,
2026-09-12T04:37:40.2956025Z         "historical_sha256": "856c41e52fe768ed2e9ecabf3401266f352d88f178a594f2abbb8bd97fad689b",
2026-09-12T04:37:40.2956885Z         "historical_source": "retained_historical_preimage_snapshot",
2026-09-12T04:37:40.2957359Z         "current_bytes": 25889,
2026-09-12T04:37:40.2957916Z         "current_sha256": "d9618ed05b2958158825501ac0266bb60219fe6ffda561b66a8ed910393281bd",
2026-09-12T04:37:40.2958286Z         "current_source": "current_tree",
2026-09-12T04:37:40.2958681Z         "role": "current_unapproved_input_change"
2026-09-12T04:37:40.2959016Z       },
2026-09-12T04:37:40.2959171Z       {
2026-09-12T04:37:40.2959411Z         "path": "apps/web/src/pages/SearchResultsPage.test.tsx",
2026-09-12T04:37:40.2959695Z         "historical_bytes": 5866,
2026-09-12T04:37:40.2960057Z         "historical_sha256": "e4c4ebb6181238289840e79a2e33407c537810ff0b46582360e5bab2787a2ab2",
2026-09-12T04:37:40.2960620Z         "historical_source": "retained_historical_preimage_snapshot",
2026-09-12T04:37:40.2961063Z         "current_bytes": 7102,
2026-09-12T04:37:40.2961516Z         "current_sha256": "998823e0d578e07140991750eddb6ae8268567291ede3e194df9d272322be4f1",
2026-09-12T04:37:40.2961972Z         "current_source": "current_tree",
2026-09-12T04:37:40.2962309Z         "role": "current_unapproved_input_change"
2026-09-12T04:37:40.2962649Z       },
2026-09-12T04:37:40.2962833Z       {
2026-09-12T04:37:40.2963062Z         "path": "apps/web/src/pages/SearchResultsPage.tsx",
2026-09-12T04:37:40.2963335Z         "historical_bytes": 17713,
2026-09-12T04:37:40.2963712Z         "historical_sha256": "e71521dbff99db96820b288d81df1b78ce2d4730b01a2f1c2103737c439f69e5",
2026-09-12T04:37:40.2964428Z         "historical_source": "retained_historical_preimage_snapshot",
2026-09-12T04:37:40.2964758Z         "current_bytes": 18064,
2026-09-12T04:37:40.2965264Z         "current_sha256": "33433ffd3906677fcca68d6c095528d1b0fbdd128ff6ed60d207e69a9b4febd9",
2026-09-12T04:37:40.2965715Z         "current_source": "current_tree",
2026-09-12T04:37:40.2965971Z         "role": "current_unapproved_input_change"
2026-09-12T04:37:40.2966197Z       },
2026-09-12T04:37:40.2966343Z       {
2026-09-12T04:37:40.2966749Z         "path": "apps/web/src/pages/SourcesPage.tsx",
2026-09-12T04:37:40.2967169Z         "historical_bytes": 8829,
2026-09-12T04:37:40.2967670Z         "historical_sha256": "eb9094380419a057c96cdd8858f369e3f1465ab37eda8aca1d1b12c860560419",
2026-09-12T04:37:40.2968233Z         "historical_source": "retained_historical_preimage_snapshot",
2026-09-12T04:37:40.2968527Z         "current_bytes": 9055,
2026-09-12T04:37:40.2968882Z         "current_sha256": "67309ad96fcfbb49045d6ef4584dee2b1910730a422528649fedd11fd0ceaef5",
2026-09-12T04:37:40.2969347Z         "current_source": "current_tree",
2026-09-12T04:37:40.2969598Z         "role": "current_unapproved_input_change"
2026-09-12T04:37:40.2969918Z       },
2026-09-12T04:37:40.2970091Z       {
2026-09-12T04:37:40.2970362Z         "path": "apps/web/src/providers/discoveryProvider.test.ts",
2026-09-12T04:37:40.2970747Z         "historical_bytes": 6112,
2026-09-12T04:37:40.2971117Z         "historical_sha256": "5c391acaa207299e9b671eaad7ffdccd734f1c2ed71165454a530ee90e0515c6",
2026-09-12T04:37:40.2971551Z         "historical_source": "retained_historical_preimage_snapshot",
2026-09-12T04:37:40.2971890Z         "current_bytes": 21006,
2026-09-12T04:37:40.2972297Z         "current_sha256": "dff0175c1c6e237f2011836a91380c1c20ee0d4928f24d6b73220b6100e4898b",
2026-09-12T04:37:40.2972811Z         "current_source": "current_tree",
2026-09-12T04:37:40.2973252Z         "role": "current_unapproved_input_change"
2026-09-12T04:37:40.2973475Z       },
2026-09-12T04:37:40.2973616Z       {
2026-09-12T04:37:40.2973857Z         "path": "apps/web/src/providers/discoveryProvider.ts",
2026-09-12T04:37:40.2974264Z         "historical_bytes": 21158,
2026-09-12T04:37:40.2974758Z         "historical_sha256": "38690374192000cd547ed6c1dc7f387a92862455a8f5fe271e903d080656af38",
2026-09-12T04:37:40.2975295Z         "historical_source": "retained_historical_preimage_snapshot",
2026-09-12T04:37:40.2975581Z         "current_bytes": 31942,
2026-09-12T04:37:40.2976061Z         "current_sha256": "895eb442d5dc83a078cc22f6a1c7be8af74aedccaedea89fed7fdfa349591eca",
2026-09-12T04:37:40.2976655Z         "current_source": "current_tree",
2026-09-12T04:37:40.2976919Z         "role": "current_unapproved_input_change"
2026-09-12T04:37:40.2977181Z       },
2026-09-12T04:37:40.2977390Z       {
2026-09-12T04:37:40.2977591Z         "path": "apps/web/src/types/catalog.ts",
2026-09-12T04:37:40.2977844Z         "historical_bytes": 3331,
2026-09-12T04:37:40.2978266Z         "historical_sha256": "2682a2fe806949ea39b90b52d3b288ad91e92cfe0b9d3f58291b582741b3aee6",
2026-09-12T04:37:40.2978891Z         "historical_source": "retained_historical_preimage_snapshot",
2026-09-12T04:37:40.2979196Z         "current_bytes": 4041,
2026-09-12T04:37:40.2979672Z         "current_sha256": "b6f6fdc54df7e08e71fe35d73610e372b913bfb5028850c7df7acbff94714179",
2026-09-12T04:37:40.2980036Z         "current_source": "current_tree",
2026-09-12T04:37:40.2980282Z         "role": "current_unapproved_input_change"
2026-09-12T04:37:40.2980567Z       },
2026-09-12T04:37:40.2980750Z       {
2026-09-12T04:37:40.2980947Z         "path": "apps/web/src/types/discovery.ts",
2026-09-12T04:37:40.2981279Z         "historical_bytes": 13924,
2026-09-12T04:37:40.2981828Z         "historical_sha256": "53b84d32bf5d13f5fe207dba57f310a64ef20a99603c1ac92938d8738a50d246",
2026-09-12T04:37:40.2982252Z         "historical_source": "retained_historical_preimage_snapshot",
2026-09-12T04:37:40.2982545Z         "current_bytes": 14491,
2026-09-12T04:37:40.2983143Z         "current_sha256": "3d56804e6dc368a7688216e46c3309cadf9546a48e3e44e3098e12f682c2b01a",
2026-09-12T04:37:40.2983615Z         "current_source": "current_tree",
2026-09-12T04:37:40.2983910Z         "role": "current_unapproved_input_change"
2026-09-12T04:37:40.2984198Z       },
2026-09-12T04:37:40.2984337Z       {
2026-09-12T04:37:40.2984522Z         "path": "package-lock.json",
2026-09-12T04:37:40.2984748Z         "historical_bytes": 134190,
2026-09-12T04:37:40.2985236Z         "historical_sha256": "af2070ae111bc67c397b07e33b44c1fbd15bba31b63210990068943998e1bc28",
2026-09-12T04:37:40.2985779Z         "historical_source": "retained_historical_preimage_snapshot",
2026-09-12T04:37:40.2986186Z         "current_bytes": 134907,
2026-09-12T04:37:40.2986687Z         "current_sha256": "f90550e267d390cb7fc328319f0d2cf849b76a9e52b5e83f6eefc4a045d58ec8",
2026-09-12T04:37:40.2987125Z         "current_source": "current_tree",
2026-09-12T04:37:40.2987424Z         "role": "pr008_workspace_lock_transition"
2026-09-12T04:37:40.2987701Z       },
2026-09-12T04:37:40.2987887Z       {
2026-09-12T04:37:40.2988096Z         "path": "package.json",
2026-09-12T04:37:40.2988391Z         "historical_bytes": 3555,
2026-09-12T04:37:40.2988740Z         "historical_sha256": "25874c7d9464210794bd7a1467b117ef5fc71808fdf5e34726ea65181744561c",
2026-09-12T04:37:40.2989149Z         "historical_source": "retained_historical_preimage_snapshot",
2026-09-12T04:37:40.2989430Z         "current_bytes": 3666,
2026-09-12T04:37:40.2989767Z         "current_sha256": "b6c3469c7b10ecb90114199c18c3ebb293d801b8c8a3521cb25ded2fdba8d05e",
2026-09-12T04:37:40.2990247Z         "current_source": "current_tree",
2026-09-12T04:37:40.2990495Z         "role": "reviewed_pr003_package_transition"
2026-09-12T04:37:40.2990711Z       },
2026-09-12T04:37:40.2990856Z       {
2026-09-12T04:37:40.2991091Z         "path": "packages/retrieval/tools/retrieval-core-v1.2.mjs",
2026-09-12T04:37:40.2991610Z         "historical_bytes": 41685,
2026-09-12T04:37:40.2991984Z         "historical_sha256": "5763d7687e7228d8dacdd098ed2b9a0e8e59995c0243c25719102926c2105306",
2026-09-12T04:37:40.2992401Z         "historical_source": "retained_historical_preimage_snapshot",
2026-09-12T04:37:40.2992680Z         "current_bytes": 48161,
2026-09-12T04:37:40.2993028Z         "current_sha256": "b42ef12b6efda9e10c02f8b8ef4589fb7c2bcfd1f77e38c321b15081c220d23a",
2026-09-12T04:37:40.2993468Z         "current_source": "current_tree",
2026-09-12T04:37:40.2993755Z         "role": "current_unapproved_input_change"
2026-09-12T04:37:40.2993973Z       }
2026-09-12T04:37:40.2994117Z     ],
2026-09-12T04:37:40.2994277Z     "approval": null,
2026-09-12T04:37:40.2994518Z     "current_approval_issued": false,
2026-09-12T04:37:40.2994865Z     "historical_approval_transferred": false,
2026-09-12T04:37:40.2995109Z     "combined_acceptance": false,
2026-09-12T04:37:40.2995463Z     "release_qualified": false
2026-09-12T04:37:40.2995649Z   },
2026-09-12T04:37:40.2995833Z   "builder_coverage_limits": {
2026-09-12T04:37:40.2996118Z     "historical_inventory_file_count": 154,
2026-09-12T04:37:40.2996589Z     "unpinned_legacy_builder_reads": [
2026-09-12T04:37:40.2996790Z       {
2026-09-12T04:37:40.2996963Z         "path": "worker/index.mjs",
2026-09-12T04:37:40.2997185Z         "in_sealed_inventory": false
2026-09-12T04:37:40.2997471Z       },
2026-09-12T04:37:40.2997673Z       {
2026-09-12T04:37:40.2998130Z         "path": "packages/coverage/accounting/v1.0.0/artifacts/public-coverage-view.json",
2026-09-12T04:37:40.2998653Z         "in_sealed_inventory": false
2026-09-12T04:37:40.2998846Z       },
2026-09-12T04:37:40.2998987Z       {
2026-09-12T04:37:40.2999250Z         "path": "verification/external-authorization/v1.0.0/register.json",
2026-09-12T04:37:40.2999560Z         "in_sealed_inventory": false
2026-09-12T04:37:40.2999817Z       },
2026-09-12T04:37:40.3000034Z       {
2026-09-12T04:37:40.3000257Z         "path": "packages/retrieval/corpus/records.jsonl",
2026-09-12T04:37:40.3000837Z         "in_sealed_inventory": false
2026-09-12T04:37:40.3001146Z       }
2026-09-12T04:37:40.3001318Z     ],
2026-09-12T04:37:40.3002174Z     "note": "The existing WP11 v1.3 technical builder reads these paths without listing them in technical_evidence.files. This assignment does not expand historical package scope, does not treat those reads as sealed historical pins, and does not imply full release qualification."
2026-09-12T04:37:40.3003149Z   },
2026-09-12T04:37:40.3003302Z   "boundaries": {
2026-09-12T04:37:40.3003568Z     "historical_approval_reused": false,
2026-09-12T04:37:40.3003899Z     "historical_receipt_overwritten": false,
2026-09-12T04:37:40.3004372Z     "historical_approval_applied_to_current_technical_subject": false,
2026-09-12T04:37:40.3004737Z     "historical_approval_applied_to_wrapper_subject": false,
2026-09-12T04:37:40.3005058Z     "current_approval_issued": false,
2026-09-12T04:37:40.3005423Z     "current_release_qualified": false,
2026-09-12T04:37:40.3005662Z     "production_authorized": false,
2026-09-12T04:37:40.3006010Z     "writes_approval_artifacts": false,
2026-09-12T04:37:40.3006316Z     "combined_acceptance": false
2026-09-12T04:37:40.3006693Z   }
2026-09-12T04:37:40.3006837Z }
2026-09-12T04:37:40.3474296Z 
2026-09-12T04:37:40.3474773Z [verify] verification/wp12/v1.1.0 :: test
2026-09-12T04:37:40.5606886Z 
2026-09-12T04:37:40.5607495Z > @ushso/verification-wp12-v1-1@1.1.0 test
2026-09-12T04:37:40.5607948Z > node --test tests/*.test.mjs
2026-09-12T04:37:40.5608095Z 
2026-09-12T04:37:40.5608214Z TAP version 13
2026-09-12T04:37:40.5608639Z # Subtest: successor activates exactly eight read-only inspection tools
2026-09-12T04:37:40.5609234Z ok 1 - successor activates exactly eight read-only inspection tools
2026-09-12T04:37:40.5609515Z   ---
2026-09-12T04:37:40.5609758Z   duration_ms: 3.371183
2026-09-12T04:37:40.5610036Z   type: 'test'
2026-09-12T04:37:40.5610262Z   ...
2026-09-12T04:37:40.5611120Z # Subtest: browser and Worker entry points wire the successor without caller activation overrides
2026-09-12T04:37:40.5612019Z ok 2 - browser and Worker entry points wire the successor without caller activation overrides
2026-09-12T04:37:40.5612602Z   ---
2026-09-12T04:37:40.5612811Z   duration_ms: 1.205628
2026-09-12T04:37:40.5613101Z   type: 'test'
2026-09-12T04:37:40.5613317Z   ...
2026-09-12T04:37:40.5613531Z 1..2
2026-09-12T04:37:40.5613742Z # tests 2
2026-09-12T04:37:40.5613951Z # suites 0
2026-09-12T04:37:40.5614157Z # pass 2
2026-09-12T04:37:40.5614367Z # fail 0
2026-09-12T04:37:40.5614588Z # cancelled 0
2026-09-12T04:37:40.5614825Z # skipped 0
2026-09-12T04:37:40.5615045Z # todo 0
2026-09-12T04:37:40.5615294Z # duration_ms 49.770726
2026-09-12T04:37:40.6230119Z 
2026-09-12T04:37:40.6230663Z [verify] verification/wp12/v1.1.0 :: validate
2026-09-12T04:37:40.8390019Z 
2026-09-12T04:37:40.8390559Z > @ushso/verification-wp12-v1-1@1.1.0 validate
2026-09-12T04:37:40.8391056Z > node --test tests/*.test.mjs
2026-09-12T04:37:40.8391255Z 
2026-09-12T04:37:40.8391393Z TAP version 13
2026-09-12T04:37:40.8391729Z # Subtest: successor activates exactly eight read-only inspection tools
2026-09-12T04:37:40.8392153Z ok 1 - successor activates exactly eight read-only inspection tools
2026-09-12T04:37:40.8392433Z   ---
2026-09-12T04:37:40.8392608Z   duration_ms: 3.424253
2026-09-12T04:37:40.8392787Z   type: 'test'
2026-09-12T04:37:40.8392946Z   ...
2026-09-12T04:37:40.8393322Z # Subtest: browser and Worker entry points wire the successor without caller activation overrides
2026-09-12T04:37:40.8393888Z ok 2 - browser and Worker entry points wire the successor without caller activation overrides
2026-09-12T04:37:40.8394219Z   ---
2026-09-12T04:37:40.8394379Z   duration_ms: 1.204156
2026-09-12T04:37:40.8394558Z   type: 'test'
2026-09-12T04:37:40.8394707Z   ...
2026-09-12T04:37:40.8394845Z 1..2
2026-09-12T04:37:40.8394985Z # tests 2
2026-09-12T04:37:40.8395130Z # suites 0
2026-09-12T04:37:40.8395276Z # pass 2
2026-09-12T04:37:40.8395423Z # fail 0
2026-09-12T04:37:40.8395572Z # cancelled 0
2026-09-12T04:37:40.8395963Z # skipped 0
2026-09-12T04:37:40.8396111Z # todo 0
2026-09-12T04:37:40.8396269Z # duration_ms 51.196401
2026-09-12T04:37:40.9026564Z 
2026-09-12T04:37:40.9027228Z [verify] verification/wp13/v1.0.0 :: test
2026-09-12T04:37:41.1856198Z 
2026-09-12T04:37:41.1856870Z > @ushso/verification-wp13-v1@1.0.0 test
2026-09-12T04:37:41.1857515Z > node --test --test-concurrency=1 tests/*.test.mjs
2026-09-12T04:37:41.1857795Z 
2026-09-12T04:37:41.1857874Z TAP version 13
2026-09-12T04:37:41.1858039Z # {
2026-09-12T04:37:41.1858194Z #   "ok": true,
2026-09-12T04:37:41.1858414Z #   "scope": "protected_local_candidate",
2026-09-12T04:37:41.1858717Z #   "evidence_class": "fixture_only_local_integration",
2026-09-12T04:37:41.1859004Z #   "public_enabled_routes": 0,
2026-09-12T04:37:41.1859252Z #   "projected_public_fixture_records": 2,
2026-09-12T04:37:41.1859490Z #   "sitemap_shards": 2,
2026-09-12T04:37:41.1859720Z #   "dcat3_offline_conformance": "PASS",
2026-09-12T04:37:41.1860112Z #   "artifact_seal_status": "PENDING_FINAL_RESEAL_TREE_NOT_CONFIRMED_FROZEN",
2026-09-12T04:37:41.1860466Z #   "live_provisional_artifact_seal": {
2026-09-12T04:37:41.1860779Z #     "algorithm": "sha256_of_ordered_path_and_file_sha256_rows",
2026-09-12T04:37:41.1861049Z #     "excluded": [
2026-09-12T04:37:41.1861353Z #       "verification/wp13/v1.0.0/receipts/candidate-validation.json"
2026-09-12T04:37:41.1861631Z #     ],
2026-09-12T04:37:41.1861794Z #     "file_count": 21,
2026-09-12T04:37:41.1862164Z #     "digest": "sha256:0315b16541da5b8bba2ea182cdb458a5480d978291cfd7cd3cc8fdad1d337487"
2026-09-12T04:37:41.1862485Z #   },
2026-09-12T04:37:41.1862660Z #   "runtime_file_sha256": {
2026-09-12T04:37:41.1863160Z #     "packages/web-discoverability/src/safety.mjs": "82c4ea6931b500db821238e272d8704e578955bb6f0926cf32716d08f5b0d4ef",
2026-09-12T04:37:41.1863871Z #     "packages/web-discoverability/src/projection.mjs": "7020c6e9767c77828a266c56bbe51f744a0185947bf7593ffcbc7324a8e19227",
2026-09-12T04:37:41.1864809Z #     "packages/web-discoverability/src/render.mjs": "9e7ba91ff37be30f5f60a7bcc4a9c3af4e273974a11b2ec574ff431b7855a80a",
2026-09-12T04:37:41.1865514Z #     "packages/web-discoverability/src/service.mjs": "cd41617386c5151e3a67650f7f36f7f411cd64292c5308642c18934e12affe41",
2026-09-12T04:37:41.1866217Z #     "worker/wp13-web-discoverability-candidate.mjs": "607f2fa80de7834961b99157fc8fbdb26943a2653727da37f4bf9a98a67e438e"
2026-09-12T04:37:41.1867649Z #   }
2026-09-12T04:37:41.1867802Z # }
2026-09-12T04:37:41.1868234Z # Subtest: WP13 protected candidate receipt, seal, discoverability invariants, and activation boundary validate
2026-09-12T04:37:41.1868873Z ok 1 - WP13 protected candidate receipt, seal, discoverability invariants, and activation boundary validate
2026-09-12T04:37:41.1869233Z   ---
2026-09-12T04:37:41.1869394Z   duration_ms: 66.896969
2026-09-12T04:37:41.1869662Z   type: 'test'
2026-09-12T04:37:41.1869895Z   ...
2026-09-12T04:37:41.1870034Z 1..1
2026-09-12T04:37:41.1870173Z # tests 1
2026-09-12T04:37:41.1870323Z # suites 0
2026-09-12T04:37:41.1870474Z # pass 1
2026-09-12T04:37:41.1870621Z # fail 0
2026-09-12T04:37:41.1870766Z # cancelled 0
2026-09-12T04:37:41.1870920Z # skipped 0
2026-09-12T04:37:41.1871063Z # todo 0
2026-09-12T04:37:41.1871232Z # duration_ms 110.067447
2026-09-12T04:37:41.2482127Z 
2026-09-12T04:37:41.2482825Z [verify] verification/wp13/v1.0.0 :: validate
2026-09-12T04:37:41.5232028Z 
2026-09-12T04:37:41.5232664Z > @ushso/verification-wp13-v1@1.0.0 validate
2026-09-12T04:37:41.5233200Z > node --test --test-concurrency=1 tests/*.test.mjs
2026-09-12T04:37:41.5233398Z 
2026-09-12T04:37:41.5233651Z TAP version 13
2026-09-12T04:37:41.5233942Z # {
2026-09-12T04:37:41.5234122Z #   "ok": true,
2026-09-12T04:37:41.5234545Z #   "scope": "protected_local_candidate",
2026-09-12T04:37:41.5235105Z #   "evidence_class": "fixture_only_local_integration",
2026-09-12T04:37:41.5235580Z #   "public_enabled_routes": 0,
2026-09-12T04:37:41.5236012Z #   "projected_public_fixture_records": 2,
2026-09-12T04:37:41.5237197Z #   "sitemap_shards": 2,
2026-09-12T04:37:41.5237947Z #   "dcat3_offline_conformance": "PASS",
2026-09-12T04:37:41.5238540Z #   "artifact_seal_status": "PENDING_FINAL_RESEAL_TREE_NOT_CONFIRMED_FROZEN",
2026-09-12T04:37:41.5239025Z #   "live_provisional_artifact_seal": {
2026-09-12T04:37:41.5239348Z #     "algorithm": "sha256_of_ordered_path_and_file_sha256_rows",
2026-09-12T04:37:41.5239623Z #     "excluded": [
2026-09-12T04:37:41.5239926Z #       "verification/wp13/v1.0.0/receipts/candidate-validation.json"
2026-09-12T04:37:41.5240211Z #     ],
2026-09-12T04:37:41.5240377Z #     "file_count": 21,
2026-09-12T04:37:41.5240750Z #     "digest": "sha256:0315b16541da5b8bba2ea182cdb458a5480d978291cfd7cd3cc8fdad1d337487"
2026-09-12T04:37:41.5241075Z #   },
2026-09-12T04:37:41.5241250Z #   "runtime_file_sha256": {
2026-09-12T04:37:41.5241734Z #     "packages/web-discoverability/src/safety.mjs": "82c4ea6931b500db821238e272d8704e578955bb6f0926cf32716d08f5b0d4ef",
2026-09-12T04:37:41.5242453Z #     "packages/web-discoverability/src/projection.mjs": "7020c6e9767c77828a266c56bbe51f744a0185947bf7593ffcbc7324a8e19227",
2026-09-12T04:37:41.5243158Z #     "packages/web-discoverability/src/render.mjs": "9e7ba91ff37be30f5f60a7bcc4a9c3af4e273974a11b2ec574ff431b7855a80a",
2026-09-12T04:37:41.5243866Z #     "packages/web-discoverability/src/service.mjs": "cd41617386c5151e3a67650f7f36f7f411cd64292c5308642c18934e12affe41",
2026-09-12T04:37:41.5244579Z #     "worker/wp13-web-discoverability-candidate.mjs": "607f2fa80de7834961b99157fc8fbdb26943a2653727da37f4bf9a98a67e438e"
2026-09-12T04:37:41.5244988Z #   }
2026-09-12T04:37:41.5245138Z # }
2026-09-12T04:37:41.5245558Z # Subtest: WP13 protected candidate receipt, seal, discoverability invariants, and activation boundary validate
2026-09-12T04:37:41.5246204Z ok 1 - WP13 protected candidate receipt, seal, discoverability invariants, and activation boundary validate
2026-09-12T04:37:41.5246772Z   ---
2026-09-12T04:37:41.5246931Z   duration_ms: 65.403121
2026-09-12T04:37:41.5247282Z   type: 'test'
2026-09-12T04:37:41.5247442Z   ...
2026-09-12T04:37:41.5247581Z 1..1
2026-09-12T04:37:41.5247721Z # tests 1
2026-09-12T04:37:41.5247872Z # suites 0
2026-09-12T04:37:41.5248043Z # pass 1
2026-09-12T04:37:41.5248187Z # fail 0
2026-09-12T04:37:41.5248334Z # cancelled 0
2026-09-12T04:37:41.5248495Z # skipped 0
2026-09-12T04:37:41.5248643Z # todo 0
2026-09-12T04:37:41.5248803Z # duration_ms 108.558372
2026-09-12T04:37:41.5886113Z 
2026-09-12T04:37:41.5886790Z [verify] verification/wp14/v1.1.0 :: test
2026-09-12T04:37:42.0205683Z 
2026-09-12T04:37:42.0206303Z > @ushso/verification-wp14-successor@1.1.0 test
2026-09-12T04:37:42.0207036Z > node tests/durable-transition.test.mjs && node tests/successor-attestation.test.mjs
2026-09-12T04:37:42.0207324Z 
2026-09-12T04:37:42.0207406Z TAP version 13
2026-09-12T04:37:42.0207765Z # Subtest: durable transition commits state CAS and append-only ledger in one revision
2026-09-12T04:37:42.0208282Z ok 1 - durable transition commits state CAS and append-only ledger in one revision
2026-09-12T04:37:42.0208607Z   ---
2026-09-12T04:37:42.0208775Z   duration_ms: 89.807917
2026-09-12T04:37:42.0208961Z   type: 'test'
2026-09-12T04:37:42.0209120Z   ...
2026-09-12T04:37:42.0209414Z # Subtest: stale compare-and-swap is rejected without a second append
2026-09-12T04:37:42.0209832Z ok 2 - stale compare-and-swap is rejected without a second append
2026-09-12T04:37:42.0210109Z   ---
2026-09-12T04:37:42.0210269Z   duration_ms: 2.981715
2026-09-12T04:37:42.0210448Z   type: 'test'
2026-09-12T04:37:42.0210601Z   ...
2026-09-12T04:37:42.0210938Z # Subtest: failure injection at after_prepare leaves state and ledger wholly uncommitted
2026-09-12T04:37:42.0211429Z ok 3 - failure injection at after_prepare leaves state and ledger wholly uncommitted
2026-09-12T04:37:42.0211734Z   ---
2026-09-12T04:37:42.0211884Z   duration_ms: 3.536683
2026-09-12T04:37:42.0212061Z   type: 'test'
2026-09-12T04:37:42.0212215Z   ...
2026-09-12T04:37:42.0212545Z # Subtest: failure injection at before_commit leaves state and ledger wholly uncommitted
2026-09-12T04:37:42.0213275Z ok 4 - failure injection at before_commit leaves state and ledger wholly uncommitted
2026-09-12T04:37:42.0213576Z   ---
2026-09-12T04:37:42.0213725Z   duration_ms: 2.187348
2026-09-12T04:37:42.0213889Z   type: 'test'
2026-09-12T04:37:42.0214035Z   ...
2026-09-12T04:37:42.0214333Z # Subtest: async failure-injector yield cannot interleave fixture CAS appends
2026-09-12T04:37:42.0214766Z ok 5 - async failure-injector yield cannot interleave fixture CAS appends
2026-09-12T04:37:42.0215060Z   ---
2026-09-12T04:37:42.0215214Z   duration_ms: 0.668207
2026-09-12T04:37:42.0215388Z   type: 'test'
2026-09-12T04:37:42.0215543Z   ...
2026-09-12T04:37:42.0215840Z # Subtest: fixture durability class cannot be upgraded by mutating the store
2026-09-12T04:37:42.0216270Z ok 6 - fixture durability class cannot be upgraded by mutating the store
2026-09-12T04:37:42.0216826Z   ---
2026-09-12T04:37:42.0217044Z   duration_ms: 0.204068
2026-09-12T04:37:42.0217308Z   type: 'test'
2026-09-12T04:37:42.0217462Z   ...
2026-09-12T04:37:42.0217849Z # Subtest: fixture store rejects a state history that has no durable revision
2026-09-12T04:37:42.0218521Z ok 7 - fixture store rejects a state history that has no durable revision
2026-09-12T04:37:42.0218990Z   ---
2026-09-12T04:37:42.0219183Z   duration_ms: 0.157618
2026-09-12T04:37:42.0219435Z   type: 'test'
2026-09-12T04:37:42.0219659Z   ...
2026-09-12T04:37:42.0220191Z # Subtest: event replay is rejected before a durable append and production rejects fixture durability
2026-09-12T04:37:42.0221059Z ok 8 - event replay is rejected before a durable append and production rejects fixture durability
2026-09-12T04:37:42.0221627Z   ---
2026-09-12T04:37:42.0221850Z   duration_ms: 3.202138
2026-09-12T04:37:42.0222026Z   type: 'test'
2026-09-12T04:37:42.0222228Z   ...
2026-09-12T04:37:42.0222435Z 1..8
2026-09-12T04:37:42.0222648Z # tests 8
2026-09-12T04:37:42.0222849Z # suites 0
2026-09-12T04:37:42.0223040Z # pass 8
2026-09-12T04:37:42.0223465Z # fail 0
2026-09-12T04:37:42.0223684Z # cancelled 0
2026-09-12T04:37:42.0223918Z # skipped 0
2026-09-12T04:37:42.0224143Z # todo 0
2026-09-12T04:37:42.0224379Z # duration_ms 114.64217
2026-09-12T04:37:42.0224623Z TAP version 13
2026-09-12T04:37:42.0225214Z # Subtest: successor attestation binds the authorized CAS commit and preserves historical WP14
2026-09-12T04:37:42.0225914Z ok 1 - successor attestation binds the authorized CAS commit and preserves historical WP14
2026-09-12T04:37:42.0226863Z   ---
2026-09-12T04:37:42.0227106Z   duration_ms: 29.461921
2026-09-12T04:37:42.0227293Z   type: 'test'
2026-09-12T04:37:42.0227465Z   ...
2026-09-12T04:37:42.0227904Z # Subtest: successor attestation fails closed on implementation or authorization drift
2026-09-12T04:37:42.0228522Z ok 2 - successor attestation fails closed on implementation or authorization drift
2026-09-12T04:37:42.0228898Z   ---
2026-09-12T04:37:42.0229050Z   duration_ms: 0.566694
2026-09-12T04:37:42.0229277Z   type: 'test'
2026-09-12T04:37:42.0229523Z   ...
2026-09-12T04:37:42.0229851Z # Subtest: every historical receipt and source-copy check is present and passing
2026-09-12T04:37:42.0230450Z ok 3 - every historical receipt and source-copy check is present and passing
2026-09-12T04:37:42.0230737Z   ---
2026-09-12T04:37:42.0230945Z   duration_ms: 18.091477
2026-09-12T04:37:42.0231211Z   type: 'test'
2026-09-12T04:37:42.0231366Z   ...
2026-09-12T04:37:42.0231687Z # Subtest: successor boundary retains false external authorizations and zero actions
2026-09-12T04:37:42.0232306Z ok 4 - successor boundary retains false external authorizations and zero actions
2026-09-12T04:37:42.0232599Z   ---
2026-09-12T04:37:42.0232753Z   duration_ms: 18.207351
2026-09-12T04:37:42.0233034Z   type: 'test'
2026-09-12T04:37:42.0233189Z   ...
2026-09-12T04:37:42.0233324Z 1..4
2026-09-12T04:37:42.0233467Z # tests 4
2026-09-12T04:37:42.0233693Z # suites 0
2026-09-12T04:37:42.0233878Z # pass 4
2026-09-12T04:37:42.0234020Z # fail 0
2026-09-12T04:37:42.0234170Z # cancelled 0
2026-09-12T04:37:42.0234618Z # skipped 0
2026-09-12T04:37:42.0234805Z # todo 0
2026-09-12T04:37:42.0234964Z # duration_ms 72.913264
2026-09-12T04:37:42.0828230Z 
2026-09-12T04:37:42.0828670Z [verify] verification/wp14/v1.1.0 :: validate
2026-09-12T04:37:42.2768241Z 
2026-09-12T04:37:42.2768999Z > @ushso/verification-wp14-successor@1.1.0 validate
2026-09-12T04:37:42.2769492Z > node tools/verify.mjs
2026-09-12T04:37:42.2769679Z 
2026-09-12T04:37:42.2769775Z {
2026-09-12T04:37:42.2770246Z   "schema_version": "ushso-wp14-successor-attestation-verification.v1.1.0",
2026-09-12T04:37:42.2770911Z   "status": "PASS_SUCCESSOR_ATTESTATION_BOUND_TO_F2641A3",
2026-09-12T04:37:42.2771468Z   "attested_commit": "f2641a3bfd5ae7249d0acffff883b312e4bdb077",
2026-09-12T04:37:42.2772070Z   "attested_tree": "dc80d1c0f9ff7d8c4a2a4a8beb01ed2723878675",
2026-09-12T04:37:42.2772682Z   "current_checkout_commit": "fc2f66fd7dc905957bbf0c230f9a9e439fa3a23c",
2026-09-12T04:37:42.2773174Z   "production_eligibility": false,
2026-09-12T04:37:42.2773548Z   "check_count": 24,
2026-09-12T04:37:42.2773828Z   "passed": 24,
2026-09-12T04:37:42.2774074Z   "failed": 0,
2026-09-12T04:37:42.2774315Z   "checks": [
2026-09-12T04:37:42.2774549Z     {
2026-09-12T04:37:42.2774837Z       "id": "successor-documents",
2026-09-12T04:37:42.2775149Z       "status": "pass",
2026-09-12T04:37:42.2775423Z       "details": null
2026-09-12T04:37:42.2775671Z     },
2026-09-12T04:37:42.2775878Z     {
2026-09-12T04:37:42.2776180Z       "id": "authorized-implementation-tree",
2026-09-12T04:37:42.2777018Z       "status": "pass",
2026-09-12T04:37:42.2777295Z       "details": {
2026-09-12T04:37:42.2777614Z         "expected": "dc80d1c0f9ff7d8c4a2a4a8beb01ed2723878675",
2026-09-12T04:37:42.2778118Z         "actual": "dc80d1c0f9ff7d8c4a2a4a8beb01ed2723878675"
2026-09-12T04:37:42.2778466Z       }
2026-09-12T04:37:42.2778676Z     },
2026-09-12T04:37:42.2778889Z     {
2026-09-12T04:37:42.2779223Z       "id": "authorized-implementation-is-ancestor",
2026-09-12T04:37:42.2779931Z       "status": "pass",
2026-09-12T04:37:42.2780226Z       "details": {
2026-09-12T04:37:42.2780626Z         "current_head": "fc2f66fd7dc905957bbf0c230f9a9e439fa3a23c"
2026-09-12T04:37:42.2781030Z       }
2026-09-12T04:37:42.2781239Z     },
2026-09-12T04:37:42.2781450Z     {
2026-09-12T04:37:42.2781877Z       "id": "source-blob:verification/wp14/v1.1.0/src/durable-transition.mjs",
2026-09-12T04:37:42.2782352Z       "status": "pass",
2026-09-12T04:37:42.2782626Z       "details": {
2026-09-12T04:37:42.2782991Z         "expected": "666cb37177406b48d478bcfc1958b742016bfb9b",
2026-09-12T04:37:42.2783474Z         "actual": "666cb37177406b48d478bcfc1958b742016bfb9b"
2026-09-12T04:37:42.2783861Z       }
2026-09-12T04:37:42.2784097Z     },
2026-09-12T04:37:42.2784310Z     {
2026-09-12T04:37:42.2784750Z       "id": "source-sha256:verification/wp14/v1.1.0/src/durable-transition.mjs",
2026-09-12T04:37:42.2785246Z       "status": "pass",
2026-09-12T04:37:42.2785554Z       "details": {
2026-09-12T04:37:42.2786091Z         "expected": "sha256:cfb635094d1781d7cd69715a2038bc2ac6129aae94517358932c63e05ff2cc26",
2026-09-12T04:37:42.2787086Z         "authorized": "sha256:cfb635094d1781d7cd69715a2038bc2ac6129aae94517358932c63e05ff2cc26",
2026-09-12T04:37:42.2787829Z         "successor": "sha256:cfb635094d1781d7cd69715a2038bc2ac6129aae94517358932c63e05ff2cc26"
2026-09-12T04:37:42.2788360Z       }
2026-09-12T04:37:42.2788574Z     },
2026-09-12T04:37:42.2788790Z     {
2026-09-12T04:37:42.2789246Z       "id": "source-bytes:verification/wp14/v1.1.0/src/durable-transition.mjs",
2026-09-12T04:37:42.2789709Z       "status": "pass",
2026-09-12T04:37:42.2789991Z       "details": null
2026-09-12T04:37:42.2790272Z     },
2026-09-12T04:37:42.2790491Z     {
2026-09-12T04:37:42.2790953Z       "id": "source-blob:verification/wp14/v1.1.0/tests/durable-transition.test.mjs",
2026-09-12T04:37:42.2791438Z       "status": "pass",
2026-09-12T04:37:42.2791707Z       "details": {
2026-09-12T04:37:42.2792090Z         "expected": "1bef06ce9abf3459ab3f119c21ca079798f95745",
2026-09-12T04:37:42.2792869Z         "actual": "1bef06ce9abf3459ab3f119c21ca079798f95745"
2026-09-12T04:37:42.2793246Z       }
2026-09-12T04:37:42.2793451Z     },
2026-09-12T04:37:42.2793664Z     {
2026-09-12T04:37:42.2794135Z       "id": "source-sha256:verification/wp14/v1.1.0/tests/durable-transition.test.mjs",
2026-09-12T04:37:42.2794670Z       "status": "pass",
2026-09-12T04:37:42.2794903Z       "details": {
2026-09-12T04:37:42.2795455Z         "expected": "sha256:f5687c82252646f84e2759c289388d73e2f26afde1b37a6425cb12db8317e83c",
2026-09-12T04:37:42.2796266Z         "authorized": "sha256:f5687c82252646f84e2759c289388d73e2f26afde1b37a6425cb12db8317e83c",
2026-09-12T04:37:42.2797348Z         "successor": "sha256:f5687c82252646f84e2759c289388d73e2f26afde1b37a6425cb12db8317e83c"
2026-09-12T04:37:42.2797865Z       }
2026-09-12T04:37:42.2798079Z     },
2026-09-12T04:37:42.2798304Z     {
2026-09-12T04:37:42.2798778Z       "id": "source-bytes:verification/wp14/v1.1.0/tests/durable-transition.test.mjs",
2026-09-12T04:37:42.2799284Z       "status": "pass",
2026-09-12T04:37:42.2799501Z       "details": null
2026-09-12T04:37:42.2799756Z     },
2026-09-12T04:37:42.2799971Z     {
2026-09-12T04:37:42.2800271Z       "id": "historical-v1-manifest-file",
2026-09-12T04:37:42.2800622Z       "status": "pass",
2026-09-12T04:37:42.2800888Z       "details": null
2026-09-12T04:37:42.2801136Z     },
2026-09-12T04:37:42.2801335Z     {
2026-09-12T04:37:42.2801649Z       "id": "historical-v1-package-preserved",
2026-09-12T04:37:42.2802012Z       "status": "pass",
2026-09-12T04:37:42.2802271Z       "details": null
2026-09-12T04:37:42.2802495Z     },
2026-09-12T04:37:42.2802706Z     {
2026-09-12T04:37:42.2803254Z       "id": "historical-receipt-file:verification/wp14/v1.0.0/receipts/candidate-envelope.json",
2026-09-12T04:37:42.2803843Z       "status": "pass",
2026-09-12T04:37:42.2804114Z       "details": null
2026-09-12T04:37:42.2804368Z     },
2026-09-12T04:37:42.2804588Z     {
2026-09-12T04:37:42.2805341Z       "id": "historical-receipt-digest:verification/wp14/v1.0.0/receipts/candidate-envelope.json",
2026-09-12T04:37:42.2805956Z       "status": "pass",
2026-09-12T04:37:42.2806229Z       "details": null
2026-09-12T04:37:42.2806585Z     },
2026-09-12T04:37:42.2806790Z     {
2026-09-12T04:37:42.2807362Z       "id": "historical-receipt-file:verification/wp14/v1.0.0/receipts/zero-traffic-dry-run.json",
2026-09-12T04:37:42.2807934Z       "status": "pass",
2026-09-12T04:37:42.2808168Z       "details": null
2026-09-12T04:37:42.2808415Z     },
2026-09-12T04:37:42.2808637Z     {
2026-09-12T04:37:42.2809183Z       "id": "historical-receipt-digest:verification/wp14/v1.0.0/receipts/zero-traffic-dry-run.json",
2026-09-12T04:37:42.2809753Z       "status": "pass",
2026-09-12T04:37:42.2810022Z       "details": null
2026-09-12T04:37:42.2810281Z     },
2026-09-12T04:37:42.2810508Z     {
2026-09-12T04:37:42.2811023Z       "id": "historical-receipt-file:verification/wp14/v1.0.0/receipts/wp14-verification.json",
2026-09-12T04:37:42.2811605Z       "status": "pass",
2026-09-12T04:37:42.2811882Z       "details": null
2026-09-12T04:37:42.2812147Z     },
2026-09-12T04:37:42.2812367Z     {
2026-09-12T04:37:42.2812835Z       "id": "historical-receipt-digest:verification/wp14/v1.0.0/receipts/wp14-verification.json",
2026-09-12T04:37:42.2813441Z       "status": "pass",
2026-09-12T04:37:42.2813709Z       "details": null
2026-09-12T04:37:42.2813962Z     },
2026-09-12T04:37:42.2814157Z     {
2026-09-12T04:37:42.2814459Z       "id": "successor-policy-file-binding",
2026-09-12T04:37:42.2814802Z       "status": "pass",
2026-09-12T04:37:42.2815099Z       "details": null
2026-09-12T04:37:42.2815351Z     },
2026-09-12T04:37:42.2815535Z     {
2026-09-12T04:37:42.2815846Z       "id": "successor-source-list-binding",
2026-09-12T04:37:42.2816194Z       "status": "pass",
2026-09-12T04:37:42.2816600Z       "details": null
2026-09-12T04:37:42.2816854Z     },
2026-09-12T04:37:42.2817073Z     {
2026-09-12T04:37:42.2817361Z       "id": "historical-manifest-binding",
2026-09-12T04:37:42.2817694Z       "status": "pass",
2026-09-12T04:37:42.2818222Z       "details": null
2026-09-12T04:37:42.2818470Z     },
2026-09-12T04:37:42.2818680Z     {
2026-09-12T04:37:42.2818983Z       "id": "external-authorizations-remain-false",
2026-09-12T04:37:42.2819384Z       "status": "pass",
2026-09-12T04:37:42.2819655Z       "details": {
2026-09-12T04:37:42.2819904Z         "entries": 17
2026-09-12T04:37:42.2820120Z       }
2026-09-12T04:37:42.2820354Z     },
2026-09-12T04:37:42.2820575Z     {
2026-09-12T04:37:42.2820849Z       "id": "zero-action-boundary",
2026-09-12T04:37:42.2821163Z       "status": "pass",
2026-09-12T04:37:42.2821443Z       "details": null
2026-09-12T04:37:42.2821679Z     },
2026-09-12T04:37:42.2821889Z     {
2026-09-12T04:37:42.2822159Z       "id": "not-production-eligible",
2026-09-12T04:37:42.2822498Z       "status": "pass",
2026-09-12T04:37:42.2822762Z       "details": null
2026-09-12T04:37:42.2823016Z     },
2026-09-12T04:37:42.2823231Z     {
2026-09-12T04:37:42.2823495Z       "id": "release-gate-not-executed",
2026-09-12T04:37:42.2823838Z       "status": "pass",
2026-09-12T04:37:42.2824113Z       "details": null
2026-09-12T04:37:42.2824356Z     }
2026-09-12T04:37:42.2824570Z   ],
2026-09-12T04:37:42.2824792Z   "failures": []
2026-09-12T04:37:42.2825034Z }
2026-09-12T04:37:42.3340179Z 
2026-09-12T04:37:42.3340712Z [verify] verification/program/v1.0.0 :: test
2026-09-12T04:37:42.5452290Z 
2026-09-12T04:37:42.5452867Z > @ushso/program-verification-ledger@1.0.0 test
2026-09-12T04:37:42.5453330Z > node --test tests/*.test.mjs
2026-09-12T04:37:42.5453548Z 
2026-09-12T04:37:42.5453651Z TAP version 13
2026-09-12T04:37:42.5453820Z # {
2026-09-12T04:37:42.5454210Z #   "schema_version": "ushso-program-ledger-validation.v1.0.0",
2026-09-12T04:37:42.5454568Z #   "ok": true,
2026-09-12T04:37:42.5454799Z #   "controls": 57,
2026-09-12T04:37:42.5455084Z #   "work_packages": 15,
2026-09-12T04:37:42.5455388Z #   "test_strategy_sections": 8,
2026-09-12T04:37:42.5455706Z #   "quality_gates": 9,
2026-09-12T04:37:42.5456238Z #   "migration_stages": 7,
2026-09-12T04:37:42.5456872Z #   "definition_of_done_items": 18,
2026-09-12T04:37:42.5457206Z #   "tester_requirements": 14,
2026-09-12T04:37:42.5457522Z #   "status_counts": {
2026-09-12T04:37:42.5457736Z #     "pending": 41,
2026-09-12T04:37:42.5458002Z #     "in_progress": 9,
2026-09-12T04:37:42.5458303Z #     "implemented": 5,
2026-09-12T04:37:42.5458575Z #     "verified": 2,
2026-09-12T04:37:42.5458860Z #     "pending_external_authorization": 0,
2026-09-12T04:37:42.5459171Z #     "rejected": 0
2026-09-12T04:37:42.5459414Z #   },
2026-09-12T04:37:42.5459650Z #   "errors": []
2026-09-12T04:37:42.5459837Z # }
2026-09-12T04:37:42.5460377Z # Subtest: program ledger inventories every tracked control family and preserves the product boundary
2026-09-12T04:37:42.5461296Z ok 1 - program ledger inventories every tracked control family and preserves the product boundary
2026-09-12T04:37:42.5461834Z   ---
2026-09-12T04:37:42.5462074Z   duration_ms: 4.881209
2026-09-12T04:37:42.5462335Z   type: 'test'
2026-09-12T04:37:42.5462576Z   ...
2026-09-12T04:37:42.5462720Z 1..1
2026-09-12T04:37:42.5462923Z # tests 1
2026-09-12T04:37:42.5463149Z # suites 0
2026-09-12T04:37:42.5463372Z # pass 1
2026-09-12T04:37:42.5463592Z # fail 0
2026-09-12T04:37:42.5463821Z # cancelled 0
2026-09-12T04:37:42.5474871Z # skipped 0
2026-09-12T04:37:42.5475132Z # todo 0
2026-09-12T04:37:42.5475399Z # duration_ms 44.220002
2026-09-12T04:37:42.6120844Z 
2026-09-12T04:37:42.6121299Z [verify] verification/program/v1.0.0 :: validate
2026-09-12T04:37:42.7771441Z 
2026-09-12T04:37:42.7772071Z > @ushso/program-verification-ledger@1.0.0 validate
2026-09-12T04:37:42.7772596Z > node tools/validate-ledger.mjs
2026-09-12T04:37:42.7772815Z 
2026-09-12T04:37:42.7772924Z {
2026-09-12T04:37:42.7773212Z   "schema_version": "ushso-program-ledger-validation.v1.0.0",
2026-09-12T04:37:42.7773505Z   "ok": true,
2026-09-12T04:37:42.7773674Z   "controls": 57,
2026-09-12T04:37:42.7773853Z   "work_packages": 15,
2026-09-12T04:37:42.7774089Z   "test_strategy_sections": 8,
2026-09-12T04:37:42.7774515Z   "quality_gates": 9,
2026-09-12T04:37:42.7774770Z   "migration_stages": 7,
2026-09-12T04:37:42.7775084Z   "definition_of_done_items": 18,
2026-09-12T04:37:42.7775406Z   "tester_requirements": 14,
2026-09-12T04:37:42.7775597Z   "status_counts": {
2026-09-12T04:37:42.7775772Z     "pending": 41,
2026-09-12T04:37:42.7782773Z     "in_progress": 9,
2026-09-12T04:37:42.7783057Z     "implemented": 5,
2026-09-12T04:37:42.7783329Z     "verified": 2,
2026-09-12T04:37:42.7783558Z     "pending_external_authorization": 0,
2026-09-12T04:37:42.7783783Z     "rejected": 0
2026-09-12T04:37:42.7783947Z   },
2026-09-12T04:37:42.7784097Z   "errors": []
2026-09-12T04:37:42.7784254Z }
2026-09-12T04:37:42.8433714Z 
2026-09-12T04:37:42.8434229Z [verify] verification/external-authorization/v1.1.0 :: test
2026-09-12T04:37:43.2728118Z 
2026-09-12T04:37:43.2728852Z > @ushso/external-authorization-register-successor@1.1.0 test
2026-09-12T04:37:43.2729311Z > node --test tests/*.test.mjs
2026-09-12T04:37:43.2729475Z 
2026-09-12T04:37:43.2729552Z TAP version 13
2026-09-12T04:37:43.2729924Z # Subtest: the v1.0 register is preserved and AUTH-10 is the only authorized delta
2026-09-12T04:37:43.2730647Z ok 1 - the v1.0 register is preserved and AUTH-10 is the only authorized delta
2026-09-12T04:37:43.2730986Z   ---
2026-09-12T04:37:43.2731154Z   duration_ms: 3.576912
2026-09-12T04:37:43.2731338Z   type: 'test'
2026-09-12T04:37:43.2731496Z   ...
2026-09-12T04:37:43.2731772Z # Subtest: the AUTH-10 receipt retains every prohibited boundary
2026-09-12T04:37:43.2732145Z ok 2 - the AUTH-10 receipt retains every prohibited boundary
2026-09-12T04:37:43.2732541Z   ---
2026-09-12T04:37:43.2732704Z   duration_ms: 1.540893
2026-09-12T04:37:43.2732888Z   type: 'test'
2026-09-12T04:37:43.2733040Z   ...
2026-09-12T04:37:43.2733391Z # Subtest: verification artifacts cannot claim authority denied by the effective register
2026-09-12T04:37:43.2734158Z ok 3 - verification artifacts cannot claim authority denied by the effective register
2026-09-12T04:37:43.2734649Z   ---
2026-09-12T04:37:43.2734802Z   duration_ms: 207.090361
2026-09-12T04:37:43.2734982Z   type: 'test'
2026-09-12T04:37:43.2735131Z   ...
2026-09-12T04:37:43.2735268Z 1..3
2026-09-12T04:37:43.2735412Z # tests 3
2026-09-12T04:37:43.2735565Z # suites 0
2026-09-12T04:37:43.2735715Z # pass 3
2026-09-12T04:37:43.2735923Z # fail 0
2026-09-12T04:37:43.2736125Z # cancelled 0
2026-09-12T04:37:43.2736284Z # skipped 0
2026-09-12T04:37:43.2736679Z # todo 0
2026-09-12T04:37:43.2736909Z # duration_ms 262.949761
2026-09-12T04:37:43.3349016Z 
2026-09-12T04:37:43.3349598Z [verify] verification/testing/ci/v1.4.0 :: test
2026-09-12T04:37:43.6510820Z 
2026-09-12T04:37:43.6511711Z > @ushso/ci-verification-successor-v1-4@1.4.0 test
2026-09-12T04:37:43.6512223Z > node --test tests/*.test.mjs
2026-09-12T04:37:43.6512441Z 
2026-09-12T04:37:43.6512547Z TAP version 13
2026-09-12T04:37:43.6513155Z # Subtest: v1.4 inventory retains structural discovery and locked workspace invariants
2026-09-12T04:37:43.6513991Z ok 1 - v1.4 inventory retains structural discovery and locked workspace invariants
2026-09-12T04:37:43.6514472Z   ---
2026-09-12T04:37:43.6514713Z   duration_ms: 56.185077
2026-09-12T04:37:43.6514982Z   type: 'test'
2026-09-12T04:37:43.6515208Z   ...
2026-09-12T04:37:43.6515729Z # Subtest: root chain accepts the exact PR-003 extension and rejects structural drift
2026-09-12T04:37:43.6516733Z ok 2 - root chain accepts the exact PR-003 extension and rejects structural drift
2026-09-12T04:37:43.6517200Z   ---
2026-09-12T04:37:43.6517429Z   duration_ms: 0.620115
2026-09-12T04:37:43.6517684Z   type: 'test'
2026-09-12T04:37:43.6517841Z   ...
2026-09-12T04:37:43.6518159Z # Subtest: version and hash drift are refused without editing stored evidence
2026-09-12T04:37:43.6518587Z ok 3 - version and hash drift are refused without editing stored evidence
2026-09-12T04:37:43.6518873Z   ---
2026-09-12T04:37:43.6519032Z   duration_ms: 1.1143
2026-09-12T04:37:43.6519215Z   type: 'test'
2026-09-12T04:37:43.6519594Z   ...
2026-09-12T04:37:43.6519857Z # Subtest: missing workspace inventory fails lock consistency
2026-09-12T04:37:43.6520215Z ok 4 - missing workspace inventory fails lock consistency
2026-09-12T04:37:43.6520456Z   ---
2026-09-12T04:37:43.6520611Z   duration_ms: 2.143392
2026-09-12T04:37:43.6520785Z   type: 'test'
2026-09-12T04:37:43.6520937Z   ...
2026-09-12T04:37:43.6521263Z # Subtest: predecessor remains byte-identical and v1.4 evidence stays unapproved
2026-09-12T04:37:43.6521724Z ok 5 - predecessor remains byte-identical and v1.4 evidence stays unapproved
2026-09-12T04:37:43.6522012Z   ---
2026-09-12T04:37:43.6522166Z   duration_ms: 42.719284
2026-09-12T04:37:43.6522343Z   type: 'test'
2026-09-12T04:37:43.6522496Z   ...
2026-09-12T04:37:43.6522641Z 1..5
2026-09-12T04:37:43.6522788Z # tests 5
2026-09-12T04:37:43.6522934Z # suites 0
2026-09-12T04:37:43.6523083Z # pass 5
2026-09-12T04:37:43.6523230Z # fail 0
2026-09-12T04:37:43.6523377Z # cancelled 0
2026-09-12T04:37:43.6523536Z # skipped 0
2026-09-12T04:37:43.6523694Z # todo 0
2026-09-12T04:37:43.6523855Z # duration_ms 148.689874
2026-09-12T04:37:43.7158959Z 
2026-09-12T04:37:43.7159463Z [verify] verification/testing/ci/v1.4.0 :: validate
2026-09-12T04:37:43.8561688Z {
2026-09-12T04:37:43.8562152Z   "schema_version": "ushso.ci-v14-attestation.v1.0.0",
2026-09-12T04:37:43.8562569Z   "status": "PASS",
2026-09-12T04:37:43.8562932Z   "package_id": "@ushso/ci-verification-successor-v1-4@1.4.0",
2026-09-12T04:37:43.8563210Z   "historical": {
2026-09-12T04:37:43.8563468Z     "package_id": "@ushso/ci-verification-successor-v1-3@1.3.0",
2026-09-12T04:37:43.8564060Z     "subject_sha256": "11b8c7269bf293e67690d713a9e9748b977fb3197f039cb9966e5647d05d2ccb",
2026-09-12T04:37:43.8564639Z     "approval_status": "approved_original_subject_only",
2026-09-12T04:37:43.8565029Z     "receipt_status": "approved_scoped_attestation",
2026-09-12T04:37:43.8565272Z     "reviewer": {
2026-09-12T04:37:43.8565555Z       "id": "github:176340565",
2026-09-12T04:37:43.8566101Z       "role": "repository_owner"
2026-09-12T04:37:43.8566570Z     },
2026-09-12T04:37:43.8566831Z     "recorded_at": "2026-09-09T13:02:53Z",
2026-09-12T04:37:43.8567210Z     "evidence_sha256": "a66da67cfee5c1dc4515aef9464afc222938ce27d3bc169da4393c211e8faa5e",
2026-09-12T04:37:43.8567795Z     "source_commit": "30fa0c59ecd4d3d1dd1f56cd8422c6c470e45cb0",
2026-09-12T04:37:43.8568226Z     "files": {
2026-09-12T04:37:43.8568463Z       "approval": {
2026-09-12T04:37:43.8568739Z         "path": "verification/testing/ci/v1.3.0/approvals/approval.json",
2026-09-12T04:37:43.8569085Z         "bytes": 686,
2026-09-12T04:37:43.8569756Z         "sha256": "315d0aa83399238b8e127ca3affae9e4d409fb7834e6c3d3aba6434b41b07ae0"
2026-09-12T04:37:43.8570119Z       },
2026-09-12T04:37:43.8570282Z       "evidence": {
2026-09-12T04:37:43.8570674Z         "path": "verification/testing/ci/v1.3.0/approvals/evidence.txt",
2026-09-12T04:37:43.8571017Z         "bytes": 770,
2026-09-12T04:37:43.8571505Z         "sha256": "a66da67cfee5c1dc4515aef9464afc222938ce27d3bc169da4393c211e8faa5e"
2026-09-12T04:37:43.8572109Z       },
2026-09-12T04:37:43.8572387Z       "receipt": {
2026-09-12T04:37:43.8572814Z         "path": "verification/testing/ci/v1.3.0/receipts/approved.json",
2026-09-12T04:37:43.8573276Z         "bytes": 32976,
2026-09-12T04:37:43.8573782Z         "sha256": "8013e0b4700d781a365540e046cd6ac15c8eb1999aca956b30c73591ad648d4b"
2026-09-12T04:37:43.8574385Z       }
2026-09-12T04:37:43.8574623Z     },
2026-09-12T04:37:43.8574835Z     "predecessor": {
2026-09-12T04:37:43.8575310Z       "path": "verification/testing/ci/v1.0.0/receipts/ci-integration.json",
2026-09-12T04:37:43.8575784Z       "bytes": 24148,
2026-09-12T04:37:43.8576264Z       "sha256": "6e27725cf531e1ced3d546503176af8ae4157366e97594c49ca5c9d2c18215cd"
2026-09-12T04:37:43.8576908Z     },
2026-09-12T04:37:43.8577179Z     "previous_successor": {
2026-09-12T04:37:43.8577623Z       "path": "verification/testing/ci/v1.2.0/receipts/approved.json",
2026-09-12T04:37:43.8578101Z       "bytes": 32440,
2026-09-12T04:37:43.8578784Z       "sha256": "d5f7b2d29cb6790a4b390f62a988746d8a9de6b36642c9d793179178f7d938e2"
2026-09-12T04:37:43.8579284Z     },
2026-09-12T04:37:43.8579538Z     "input_bindings": {
2026-09-12T04:37:43.8579817Z       "status": "PASS",
2026-09-12T04:37:43.8580233Z       "source_commit": "30fa0c59ecd4d3d1dd1f56cd8422c6c470e45cb0",
2026-09-12T04:37:43.8580739Z       "allowed_current_drift": [
2026-09-12T04:37:43.8581037Z         "package-lock.json",
2026-09-12T04:37:43.8581404Z         "scripts/run-contract-suites.mjs"
2026-09-12T04:37:43.8581733Z       ],
2026-09-12T04:37:43.8582002Z       "reviewed_current_inputs": [
2026-09-12T04:37:43.8582296Z         {
2026-09-12T04:37:43.8582554Z           "path": "package.json",
2026-09-12T04:37:43.8582908Z           "role": "root-package",
2026-09-12T04:37:43.8583371Z           "source_commit": "bf46d92b0e4fc91457bd3eb78aa1742ae84038f2",
2026-09-12T04:37:43.8583840Z           "historical_bytes": 3555,
2026-09-12T04:37:43.8584464Z           "historical_sha256": "25874c7d9464210794bd7a1467b117ef5fc71808fdf5e34726ea65181744561c",
2026-09-12T04:37:43.8585039Z           "current_bytes": 3666,
2026-09-12T04:37:43.8585744Z           "current_sha256": "b6c3469c7b10ecb90114199c18c3ebb293d801b8c8a3521cb25ded2fdba8d05e"
2026-09-12T04:37:43.8586297Z         },
2026-09-12T04:37:43.8586977Z         {
2026-09-12T04:37:43.8587340Z           "path": "tests/contract-package-inventory.test.mjs",
2026-09-12T04:37:43.8587826Z           "role": "root-inventory-test",
2026-09-12T04:37:43.8588268Z           "source_commit": "bf46d92b0e4fc91457bd3eb78aa1742ae84038f2",
2026-09-12T04:37:43.8588742Z           "historical_bytes": 7809,
2026-09-12T04:37:43.8589321Z           "historical_sha256": "2bdf766d6c69875160330d8bdf44fbd8d21bbfec43a9b7671c9d233e3ddc4bfa",
2026-09-12T04:37:43.8589836Z           "current_bytes": 7842,
2026-09-12T04:37:43.8590380Z           "current_sha256": "5ab3deb8457c1a66fc313011bb0d96039c90f5ae35e1e08a9d34c9ab24d6c24b"
2026-09-12T04:37:43.8591084Z         }
2026-09-12T04:37:43.8591285Z       ],
2026-09-12T04:37:43.8591522Z       "reviewed_current_transition": true,
2026-09-12T04:37:43.8592003Z       "reviewed_current_transition_state": "reviewed_current",
2026-09-12T04:37:43.8592426Z       "checked": [
2026-09-12T04:37:43.8592672Z         {
2026-09-12T04:37:43.8592993Z           "path": "verification/successor-support.mjs",
2026-09-12T04:37:43.8593408Z           "source": "implementation",
2026-09-12T04:37:43.8593781Z           "historical_bytes": 7191,
2026-09-12T04:37:43.8594389Z           "historical_sha256": "233d1008a823bbde17b1e0e415e34e630be133f2cd7d83040407e7e56ac5356c",
2026-09-12T04:37:43.8594961Z           "current_bytes": 7191,
2026-09-12T04:37:43.8595526Z           "current_sha256": "233d1008a823bbde17b1e0e415e34e630be133f2cd7d83040407e7e56ac5356c",
2026-09-12T04:37:43.8596093Z           "current_drift_allowed": false
2026-09-12T04:37:43.8596786Z         },
2026-09-12T04:37:43.8597041Z         {
2026-09-12T04:37:43.8597378Z           "path": "verification/testing/ci/v1.3.0/README.md",
2026-09-12T04:37:43.8597752Z           "source": "implementation",
2026-09-12T04:37:43.8597977Z           "historical_bytes": 316,
2026-09-12T04:37:43.8598345Z           "historical_sha256": "84b4473fc8a614821aab3390c3d0c25f68d801adf3b000a3be44e29d056b48f8",
2026-09-12T04:37:43.8598697Z           "current_bytes": 316,
2026-09-12T04:37:43.8599032Z           "current_sha256": "84b4473fc8a614821aab3390c3d0c25f68d801adf3b000a3be44e29d056b48f8",
2026-09-12T04:37:43.8599381Z           "current_drift_allowed": false
2026-09-12T04:37:43.8599579Z         },
2026-09-12T04:37:43.8599719Z         {
2026-09-12T04:37:43.8599941Z           "path": "verification/testing/ci/v1.3.0/package.json",
2026-09-12T04:37:43.8600212Z           "source": "implementation",
2026-09-12T04:37:43.8600428Z           "historical_bytes": 412,
2026-09-12T04:37:43.8600792Z           "historical_sha256": "d4acc030be30d9837c2c6fece64c6379af02ec083947303d30363cd34be2424b",
2026-09-12T04:37:43.8601143Z           "current_bytes": 412,
2026-09-12T04:37:43.8601628Z           "current_sha256": "d4acc030be30d9837c2c6fece64c6379af02ec083947303d30363cd34be2424b",
2026-09-12T04:37:43.8601979Z           "current_drift_allowed": false
2026-09-12T04:37:43.8602173Z         },
2026-09-12T04:37:43.8602318Z         {
2026-09-12T04:37:43.8602595Z           "path": "verification/testing/ci/v1.3.0/tests/ci-integration.test.mjs",
2026-09-12T04:37:43.8602919Z           "source": "implementation",
2026-09-12T04:37:43.8603148Z           "historical_bytes": 1807,
2026-09-12T04:37:43.8603521Z           "historical_sha256": "f90efebc4f2166283de1d2b5a8adb13bd2cc7fcd93a000d0b20e179fcaa6df6b",
2026-09-12T04:37:43.8603881Z           "current_bytes": 1807,
2026-09-12T04:37:43.8604233Z           "current_sha256": "f90efebc4f2166283de1d2b5a8adb13bd2cc7fcd93a000d0b20e179fcaa6df6b",
2026-09-12T04:37:43.8604601Z           "current_drift_allowed": false
2026-09-12T04:37:43.8604810Z         },
2026-09-12T04:37:43.8604959Z         {
2026-09-12T04:37:43.8605216Z           "path": "verification/testing/ci/v1.3.0/tools/ci-inventory.mjs",
2026-09-12T04:37:43.8605521Z           "source": "implementation",
2026-09-12T04:37:43.8605745Z           "historical_bytes": 13576,
2026-09-12T04:37:43.8606110Z           "historical_sha256": "543a728eb7d4874816ea470aaaccbbc1346145d4cfc93301e936788144a5f73a",
2026-09-12T04:37:43.8606630Z           "current_bytes": 13576,
2026-09-12T04:37:43.8606987Z           "current_sha256": "543a728eb7d4874816ea470aaaccbbc1346145d4cfc93301e936788144a5f73a",
2026-09-12T04:37:43.8607335Z           "current_drift_allowed": false
2026-09-12T04:37:43.8607533Z         },
2026-09-12T04:37:43.8607674Z         {
2026-09-12T04:37:43.8607933Z           "path": "verification/testing/ci/v1.3.0/tools/validate-package.mjs",
2026-09-12T04:37:43.8608238Z           "source": "implementation",
2026-09-12T04:37:43.8608456Z           "historical_bytes": 3086,
2026-09-12T04:37:43.8608929Z           "historical_sha256": "be0db8c467717488d2312360535650cdecf3700b1e671d42f9a1b88e6a03f581",
2026-09-12T04:37:43.8609288Z           "current_bytes": 3086,
2026-09-12T04:37:43.8609623Z           "current_sha256": "be0db8c467717488d2312360535650cdecf3700b1e671d42f9a1b88e6a03f581",
2026-09-12T04:37:43.8609962Z           "current_drift_allowed": false
2026-09-12T04:37:43.8610154Z         },
2026-09-12T04:37:43.8610294Z         {
2026-09-12T04:37:43.8610466Z           "path": "package.json",
2026-09-12T04:37:43.8610677Z           "role": "root-package",
2026-09-12T04:37:43.8610951Z           "source_commit": "bf46d92b0e4fc91457bd3eb78aa1742ae84038f2",
2026-09-12T04:37:43.8611217Z           "bytes": 3666,
2026-09-12T04:37:43.8611535Z           "sha256": "b6c3469c7b10ecb90114199c18c3ebb293d801b8c8a3521cb25ded2fdba8d05e",
2026-09-12T04:37:43.8611871Z           "historical_bytes": 3555,
2026-09-12T04:37:43.8612231Z           "historical_sha256": "25874c7d9464210794bd7a1467b117ef5fc71808fdf5e34726ea65181744561c",
2026-09-12T04:37:43.8612564Z           "semantic": {
2026-09-12T04:37:43.8612770Z             "chain": "pr003-root-chain",
2026-09-12T04:37:43.8612982Z             "sequence": [
2026-09-12T04:37:43.8613186Z               "npm run test:retrieval",
2026-09-12T04:37:43.8613414Z               "npm run test:web",
2026-09-12T04:37:43.8613626Z               "npm run test:worker",
2026-09-12T04:37:43.8613863Z               "npm run test:research-program",
2026-09-12T04:37:43.8614104Z               "npm run test:evaluation",
2026-09-12T04:37:43.8614344Z               "npm run validate:evaluation",
2026-09-12T04:37:43.8614607Z               "npm run verify:research-navigator"
2026-09-12T04:37:43.8614832Z             ],
2026-09-12T04:37:43.8615148Z             "registered_research_program": "node --test tests/research-program/*.test.mjs"
2026-09-12T04:37:43.8615474Z           },
2026-09-12T04:37:43.8615649Z           "source": "inventory",
2026-09-12T04:37:43.8615871Z           "current_drift_allowed": true,
2026-09-12T04:37:43.8616126Z           "reviewed_current_transition": true
2026-09-12T04:37:43.8617400Z         },
2026-09-12T04:37:43.8617647Z         {
2026-09-12T04:37:43.8617944Z           "path": "package-lock.json",
2026-09-12T04:37:43.8618303Z           "source": "inventory",
2026-09-12T04:37:43.8618672Z           "historical_bytes": 134190,
2026-09-12T04:37:43.8619337Z           "historical_sha256": "af2070ae111bc67c397b07e33b44c1fbd15bba31b63210990068943998e1bc28",
2026-09-12T04:37:43.8619960Z           "current_bytes": 134907,
2026-09-12T04:37:43.8620568Z           "current_sha256": "f90550e267d390cb7fc328319f0d2cf849b76a9e52b5e83f6eefc4a045d58ec8",
2026-09-12T04:37:43.8621158Z           "current_drift_allowed": true
2026-09-12T04:37:43.8621494Z         },
2026-09-12T04:37:43.8621723Z         {
2026-09-12T04:37:43.8621918Z           "path": ".nvmrc",
2026-09-12T04:37:43.8622244Z           "source": "inventory",
2026-09-12T04:37:43.8622579Z           "historical_bytes": 8,
2026-09-12T04:37:43.8623176Z           "historical_sha256": "e1677620f62097e30fac6695180333d8eb9ead4fe5b1d1d6e01b76e049780059",
2026-09-12T04:37:43.8623737Z           "current_bytes": 8,
2026-09-12T04:37:43.8624260Z           "current_sha256": "e1677620f62097e30fac6695180333d8eb9ead4fe5b1d1d6e01b76e049780059",
2026-09-12T04:37:43.8624876Z           "current_drift_allowed": false
2026-09-12T04:37:43.8625207Z         },
2026-09-12T04:37:43.8625426Z         {
2026-09-12T04:37:43.8625720Z           "path": ".github/workflows/ci.yml",
2026-09-12T04:37:43.8626125Z           "source": "inventory",
2026-09-12T04:37:43.8626563Z           "historical_bytes": 1514,
2026-09-12T04:37:43.8627190Z           "historical_sha256": "7f8a7cadc6d6b4b974cf3014a3df68fd3a18671304244cb31a08f87200e330fc",
2026-09-12T04:37:43.8627782Z           "current_bytes": 1514,
2026-09-12T04:37:43.8628373Z           "current_sha256": "7f8a7cadc6d6b4b974cf3014a3df68fd3a18671304244cb31a08f87200e330fc",
2026-09-12T04:37:43.8628961Z           "current_drift_allowed": false
2026-09-12T04:37:43.8629289Z         },
2026-09-12T04:37:43.8629701Z         {
2026-09-12T04:37:43.8630051Z           "path": "scripts/run-contract-suites.mjs",
2026-09-12T04:37:43.8630455Z           "source": "inventory",
2026-09-12T04:37:43.8630799Z           "historical_bytes": 23034,
2026-09-12T04:37:43.8631418Z           "historical_sha256": "acfa8900758bbba0f72e0c1bb0374b6f1b55e6b40d4a8b254218b60e5c41b596",
2026-09-12T04:37:43.8632024Z           "current_bytes": 29025,
2026-09-12T04:37:43.8632612Z           "current_sha256": "3a13c51986e1cd90b530465d4e8fc30cc3763a86189d06930c4dbf6f65c5e261",
2026-09-12T04:37:43.8633198Z           "current_drift_allowed": true
2026-09-12T04:37:43.8633526Z         },
2026-09-12T04:37:43.8633745Z         {
2026-09-12T04:37:43.8634118Z           "path": "tests/contract-package-inventory.test.mjs",
2026-09-12T04:37:43.8634573Z           "role": "root-inventory-test",
2026-09-12T04:37:43.8635030Z           "source_commit": "bf46d92b0e4fc91457bd3eb78aa1742ae84038f2",
2026-09-12T04:37:43.8635456Z           "bytes": 7842,
2026-09-12T04:37:43.8635961Z           "sha256": "5ab3deb8457c1a66fc313011bb0d96039c90f5ae35e1e08a9d34c9ab24d6c24b",
2026-09-12T04:37:43.8636671Z           "historical_bytes": 7809,
2026-09-12T04:37:43.8637326Z           "historical_sha256": "2bdf766d6c69875160330d8bdf44fbd8d21bbfec43a9b7671c9d233e3ddc4bfa",
2026-09-12T04:37:43.8637916Z           "semantic": {
2026-09-12T04:37:43.8639352Z             "sequence_assertion": "assert.equal(rootPackage.scripts.test, 'npm run test:retrieval && npm run test:web && npm run test:worker && npm run test:research-program && npm run test:evaluation && npm run validate:evaluation && npm run verify:research-navigator')",
2026-09-12T04:37:43.8641059Z             "aggregate_assertion": "navigator aggregate count assertion",
2026-09-12T04:37:43.8641557Z             "legacy_assertions": true
2026-09-12T04:37:43.8641898Z           },
2026-09-12T04:37:43.8642174Z           "source": "inventory",
2026-09-12T04:37:43.8642544Z           "current_drift_allowed": true,
2026-09-12T04:37:43.8642976Z           "reviewed_current_transition": true
2026-09-12T04:37:43.8643508Z         },
2026-09-12T04:37:43.8643754Z         {
2026-09-12T04:37:43.8644104Z           "path": "verification/testing/ci/v1.3.0/README.md",
2026-09-12T04:37:43.8644536Z           "source": "inventory",
2026-09-12T04:37:43.8644885Z           "historical_bytes": 316,
2026-09-12T04:37:43.8645524Z           "historical_sha256": "84b4473fc8a614821aab3390c3d0c25f68d801adf3b000a3be44e29d056b48f8",
2026-09-12T04:37:43.8646125Z           "current_bytes": 316,
2026-09-12T04:37:43.8646840Z           "current_sha256": "84b4473fc8a614821aab3390c3d0c25f68d801adf3b000a3be44e29d056b48f8",
2026-09-12T04:37:43.8647451Z           "current_drift_allowed": false
2026-09-12T04:37:43.8647788Z         },
2026-09-12T04:37:43.8648016Z         {
2026-09-12T04:37:43.8648393Z           "path": "verification/testing/ci/v1.3.0/package.json",
2026-09-12T04:37:43.8648824Z           "source": "inventory",
2026-09-12T04:37:43.8649197Z           "historical_bytes": 412,
2026-09-12T04:37:43.8649825Z           "historical_sha256": "d4acc030be30d9837c2c6fece64c6379af02ec083947303d30363cd34be2424b",
2026-09-12T04:37:43.8650445Z           "current_bytes": 412,
2026-09-12T04:37:43.8650975Z           "current_sha256": "d4acc030be30d9837c2c6fece64c6379af02ec083947303d30363cd34be2424b",
2026-09-12T04:37:43.8651593Z           "current_drift_allowed": false
2026-09-12T04:37:43.8651932Z         },
2026-09-12T04:37:43.8652163Z         {
2026-09-12T04:37:43.8652621Z           "path": "verification/testing/ci/v1.3.0/tests/ci-integration.test.mjs",
2026-09-12T04:37:43.8653165Z           "source": "inventory",
2026-09-12T04:37:43.8653528Z           "historical_bytes": 1807,
2026-09-12T04:37:43.8654184Z           "historical_sha256": "f90efebc4f2166283de1d2b5a8adb13bd2cc7fcd93a000d0b20e179fcaa6df6b",
2026-09-12T04:37:43.8654825Z           "current_bytes": 1807,
2026-09-12T04:37:43.8655422Z           "current_sha256": "f90efebc4f2166283de1d2b5a8adb13bd2cc7fcd93a000d0b20e179fcaa6df6b",
2026-09-12T04:37:43.8656253Z           "current_drift_allowed": false
2026-09-12T04:37:43.8656709Z         },
2026-09-12T04:37:43.8656975Z         {
2026-09-12T04:37:43.8657372Z           "path": "verification/testing/ci/v1.3.0/tools/ci-inventory.mjs",
2026-09-12T04:37:43.8657780Z           "source": "inventory",
2026-09-12T04:37:43.8657995Z           "historical_bytes": 13576,
2026-09-12T04:37:43.8658361Z           "historical_sha256": "543a728eb7d4874816ea470aaaccbbc1346145d4cfc93301e936788144a5f73a",
2026-09-12T04:37:43.8658717Z           "current_bytes": 13576,
2026-09-12T04:37:43.8659123Z           "current_sha256": "543a728eb7d4874816ea470aaaccbbc1346145d4cfc93301e936788144a5f73a",
2026-09-12T04:37:43.8659716Z           "current_drift_allowed": false
2026-09-12T04:37:43.8660044Z         },
2026-09-12T04:37:43.8660266Z         {
2026-09-12T04:37:43.8660720Z           "path": "verification/testing/ci/v1.3.0/tools/validate-package.mjs",
2026-09-12T04:37:43.8661119Z           "source": "inventory",
2026-09-12T04:37:43.8661471Z           "historical_bytes": 3086,
2026-09-12T04:37:43.8662103Z           "historical_sha256": "be0db8c467717488d2312360535650cdecf3700b1e671d42f9a1b88e6a03f581",
2026-09-12T04:37:43.8662705Z           "current_bytes": 3086,
2026-09-12T04:37:43.8663283Z           "current_sha256": "be0db8c467717488d2312360535650cdecf3700b1e671d42f9a1b88e6a03f581",
2026-09-12T04:37:43.8663943Z           "current_drift_allowed": false
2026-09-12T04:37:43.8664266Z         }
2026-09-12T04:37:43.8664492Z       ]
2026-09-12T04:37:43.8664720Z     }
2026-09-12T04:37:43.8664951Z   },
2026-09-12T04:37:43.8665172Z   "current": {
2026-09-12T04:37:43.8665705Z     "subject_sha256": "735eae6a3558b2284001f4cf4780408655cca8f19ff0f514ee552c48bdbf02a3",
2026-09-12T04:37:43.8666303Z     "technical_status": "PASS",
2026-09-12T04:37:43.8666769Z     "status": "pending_authorized_review",
2026-09-12T04:37:43.8667126Z     "approval": null,
2026-09-12T04:37:43.8667487Z     "approval_status": "absent_for_current_subject",
2026-09-12T04:37:43.8667908Z     "release_gate_pass": false,
2026-09-12T04:37:43.8668356Z     "release_ready": false,
2026-09-12T04:37:43.8668723Z     "production_eligibility": false,
2026-09-12T04:37:43.8669098Z     "implementation_file_count": 8,
2026-09-12T04:37:43.8669544Z     "current_verifier_in_implementation_inventory": true
2026-09-12T04:37:43.8669932Z   },
2026-09-12T04:37:43.8670105Z   "boundaries": {
2026-09-12T04:37:43.8670440Z     "historical_approval_reused": false,
2026-09-12T04:37:43.8670791Z     "historical_receipt_overwritten": false,
2026-09-12T04:37:43.8671202Z     "current_approval_issued": false,
2026-09-12T04:37:43.8671594Z     "current_release_qualified": false,
2026-09-12T04:37:43.8671972Z     "production_authorized": false,
2026-09-12T04:37:43.8672347Z     "structural_inventory_only": true
2026-09-12T04:37:43.8672672Z   }
2026-09-12T04:37:43.8672889Z }
2026-09-12T04:37:43.9162835Z 
2026-09-12T04:37:43.9163534Z Verified 33 package suites with live authoritative-source requests forbidden.
2026-09-12T04:37:43.9408566Z Post job cleanup.
2026-09-12T04:37:44.0504951Z [command]/usr/bin/tar --posix -cf cache.tzst --exclude cache.tzst -P -C /home/runner/work/ushso/ushso --files-from manifest.txt --use-compress-program zstdmt
2026-09-12T04:37:45.2817695Z Sent 94044160 of 121898346 (77.1%), 89.6 MBs/sec
2026-09-12T04:37:46.0124606Z Sent 121898346 of 121898346 (100.0%), 67.0 MBs/sec
2026-09-12T04:37:46.1478394Z Cache saved with the key: node-cache-Linux-x64-npm-1a2ac516ba50235e7ef74bb48f37377113e1f240e0527e53ef66856eeec9edca
2026-09-12T04:37:46.1629381Z Post job cleanup.
2026-09-12T04:37:46.2315453Z [command]/usr/bin/git version
2026-09-12T04:37:46.2352546Z git version 2.55.0
2026-09-12T04:37:46.2379555Z Temporarily overriding HOME='/home/runner/work/_temp/d1597d32-729b-40b9-97fe-8b7a84fd30aa' before making global git config changes
2026-09-12T04:37:46.2380684Z Adding repository directory to the temporary git global config as a safe directory
2026-09-12T04:37:46.2384072Z [command]/usr/bin/git config --global --add safe.directory /home/runner/work/ushso/ushso
2026-09-12T04:37:46.2409942Z Removing SSH command configuration
2026-09-12T04:37:46.2414839Z [command]/usr/bin/git config --local --name-only --get-regexp core\.sshCommand
2026-09-12T04:37:46.2444108Z [command]/usr/bin/git submodule foreach --recursive sh -c "git config --local --name-only --get-regexp 'core\.sshCommand' && git config --local --unset-all 'core.sshCommand' || :"
2026-09-12T04:37:46.2672663Z Removing HTTP extra header
2026-09-12T04:37:46.2673503Z [command]/usr/bin/git config --local --name-only --get-regexp http\.https\:\/\/github\.com\/\.extraheader
2026-09-12T04:37:46.2703380Z [command]/usr/bin/git submodule foreach --recursive sh -c "git config --local --name-only --get-regexp 'http\.https\:\/\/github\.com\/\.extraheader' && git config --local --unset-all 'http.https://github.com/.extraheader' || :"
2026-09-12T04:37:46.2913583Z Removing includeIf entries pointing to credentials config files
2026-09-12T04:37:46.2921945Z [command]/usr/bin/git config --local --name-only --get-regexp ^includeIf\.gitdir:
2026-09-12T04:37:46.2959700Z [command]/usr/bin/git submodule foreach --recursive git config --local --show-origin --name-only --get-regexp remote.origin.url
2026-09-12T04:37:46.3283939Z Cleaning up orphan processes
